[     267ms] [WARNING] [LaunchDarkly] Error on stream connection: {"isTrusted":true}, will continue retrying after 713 milliseconds. @ https://runtime-assets.adalo.com/static/js/main.79e9a9ca.js:1
[     904ms] [WARNING] No deep link configuration found for alias "honeycombicp" @ https://runtime-assets.adalo.com/static/js/main.79e9a9ca.js:1
[   16681ms] [WARNING] Animated: `useNativeDriver` is not supported because the native animated module is missing. Falling back to JS-based animation. To resolve this, add `RCTAnimation` module to this app, or remove `useNativeDriver`. Make sure to run `bundle exec pod install` first. Read more about autolinking: https://github.com/react-native-community/cli/blob/master/docs/autolinking.md @ https://runtime-assets.adalo.com/static/js/main.79e9a9ca.js:1
[   19111ms] [WARNING] SKIPPING ERRONEOUS DEPENDENCY Error: Selector failed: {"type":"SELECT_VALUE_SELECTOR","selectObjectId":"3bmmor6uwgy9d932vmz7r1pag"}
    at G (https://runtime-assets.adalo.com/static/js/main.79e9a9ca.js:2:468532)
    at t.getDependencies (https://runtime-assets.adalo.com/static/js/main.79e9a9ca.js:2:467260)
    at J._getDependenciesWithoutTracing (https://runtime-assets.adalo.com/static/js/main.79e9a9ca.js:2:297148)
    at J.getDependencies (https://runtime-assets.adalo.com/static/js/main.79e9a9ca.js:2:594920)
    at J._setupWithoutTracing (https://runtime-assets.adalo.com/static/js/main.79e9a9ca.js:2:299863)
    at J.setup (https://runtime-assets.adalo.com/static/js/main.79e9a9ca.js:2:300624) {"id":"02o8nb343950hbjoqc2inwpre","type":"binding","label":"Lead_Score","source":{"type":"field","source":{"type":"data","tableId":"t_61ne992eubatuoqw8vephoi4k","dataType":"object","selector":{"type":"SELECT_VALUE_SELECTOR","selectObjectId":"3bmmor6uwgy9d932vmz7r1pag"},"datasourceId":"a1ab1856443b44fcbe8d838f7fcfa88b"},"fieldId":"Lead_Score","dataType":"text"},"bindingType":"libraryProp","childBindings":[],"siblingBindings":["7dreyduxg9ir4u4rhkd7kr07o","ayotx6lhqnky41mxfo2kjmf1m","4dp782249h0711rfptxmxnusd","4mvcbyyuliu16qctjhix48n3p","8go2kx093yc9aq84obz0drpbn","3seiwl38vg3mupppxfl22pc9l","3fe5qxnpwys9a38imtxg72rs6","8emt3wss18kxafeq3ky4i6bnv","61ynvdvadst0xiqxwh6qaf0ig","auo12ynqkhthr6wafsoiivcz9","eqsrvb46v1cwfz2kmkzlw3f83","b3s4hvzs0o1qnb29akq9x4ccy","8kvegdbaklcu0jsi56tpdlt4o","5nzi2adqdpyyqy5v1izrzohw1","92qxmmj03fcllsv5o3tf9kbhw","bt2sevpq7gr4l9nk2rs6x7bpf","bycnteo1nswgjajhmvbmo3nh0","0421zdtq1ubjapbkyvh3k699z","5ukthu1xzlli7nf8gmo3665ry","3dtdyu0h8pozjs9tj5b869sy6","60d0i4jtiujjzw2vwtsafefr4","drgxhyyti591j7ksmrk6zuwnw","4dehw2mdedgcobf9zhvijl0t5","dz5zps63gbxp5myyzrc9z92pz","f0ffzw2sy8q9ba5jukhixd3a6","8t0vjvopwqyg6j0nestwt6fyh","dy623trvqq4cvdv38sr4q58cq","9iqh9rix6rw6qbk1pylpkv7w2","5o7ru0lg62b4yhz0x1oxbk2j3","5nelavgl9i8vdjqh6g50tfp93","abffcay8ga7fn36czpylhp8lt","6gxinx0kj3ihqahs05hlntgi9","ck6le21ojgx8cuq8pljec4wyb","bp046lttdgs1e7qv7c3ijlyuf","akomfad25k6xbfj6mh6iwwim0","997lxf1t87ur1ffizgl83e9zz","dje2eg4fju391wdgbe5u6clx6","94tk5zsodvhvlgqhjfqu4skzr","62xgbll0f89svjorj65mjmsyb","5csyxiashddwlojgulpgdxm6b","audbvo0lbv6sbeqatgtmjtaic","e2kigyvlciwvg85n1esrwbqry","alz9018ekdkr5er2836gqrbxb","29h77ojxav0qjkh8euoq88b4r","0hjln8c8nsca49gpugfxfz18g","2cl5ozyjiqfue0bzwys9s1ro3","emxx4s2lpt160v4dqsvsgz9ap","4w0meq26guhjxm1ml1ubil4b4"]} @ https://runtime-assets.adalo.com/static/js/main.79e9a9ca.js:1
[   19114ms] [WARNING] SKIPPING ERRONEOUS DEPENDENCY Error: Selector failed: {"type":"CURRENT_USER_SELECTOR"}
    at G (https://runtime-assets.adalo.com/static/js/main.79e9a9ca.js:2:468532)
    at t.getDependencies (https://runtime-assets.adalo.com/static/js/main.79e9a9ca.js:2:467260)
    at J._getDependenciesWithoutTracing (https://runtime-assets.adalo.com/static/js/main.79e9a9ca.js:2:297148)
    at J.getDependencies (https://runtime-assets.adalo.com/static/js/main.79e9a9ca.js:2:594920)
    at J._setupWithoutTracing (https://runtime-assets.adalo.com/static/js/main.79e9a9ca.js:2:299863)
    at J.setup (https://runtime-assets.adalo.com/static/js/main.79e9a9ca.js:2:300624) {"id":"7dreyduxg9ir4u4rhkd7kr07o","type":"binding","label":"name","source":{"type":"field","source":{"type":"data","source":null,"tableId":"t_80c852bba70544a6a98079124dfc8e10","dataType":"object","selector":{"type":"CURRENT_USER_SELECTOR"},"datasourceId":"4dba133b22784a13b18b1a791cfdd211"},"fieldId":"name","dataType":"text"},"bindingType":"libraryProp","childBindings":[],"siblingBindings":["ayotx6lhqnky41mxfo2kjmf1m","4dp782249h0711rfptxmxnusd","4mvcbyyuliu16qctjhix48n3p","8go2kx093yc9aq84obz0drpbn","3seiwl38vg3mupppxfl22pc9l","3fe5qxnpwys9a38imtxg72rs6","8emt3wss18kxafeq3ky4i6bnv","61ynvdvadst0xiqxwh6qaf0ig","auo12ynqkhthr6wafsoiivcz9","eqsrvb46v1cwfz2kmkzlw3f83","b3s4hvzs0o1qnb29akq9x4ccy","8kvegdbaklcu0jsi56tpdlt4o","5nzi2adqdpyyqy5v1izrzohw1","92qxmmj03fcllsv5o3tf9kbhw","bt2sevpq7gr4l9nk2rs6x7bpf","bycnteo1nswgjajhmvbmo3nh0","0421zdtq1ubjapbkyvh3k699z","5ukthu1xzlli7nf8gmo3665ry","3dtdyu0h8pozjs9tj5b869sy6","60d0i4jtiujjzw2vwtsafefr4","drgxhyyti591j7ksmrk6zuwnw","4dehw2mdedgcobf9zhvijl0t5","dz5zps63gbxp5myyzrc9z92pz","f0ffzw2sy8q9ba5jukhixd3a6","8t0vjvopwqyg6j0nestwt6fyh","02o8nb343950hbjoqc2inwpre","dy623trvqq4cvdv38sr4q58cq","9iqh9rix6rw6qbk1pylpkv7w2","5o7ru0lg62b4yhz0x1oxbk2j3","5nelavgl9i8vdjqh6g50tfp93","abffcay8ga7fn36czpylhp8lt","6gxinx0kj3ihqahs05hlntgi9","ck6le21ojgx8cuq8pljec4wyb","bp046lttdgs1e7qv7c3ijlyuf","akomfad25k6xbfj6mh6iwwim0","997lxf1t87ur1ffizgl83e9zz","dje2eg4fju391wdgbe5u6clx6","94tk5zsodvhvlgqhjfqu4skzr","62xgbll0f89svjorj65mjmsyb","5csyxiashddwlojgulpgdxm6b","audbvo0lbv6sbeqatgtmjtaic","e2kigyvlciwvg85n1esrwbqry","alz9018ekdkr5er2836gqrbxb","29h77ojxav0qjkh8euoq88b4r","0hjln8c8nsca49gpugfxfz18g","2cl5ozyjiqfue0bzwys9s1ro3","emxx4s2lpt160v4dqsvsgz9ap","4w0meq26guhjxm1ml1ubil4b4"]} @ https://runtime-assets.adalo.com/static/js/main.79e9a9ca.js:1
[   19115ms] [WARNING] SKIPPING ERRONEOUS DEPENDENCY Error: Selector failed: {"type":"SELECT_VALUE_SELECTOR","selectObjectId":"7w4vqjjkneryup0qx6nyd5sox"}
    at G (https://runtime-assets.adalo.com/static/js/main.79e9a9ca.js:2:468532)
    at t.getDependencies (https://runtime-assets.adalo.com/static/js/main.79e9a9ca.js:2:467260)
    at J._getDependenciesWithoutTracing (https://runtime-assets.adalo.com/static/js/main.79e9a9ca.js:2:297148)
    at J.getDependencies (https://runtime-assets.adalo.com/static/js/main.79e9a9ca.js:2:594920)
    at J._setupWithoutTracing (https://runtime-assets.adalo.com/static/js/main.79e9a9ca.js:2:299863)
    at J.setup (https://runtime-assets.adalo.com/static/js/main.79e9a9ca.js:2:300624) {"id":"9iqh9rix6rw6qbk1pylpkv7w2","type":"binding","label":"ID","format":{"type":"commas"},"source":{"type":"field","source":{"type":"data","tableId":"t_5idhcbl2zu1px4fff99qt26gw","dataType":"object","selector":{"type":"SELECT_VALUE_SELECTOR","selectObjectId":"7w4vqjjkneryup0qx6nyd5sox"},"datasourceId":"a1ab1856443b44fcbe8d838f7fcfa88b"},"fieldId":"id","dataType":"number"},"bindingType":"libraryProp","childBindings":[],"siblingBindings":["7dreyduxg9ir4u4rhkd7kr07o","ayotx6lhqnky41mxfo2kjmf1m","4dp782249h0711rfptxmxnusd","4mvcbyyuliu16qctjhix48n3p","8go2kx093yc9aq84obz0drpbn","3seiwl38vg3mupppxfl22pc9l","3fe5qxnpwys9a38imtxg72rs6","8emt3wss18kxafeq3ky4i6bnv","61ynvdvadst0xiqxwh6qaf0ig","auo12ynqkhthr6wafsoiivcz9","eqsrvb46v1cwfz2kmkzlw3f83","b3s4hvzs0o1qnb29akq9x4ccy","8kvegdbaklcu0jsi56tpdlt4o","5nzi2adqdpyyqy5v1izrzohw1","92qxmmj03fcllsv5o3tf9kbhw","bt2sevpq7gr4l9nk2rs6x7bpf","bycnteo1nswgjajhmvbmo3nh0","0421zdtq1ubjapbkyvh3k699z","5ukthu1xzlli7nf8gmo3665ry","3dtdyu0h8pozjs9tj5b869sy6","60d0i4jtiujjzw2vwtsafefr4","drgxhyyti591j7ksmrk6zuwnw","4dehw2mdedgcobf9zhvijl0t5","dz5zps63gbxp5myyzrc9z92pz","f0ffzw2sy8q9ba5jukhixd3a6","8t0vjvopwqyg6j0nestwt6fyh","02o8nb343950hbjoqc2inwpre","dy623trvqq4cvdv38sr4q58cq","5o7ru0lg62b4yhz0x1oxbk2j3","5nelavgl9i8vdjqh6g50tfp93","abffcay8ga7fn36czpylhp8lt","6gxinx0kj3ihqahs05hlntgi9","ck6le21ojgx8cuq8pljec4wyb","bp046lttdgs1e7qv7c3ijlyuf","akomfad25k6xbfj6mh6iwwim0","997lxf1t87ur1ffizgl83e9zz","dje2eg4fju391wdgbe5u6clx6","94tk5zsodvhvlgqhjfqu4skzr","62xgbll0f89svjorj65mjmsyb","5csyxiashddwlojgulpgdxm6b","audbvo0lbv6sbeqatgtmjtaic","e2kigyvlciwvg85n1esrwbqry","alz9018ekdkr5er2836gqrbxb","29h77ojxav0qjkh8euoq88b4r","0hjln8c8nsca49gpugfxfz18g","2cl5ozyjiqfue0bzwys9s1ro3","emxx4s2lpt160v4dqsvsgz9ap","4w0meq26guhjxm1ml1ubil4b4"]} @ https://runtime-assets.adalo.com/static/js/main.79e9a9ca.js:1
[   19116ms] [WARNING] SKIPPING ERRONEOUS DEPENDENCY Error: Selector failed: {"type":"SELECT_VALUE_SELECTOR","selectObjectId":"1d1eqqw7ub6ghlz5ltyfykwui"}
    at G (https://runtime-assets.adalo.com/static/js/main.79e9a9ca.js:2:468532)
    at t.getDependencies (https://runtime-assets.adalo.com/static/js/main.79e9a9ca.js:2:467260)
    at J._getDependenciesWithoutTracing (https://runtime-assets.adalo.com/static/js/main.79e9a9ca.js:2:297148)
    at J.getDependencies (https://runtime-assets.adalo.com/static/js/main.79e9a9ca.js:2:594920)
    at J._setupWithoutTracing (https://runtime-assets.adalo.com/static/js/main.79e9a9ca.js:2:299863)
    at J.setup (https://runtime-assets.adalo.com/static/js/main.79e9a9ca.js:2:300624) {"id":"5784tdv70verd4m24w9964bg7","type":"binding","label":"conference_name","source":{"type":"field","source":{"type":"data","tableId":"t_5fi9vn22j1ibyg3p7mizk8hlm","dataType":"object","selector":{"type":"SELECT_VALUE_SELECTOR","selectObjectId":"1d1eqqw7ub6ghlz5ltyfykwui"},"datasourceId":"a1ab1856443b44fcbe8d838f7fcfa88b"},"fieldId":"conference_name","dataType":"text"},"bindingType":"libraryProp"} @ https://runtime-assets.adalo.com/static/js/main.79e9a9ca.js:1
[   19116ms] [WARNING] SKIPPING ERRONEOUS DEPENDENCY Error: Selector failed: {"type":"SELECT_VALUE_SELECTOR","selectObjectId":"1d1eqqw7ub6ghlz5ltyfykwui"}
    at G (https://runtime-assets.adalo.com/static/js/main.79e9a9ca.js:2:468532)
    at t.getDependencies (https://runtime-assets.adalo.com/static/js/main.79e9a9ca.js:2:467260)
    at J._getDependenciesWithoutTracing (https://runtime-assets.adalo.com/static/js/main.79e9a9ca.js:2:297148)
    at J.getDependencies (https://runtime-assets.adalo.com/static/js/main.79e9a9ca.js:2:594920)
    at J._setupWithoutTracing (https://runtime-assets.adalo.com/static/js/main.79e9a9ca.js:2:299863)
    at J.setup (https://runtime-assets.adalo.com/static/js/main.79e9a9ca.js:2:300624) {"id":"2eo1n1hgrwy23q7u805um8qid","type":"binding","format":{"type":"commas"},"source":{"type":"field","source":{"type":"data","tableId":"t_5fi9vn22j1ibyg3p7mizk8hlm","dataType":"object","selector":{"type":"SELECT_VALUE_SELECTOR","selectObjectId":"1d1eqqw7ub6ghlz5ltyfykwui"},"datasourceId":"a1ab1856443b44fcbe8d838f7fcfa88b"},"fieldId":"rawconferencelist_id","dataType":"number"},"bindingType":"libraryProp"} @ https://runtime-assets.adalo.com/static/js/main.79e9a9ca.js:1
[   19116ms] [WARNING] SKIPPING ERRONEOUS DEPENDENCY Error: Selector failed: {"type":"SELECT_VALUE_SELECTOR","selectObjectId":"1d1eqqw7ub6ghlz5ltyfykwui"}
    at G (https://runtime-assets.adalo.com/static/js/main.79e9a9ca.js:2:468532)
    at t.getDependencies (https://runtime-assets.adalo.com/static/js/main.79e9a9ca.js:2:467260)
    at J._getDependenciesWithoutTracing (https://runtime-assets.adalo.com/static/js/main.79e9a9ca.js:2:297148)
    at J.getDependencies (https://runtime-assets.adalo.com/static/js/main.79e9a9ca.js:2:594920)
    at J._setupWithoutTracing (https://runtime-assets.adalo.com/static/js/main.79e9a9ca.js:2:299863)
    at J.setup (https://runtime-assets.adalo.com/static/js/main.79e9a9ca.js:2:300624) {"source":{"type":"field","source":{"type":"data","tableId":"t_5fi9vn22j1ibyg3p7mizk8hlm","dataType":"object","selector":{"type":"SELECT_VALUE_SELECTOR","selectObjectId":"1d1eqqw7ub6ghlz5ltyfykwui"},"datasourceId":"a1ab1856443b44fcbe8d838f7fcfa88b"},"fieldId":"rawconferencelist_id","dataType":"number"}} @ https://runtime-assets.adalo.com/static/js/main.79e9a9ca.js:1
[   19116ms] [WARNING] SKIPPING ERRONEOUS DEPENDENCY Error: Selector failed: {"type":"SELECT_VALUE_SELECTOR","selectObjectId":"1d1eqqw7ub6ghlz5ltyfykwui"}
    at G (https://runtime-assets.adalo.com/static/js/main.79e9a9ca.js:2:468532)
    at t.getDependencies (https://runtime-assets.adalo.com/static/js/main.79e9a9ca.js:2:467260)
    at J._getDependenciesWithoutTracing (https://runtime-assets.adalo.com/static/js/main.79e9a9ca.js:2:297148)
    at J.getDependencies (https://runtime-assets.adalo.com/static/js/main.79e9a9ca.js:2:594920)
    at J._setupWithoutTracing (https://runtime-assets.adalo.com/static/js/main.79e9a9ca.js:2:299863)
    at J.setup (https://runtime-assets.adalo.com/static/js/main.79e9a9ca.js:2:300624) {"source":{"type":"field","source":{"type":"data","tableId":"t_5fi9vn22j1ibyg3p7mizk8hlm","dataType":"object","selector":{"type":"SELECT_VALUE_SELECTOR","selectObjectId":"1d1eqqw7ub6ghlz5ltyfykwui"},"datasourceId":"a1ab1856443b44fcbe8d838f7fcfa88b"},"fieldId":"conference_name","dataType":"text"}} @ https://runtime-assets.adalo.com/static/js/main.79e9a9ca.js:1
[   19117ms] [WARNING] SKIPPING ERRONEOUS DEPENDENCY Error: Selector failed: {"type":"CURRENT_USER_SELECTOR"}
    at G (https://runtime-assets.adalo.com/static/js/main.79e9a9ca.js:2:468532)
    at t.getDependencies (https://runtime-assets.adalo.com/static/js/main.79e9a9ca.js:2:467260)
    at J._getDependenciesWithoutTracing (https://runtime-assets.adalo.com/static/js/main.79e9a9ca.js:2:297148)
    at J.getDependencies (https://runtime-assets.adalo.com/static/js/main.79e9a9ca.js:2:594920)
    at J._setupWithoutTracing (https://runtime-assets.adalo.com/static/js/main.79e9a9ca.js:2:299863)
    at J.setup (https://runtime-assets.adalo.com/static/js/main.79e9a9ca.js:2:300624) {"id":"en0xhfc9kfg4dbn1n2pekc207","type":"binding","source":{"type":"field","source":{"type":"data","source":null,"tableId":"t_80c852bba70544a6a98079124dfc8e10","dataType":"object","selector":{"type":"CURRENT_USER_SELECTOR"},"datasourceId":"4dba133b22784a13b18b1a791cfdd211"},"fieldId":"remaining_credits","dataType":"number"},"options":{},"comparator":"<","comparison":"1","bindingType":"libraryProp"} @ https://runtime-assets.adalo.com/static/js/main.79e9a9ca.js:1
[   19734ms] [ERROR] Failed to load resource: the server responded with a status of 400 (Bad Request) @ https://database-red.adalo.com/databases/4dba133b22784a13b18b1a791cfdd211/tables/t_7cfhzw9ravcntcmv87pchvzyb?appId=bc42cf0d-5f14-4b90-bf2f-262a1cb9bf04&componentId=3ttxbity0qf2mn7bkvyvxhww7&bindingIds=0421zdtq1ubjapbkyvh3k699z&imageMeta=true&evaluateBindings=true&include=&counts=:0
[   19742ms] Uncaught (in promise) AxiosError: Request failed with status code 400
    at Ee (https://runtime-assets.adalo.com/static/js/main.79e9a9ca.js:1:17538)
    at g (https://runtime-assets.adalo.com/static/js/main.79e9a9ca.js:1:21986)
[   19854ms] [ERROR] Failed to load resource: the server responded with a status of 400 (Bad Request) @ https://database-red.adalo.com/databases/4dba133b22784a13b18b1a791cfdd211/tables/t_7u8fbbqzfe3e540rylci6hlu1?appId=bc42cf0d-5f14-4b90-bf2f-262a1cb9bf04&componentId=3ttxbity0qf2mn7bkvyvxhww7&bindingIds=bycnteo1nswgjajhmvbmo3nh0&imageMeta=true&evaluateBindings=true&include=&counts=:0
[   22650ms] [WARNING] SKIPPING ERRONEOUS DEPENDENCY Error: Selector failed: {"type":"SELECT_VALUE_SELECTOR","selectObjectId":"3bmmor6uwgy9d932vmz7r1pag"}
    at G (https://runtime-assets.adalo.com/static/js/main.79e9a9ca.js:2:468532)
    at t.getDependencies (https://runtime-assets.adalo.com/static/js/main.79e9a9ca.js:2:467260)
    at L.isManuallyPaginated (https://runtime-assets.adalo.com/static/js/main.79e9a9ca.js:2:348848)
    at L.render (https://runtime-assets.adalo.com/static/js/main.79e9a9ca.js:2:244984)
    at Ds (https://runtime-assets.adalo.com/static/js/main.79e9a9ca.js:2:4414574)
    at Ls (https://runtime-assets.adalo.com/static/js/main.79e9a9ca.js:2:4414370)
    at Ml (https://runtime-assets.adalo.com/static/js/main.79e9a9ca.js:2:4457902)
    at bu (https://runtime-assets.adalo.com/static/js/main.79e9a9ca.js:2:4446043)
    at vu (https://runtime-assets.adalo.com/static/js/main.79e9a9ca.js:2:4445971)
    at yu (https://runtime-assets.adalo.com/static/js/main.79e9a9ca.js:2:4445834)
    at uu (https://runtime-assets.adalo.com/static/js/main.79e9a9ca.js:2:4442950)
    at Wo (https://runtime-assets.adalo.com/static/js/main.79e9a9ca.js:2:4383545)
    at https://runtime-assets.adalo.com/static/js/main.79e9a9ca.js:2:4440547 {"id":"02o8nb343950hbjoqc2inwpre","type":"binding","label":"Lead_Score","source":{"type":"field","source":{"type":"data","tableId":"t_61ne992eubatuoqw8vephoi4k","dataType":"object","selector":{"type":"SELECT_VALUE_SELECTOR","selectObjectId":"3bmmor6uwgy9d932vmz7r1pag"},"datasourceId":"a1ab1856443b44fcbe8d838f7fcfa88b"},"fieldId":"Lead_Score","dataType":"text"},"bindingType":"libraryProp","childBindings":[],"siblingBindings":["7dreyduxg9ir4u4rhkd7kr07o","ayotx6lhqnky41mxfo2kjmf1m","4dp782249h0711rfptxmxnusd","4mvcbyyuliu16qctjhix48n3p","8go2kx093yc9aq84obz0drpbn","3seiwl38vg3mupppxfl22pc9l","3fe5qxnpwys9a38imtxg72rs6","8emt3wss18kxafeq3ky4i6bnv","61ynvdvadst0xiqxwh6qaf0ig","auo12ynqkhthr6wafsoiivcz9","eqsrvb46v1cwfz2kmkzlw3f83","b3s4hvzs0o1qnb29akq9x4ccy","8kvegdbaklcu0jsi56tpdlt4o","5nzi2adqdpyyqy5v1izrzohw1","92qxmmj03fcllsv5o3tf9kbhw","bt2sevpq7gr4l9nk2rs6x7bpf","bycnteo1nswgjajhmvbmo3nh0","0421zdtq1ubjapbkyvh3k699z","5ukthu1xzlli7nf8gmo3665ry","3dtdyu0h8pozjs9tj5b869sy6","60d0i4jtiujjzw2vwtsafefr4","drgxhyyti591j7ksmrk6zuwnw","4dehw2mdedgcobf9zhvijl0t5","dz5zps63gbxp5myyzrc9z92pz","f0ffzw2sy8q9ba5jukhixd3a6","8t0vjvopwqyg6j0nestwt6fyh","dy623trvqq4cvdv38sr4q58cq","9iqh9rix6rw6qbk1pylpkv7w2","5o7ru0lg62b4yhz0x1oxbk2j3","5nelavgl9i8vdjqh6g50tfp93","abffcay8ga7fn36czpylhp8lt","6gxinx0kj3ihqahs05hlntgi9","ck6le21ojgx8cuq8pljec4wyb","bp046lttdgs1e7qv7c3ijlyuf","akomfad25k6xbfj6mh6iwwim0","997lxf1t87ur1ffizgl83e9zz","dje2eg4fju391wdgbe5u6clx6","94tk5zsodvhvlgqhjfqu4skzr","62xgbll0f89svjorj65mjmsyb","5csyxiashddwlojgulpgdxm6b","audbvo0lbv6sbeqatgtmjtaic","e2kigyvlciwvg85n1esrwbqry","alz9018ekdkr5er2836gqrbxb","29h77ojxav0qjkh8euoq88b4r","0hjln8c8nsca49gpugfxfz18g","2cl5ozyjiqfue0bzwys9s1ro3","emxx4s2lpt160v4dqsvsgz9ap","4w0meq26guhjxm1ml1ubil4b4"]} @ https://runtime-assets.adalo.com/static/js/main.79e9a9ca.js:1
[   22652ms] [WARNING] SKIPPING ERRONEOUS DEPENDENCY Error: Selector failed: {"type":"CURRENT_USER_SELECTOR"}
    at G (https://runtime-assets.adalo.com/static/js/main.79e9a9ca.js:2:468532)
    at t.getDependencies (https://runtime-assets.adalo.com/static/js/main.79e9a9ca.js:2:467260)
    at L.isManuallyPaginated (https://runtime-assets.adalo.com/static/js/main.79e9a9ca.js:2:348848)
    at L.render (https://runtime-assets.adalo.com/static/js/main.79e9a9ca.js:2:244984)
    at Ds (https://runtime-assets.adalo.com/static/js/main.79e9a9ca.js:2:4414574)
    at Ls (https://runtime-assets.adalo.com/static/js/main.79e9a9ca.js:2:4414370)
    at Ml (https://runtime-assets.adalo.com/static/js/main.79e9a9ca.js:2:4457902)
    at bu (https://runtime-assets.adalo.com/static/js/main.79e9a9ca.js:2:4446043)
    at vu (https://runtime-assets.adalo.com/static/js/main.79e9a9ca.js:2:4445971)
    at yu (https://runtime-assets.adalo.com/static/js/main.79e9a9ca.js:2:4445834)
    at uu (https://runtime-assets.adalo.com/static/js/main.79e9a9ca.js:2:4442950)
    at Wo (https://runtime-assets.adalo.com/static/js/main.79e9a9ca.js:2:4383545)
    at https://runtime-assets.adalo.com/static/js/main.79e9a9ca.js:2:4440547 {"id":"7dreyduxg9ir4u4rhkd7kr07o","type":"binding","label":"name","source":{"type":"field","source":{"type":"data","source":null,"tableId":"t_80c852bba70544a6a98079124dfc8e10","dataType":"object","selector":{"type":"CURRENT_USER_SELECTOR"},"datasourceId":"4dba133b22784a13b18b1a791cfdd211"},"fieldId":"name","dataType":"text"},"bindingType":"libraryProp","childBindings":[],"siblingBindings":["ayotx6lhqnky41mxfo2kjmf1m","4dp782249h0711rfptxmxnusd","4mvcbyyuliu16qctjhix48n3p","8go2kx093yc9aq84obz0drpbn","3seiwl38vg3mupppxfl22pc9l","3fe5qxnpwys9a38imtxg72rs6","8emt3wss18kxafeq3ky4i6bnv","61ynvdvadst0xiqxwh6qaf0ig","auo12ynqkhthr6wafsoiivcz9","eqsrvb46v1cwfz2kmkzlw3f83","b3s4hvzs0o1qnb29akq9x4ccy","8kvegdbaklcu0jsi56tpdlt4o","5nzi2adqdpyyqy5v1izrzohw1","92qxmmj03fcllsv5o3tf9kbhw","bt2sevpq7gr4l9nk2rs6x7bpf","bycnteo1nswgjajhmvbmo3nh0","0421zdtq1ubjapbkyvh3k699z","5ukthu1xzlli7nf8gmo3665ry","3dtdyu0h8pozjs9tj5b869sy6","60d0i4jtiujjzw2vwtsafefr4","drgxhyyti591j7ksmrk6zuwnw","4dehw2mdedgcobf9zhvijl0t5","dz5zps63gbxp5myyzrc9z92pz","f0ffzw2sy8q9ba5jukhixd3a6","8t0vjvopwqyg6j0nestwt6fyh","02o8nb343950hbjoqc2inwpre","dy623trvqq4cvdv38sr4q58cq","9iqh9rix6rw6qbk1pylpkv7w2","5o7ru0lg62b4yhz0x1oxbk2j3","5nelavgl9i8vdjqh6g50tfp93","abffcay8ga7fn36czpylhp8lt","6gxinx0kj3ihqahs05hlntgi9","ck6le21ojgx8cuq8pljec4wyb","bp046lttdgs1e7qv7c3ijlyuf","akomfad25k6xbfj6mh6iwwim0","997lxf1t87ur1ffizgl83e9zz","dje2eg4fju391wdgbe5u6clx6","94tk5zsodvhvlgqhjfqu4skzr","62xgbll0f89svjorj65mjmsyb","5csyxiashddwlojgulpgdxm6b","audbvo0lbv6sbeqatgtmjtaic","e2kigyvlciwvg85n1esrwbqry","alz9018ekdkr5er2836gqrbxb","29h77ojxav0qjkh8euoq88b4r","0hjln8c8nsca49gpugfxfz18g","2cl5ozyjiqfue0bzwys9s1ro3","emxx4s2lpt160v4dqsvsgz9ap","4w0meq26guhjxm1ml1ubil4b4"]} @ https://runtime-assets.adalo.com/static/js/main.79e9a9ca.js:1
[   22653ms] [WARNING] SKIPPING ERRONEOUS DEPENDENCY Error: Selector failed: {"type":"SELECT_VALUE_SELECTOR","selectObjectId":"7w4vqjjkneryup0qx6nyd5sox"}
    at G (https://runtime-assets.adalo.com/static/js/main.79e9a9ca.js:2:468532)
    at t.getDependencies (https://runtime-assets.adalo.com/static/js/main.79e9a9ca.js:2:467260)
    at L.isManuallyPaginated (https://runtime-assets.adalo.com/static/js/main.79e9a9ca.js:2:348848)
    at L.render (https://runtime-assets.adalo.com/static/js/main.79e9a9ca.js:2:244984)
    at Ds (https://runtime-assets.adalo.com/static/js/main.79e9a9ca.js:2:4414574)
    at Ls (https://runtime-assets.adalo.com/static/js/main.79e9a9ca.js:2:4414370)
    at Ml (https://runtime-assets.adalo.com/static/js/main.79e9a9ca.js:2:4457902)
    at bu (https://runtime-assets.adalo.com/static/js/main.79e9a9ca.js:2:4446043)
    at vu (https://runtime-assets.adalo.com/static/js/main.79e9a9ca.js:2:4445971)
    at yu (https://runtime-assets.adalo.com/static/js/main.79e9a9ca.js:2:4445834)
    at uu (https://runtime-assets.adalo.com/static/js/main.79e9a9ca.js:2:4442950)
    at Wo (https://runtime-assets.adalo.com/static/js/main.79e9a9ca.js:2:4383545)
    at https://runtime-assets.adalo.com/static/js/main.79e9a9ca.js:2:4440547 {"id":"9iqh9rix6rw6qbk1pylpkv7w2","type":"binding","label":"ID","format":{"type":"commas"},"source":{"type":"field","source":{"type":"data","tableId":"t_5idhcbl2zu1px4fff99qt26gw","dataType":"object","selector":{"type":"SELECT_VALUE_SELECTOR","selectObjectId":"7w4vqjjkneryup0qx6nyd5sox"},"datasourceId":"a1ab1856443b44fcbe8d838f7fcfa88b"},"fieldId":"id","dataType":"number"},"bindingType":"libraryProp","childBindings":[],"siblingBindings":["7dreyduxg9ir4u4rhkd7kr07o","ayotx6lhqnky41mxfo2kjmf1m","4dp782249h0711rfptxmxnusd","4mvcbyyuliu16qctjhix48n3p","8go2kx093yc9aq84obz0drpbn","3seiwl38vg3mupppxfl22pc9l","3fe5qxnpwys9a38imtxg72rs6","8emt3wss18kxafeq3ky4i6bnv","61ynvdvadst0xiqxwh6qaf0ig","auo12ynqkhthr6wafsoiivcz9","eqsrvb46v1cwfz2kmkzlw3f83","b3s4hvzs0o1qnb29akq9x4ccy","8kvegdbaklcu0jsi56tpdlt4o","5nzi2adqdpyyqy5v1izrzohw1","92qxmmj03fcllsv5o3tf9kbhw","bt2sevpq7gr4l9nk2rs6x7bpf","bycnteo1nswgjajhmvbmo3nh0","0421zdtq1ubjapbkyvh3k699z","5ukthu1xzlli7nf8gmo3665ry","3dtdyu0h8pozjs9tj5b869sy6","60d0i4jtiujjzw2vwtsafefr4","drgxhyyti591j7ksmrk6zuwnw","4dehw2mdedgcobf9zhvijl0t5","dz5zps63gbxp5myyzrc9z92pz","f0ffzw2sy8q9ba5jukhixd3a6","8t0vjvopwqyg6j0nestwt6fyh","02o8nb343950hbjoqc2inwpre","dy623trvqq4cvdv38sr4q58cq","5o7ru0lg62b4yhz0x1oxbk2j3","5nelavgl9i8vdjqh6g50tfp93","abffcay8ga7fn36czpylhp8lt","6gxinx0kj3ihqahs05hlntgi9","ck6le21ojgx8cuq8pljec4wyb","bp046lttdgs1e7qv7c3ijlyuf","akomfad25k6xbfj6mh6iwwim0","997lxf1t87ur1ffizgl83e9zz","dje2eg4fju391wdgbe5u6clx6","94tk5zsodvhvlgqhjfqu4skzr","62xgbll0f89svjorj65mjmsyb","5csyxiashddwlojgulpgdxm6b","audbvo0lbv6sbeqatgtmjtaic","e2kigyvlciwvg85n1esrwbqry","alz9018ekdkr5er2836gqrbxb","29h77ojxav0qjkh8euoq88b4r","0hjln8c8nsca49gpugfxfz18g","2cl5ozyjiqfue0bzwys9s1ro3","emxx4s2lpt160v4dqsvsgz9ap","4w0meq26guhjxm1ml1ubil4b4"]} @ https://runtime-assets.adalo.com/static/js/main.79e9a9ca.js:1
[   22654ms] [WARNING] SKIPPING ERRONEOUS DEPENDENCY Error: Selector failed: {"type":"SELECT_VALUE_SELECTOR","selectObjectId":"1d1eqqw7ub6ghlz5ltyfykwui"}
    at G (https://runtime-assets.adalo.com/static/js/main.79e9a9ca.js:2:468532)
    at t.getDependencies (https://runtime-assets.adalo.com/static/js/main.79e9a9ca.js:2:467260)
    at L.isManuallyPaginated (https://runtime-assets.adalo.com/static/js/main.79e9a9ca.js:2:348848)
    at L.render (https://runtime-assets.adalo.com/static/js/main.79e9a9ca.js:2:244984)
    at Ds (https://runtime-assets.adalo.com/static/js/main.79e9a9ca.js:2:4414574)
    at Ls (https://runtime-assets.adalo.com/static/js/main.79e9a9ca.js:2:4414370)
    at Ml (https://runtime-assets.adalo.com/static/js/main.79e9a9ca.js:2:4457902)
    at bu (https://runtime-assets.adalo.com/static/js/main.79e9a9ca.js:2:4446043)
    at vu (https://runtime-assets.adalo.com/static/js/main.79e9a9ca.js:2:4445971)
    at yu (https://runtime-assets.adalo.com/static/js/main.79e9a9ca.js:2:4445834)
    at uu (https://runtime-assets.adalo.com/static/js/main.79e9a9ca.js:2:4442950)
    at Wo (https://runtime-assets.adalo.com/static/js/main.79e9a9ca.js:2:4383545)
    at https://runtime-assets.adalo.com/static/js/main.79e9a9ca.js:2:4440547 {"id":"5784tdv70verd4m24w9964bg7","type":"binding","label":"conference_name","source":{"type":"field","source":{"type":"data","tableId":"t_5fi9vn22j1ibyg3p7mizk8hlm","dataType":"object","selector":{"type":"SELECT_VALUE_SELECTOR","selectObjectId":"1d1eqqw7ub6ghlz5ltyfykwui"},"datasourceId":"a1ab1856443b44fcbe8d838f7fcfa88b"},"fieldId":"conference_name","dataType":"text"},"bindingType":"libraryProp"} @ https://runtime-assets.adalo.com/static/js/main.79e9a9ca.js:1
[   22654ms] [WARNING] SKIPPING ERRONEOUS DEPENDENCY Error: Selector failed: {"type":"SELECT_VALUE_SELECTOR","selectObjectId":"1d1eqqw7ub6ghlz5ltyfykwui"}
    at G (https://runtime-assets.adalo.com/static/js/main.79e9a9ca.js:2:468532)
    at t.getDependencies (https://runtime-assets.adalo.com/static/js/main.79e9a9ca.js:2:467260)
    at L.isManuallyPaginated (https://runtime-assets.adalo.com/static/js/main.79e9a9ca.js:2:348848)
    at L.render (https://runtime-assets.adalo.com/static/js/main.79e9a9ca.js:2:244984)
    at Ds (https://runtime-assets.adalo.com/static/js/main.79e9a9ca.js:2:4414574)
    at Ls (https://runtime-assets.adalo.com/static/js/main.79e9a9ca.js:2:4414370)
    at Ml (https://runtime-assets.adalo.com/static/js/main.79e9a9ca.js:2:4457902)
    at bu (https://runtime-assets.adalo.com/static/js/main.79e9a9ca.js:2:4446043)
    at vu (https://runtime-assets.adalo.com/static/js/main.79e9a9ca.js:2:4445971)
    at yu (https://runtime-assets.adalo.com/static/js/main.79e9a9ca.js:2:4445834)
    at uu (https://runtime-assets.adalo.com/static/js/main.79e9a9ca.js:2:4442950)
    at Wo (https://runtime-assets.adalo.com/static/js/main.79e9a9ca.js:2:4383545)
    at https://runtime-assets.adalo.com/static/js/main.79e9a9ca.js:2:4440547 {"id":"2eo1n1hgrwy23q7u805um8qid","type":"binding","format":{"type":"commas"},"source":{"type":"field","source":{"type":"data","tableId":"t_5fi9vn22j1ibyg3p7mizk8hlm","dataType":"object","selector":{"type":"SELECT_VALUE_SELECTOR","selectObjectId":"1d1eqqw7ub6ghlz5ltyfykwui"},"datasourceId":"a1ab1856443b44fcbe8d838f7fcfa88b"},"fieldId":"rawconferencelist_id","dataType":"number"},"bindingType":"libraryProp"} @ https://runtime-assets.adalo.com/static/js/main.79e9a9ca.js:1
[   22654ms] [WARNING] SKIPPING ERRONEOUS DEPENDENCY Error: Selector failed: {"type":"SELECT_VALUE_SELECTOR","selectObjectId":"1d1eqqw7ub6ghlz5ltyfykwui"}
    at G (https://runtime-assets.adalo.com/static/js/main.79e9a9ca.js:2:468532)
    at t.getDependencies (https://runtime-assets.adalo.com/static/js/main.79e9a9ca.js:2:467260)
    at L.isManuallyPaginated (https://runtime-assets.adalo.com/static/js/main.79e9a9ca.js:2:348848)
    at L.render (https://runtime-assets.adalo.com/static/js/main.79e9a9ca.js:2:244984)
    at Ds (https://runtime-assets.adalo.com/static/js/main.79e9a9ca.js:2:4414574)
    at Ls (https://runtime-assets.adalo.com/static/js/main.79e9a9ca.js:2:4414370)
    at Ml (https://runtime-assets.adalo.com/static/js/main.79e9a9ca.js:2:4457902)
    at bu (https://runtime-assets.adalo.com/static/js/main.79e9a9ca.js:2:4446043)
    at vu (https://runtime-assets.adalo.com/static/js/main.79e9a9ca.js:2:4445971)
    at yu (https://runtime-assets.adalo.com/static/js/main.79e9a9ca.js:2:4445834)
    at uu (https://runtime-assets.adalo.com/static/js/main.79e9a9ca.js:2:4442950)
    at Wo (https://runtime-assets.adalo.com/static/js/main.79e9a9ca.js:2:4383545)
    at https://runtime-assets.adalo.com/static/js/main.79e9a9ca.js:2:4440547 {"source":{"type":"field","source":{"type":"data","tableId":"t_5fi9vn22j1ibyg3p7mizk8hlm","dataType":"object","selector":{"type":"SELECT_VALUE_SELECTOR","selectObjectId":"1d1eqqw7ub6ghlz5ltyfykwui"},"datasourceId":"a1ab1856443b44fcbe8d838f7fcfa88b"},"fieldId":"rawconferencelist_id","dataType":"number"}} @ https://runtime-assets.adalo.com/static/js/main.79e9a9ca.js:1
[   22655ms] [WARNING] SKIPPING ERRONEOUS DEPENDENCY Error: Selector failed: {"type":"SELECT_VALUE_SELECTOR","selectObjectId":"1d1eqqw7ub6ghlz5ltyfykwui"}
    at G (https://runtime-assets.adalo.com/static/js/main.79e9a9ca.js:2:468532)
    at t.getDependencies (https://runtime-assets.adalo.com/static/js/main.79e9a9ca.js:2:467260)
    at L.isManuallyPaginated (https://runtime-assets.adalo.com/static/js/main.79e9a9ca.js:2:348848)
    at L.render (https://runtime-assets.adalo.com/static/js/main.79e9a9ca.js:2:244984)
    at Ds (https://runtime-assets.adalo.com/static/js/main.79e9a9ca.js:2:4414574)
    at Ls (https://runtime-assets.adalo.com/static/js/main.79e9a9ca.js:2:4414370)
    at Ml (https://runtime-assets.adalo.com/static/js/main.79e9a9ca.js:2:4457902)
    at bu (https://runtime-assets.adalo.com/static/js/main.79e9a9ca.js:2:4446043)
    at vu (https://runtime-assets.adalo.com/static/js/main.79e9a9ca.js:2:4445971)
    at yu (https://runtime-assets.adalo.com/static/js/main.79e9a9ca.js:2:4445834)
    at uu (https://runtime-assets.adalo.com/static/js/main.79e9a9ca.js:2:4442950)
    at Wo (https://runtime-assets.adalo.com/static/js/main.79e9a9ca.js:2:4383545)
    at https://runtime-assets.adalo.com/static/js/main.79e9a9ca.js:2:4440547 {"source":{"type":"field","source":{"type":"data","tableId":"t_5fi9vn22j1ibyg3p7mizk8hlm","dataType":"object","selector":{"type":"SELECT_VALUE_SELECTOR","selectObjectId":"1d1eqqw7ub6ghlz5ltyfykwui"},"datasourceId":"a1ab1856443b44fcbe8d838f7fcfa88b"},"fieldId":"conference_name","dataType":"text"}} @ https://runtime-assets.adalo.com/static/js/main.79e9a9ca.js:1
[   22655ms] [WARNING] SKIPPING ERRONEOUS DEPENDENCY Error: Selector failed: {"type":"CURRENT_USER_SELECTOR"}
    at G (https://runtime-assets.adalo.com/static/js/main.79e9a9ca.js:2:468532)
    at t.getDependencies (https://runtime-assets.adalo.com/static/js/main.79e9a9ca.js:2:467260)
    at L.isManuallyPaginated (https://runtime-assets.adalo.com/static/js/main.79e9a9ca.js:2:348848)
    at L.render (https://runtime-assets.adalo.com/static/js/main.79e9a9ca.js:2:244984)
    at Ds (https://runtime-assets.adalo.com/static/js/main.79e9a9ca.js:2:4414574)
    at Ls (https://runtime-assets.adalo.com/static/js/main.79e9a9ca.js:2:4414370)
    at Ml (https://runtime-assets.adalo.com/static/js/main.79e9a9ca.js:2:4457902)
    at bu (https://runtime-assets.adalo.com/static/js/main.79e9a9ca.js:2:4446043)
    at vu (https://runtime-assets.adalo.com/static/js/main.79e9a9ca.js:2:4445971)
    at yu (https://runtime-assets.adalo.com/static/js/main.79e9a9ca.js:2:4445834)
    at uu (https://runtime-assets.adalo.com/static/js/main.79e9a9ca.js:2:4442950)
    at Wo (https://runtime-assets.adalo.com/static/js/main.79e9a9ca.js:2:4383545)
    at https://runtime-assets.adalo.com/static/js/main.79e9a9ca.js:2:4440547 {"id":"en0xhfc9kfg4dbn1n2pekc207","type":"binding","source":{"type":"field","source":{"type":"data","source":null,"tableId":"t_80c852bba70544a6a98079124dfc8e10","dataType":"object","selector":{"type":"CURRENT_USER_SELECTOR"},"datasourceId":"4dba133b22784a13b18b1a791cfdd211"},"fieldId":"remaining_credits","dataType":"number"},"options":{},"comparator":"<","comparison":"1","bindingType":"libraryProp"} @ https://runtime-assets.adalo.com/static/js/main.79e9a9ca.js:1
[   22732ms] [WARNING] SKIPPING ERRONEOUS DEPENDENCY Error: Selector failed: {"type":"SELECT_VALUE_SELECTOR","selectObjectId":"3bmmor6uwgy9d932vmz7r1pag"}
    at G (https://runtime-assets.adalo.com/static/js/main.79e9a9ca.js:2:468532)
    at t.getDependencies (https://runtime-assets.adalo.com/static/js/main.79e9a9ca.js:2:467260)
    at L.isManuallyPaginated (https://runtime-assets.adalo.com/static/js/main.79e9a9ca.js:2:348848)
    at L.getCurrentPageItems (https://runtime-assets.adalo.com/static/js/main.79e9a9ca.js:2:243407)
    at L.componentDidMount (https://runtime-assets.adalo.com/static/js/main.79e9a9ca.js:2:244442)
    at wl (https://runtime-assets.adalo.com/static/js/main.79e9a9ca.js:2:4437772)
    at bl (https://runtime-assets.adalo.com/static/js/main.79e9a9ca.js:2:4437545)
    at _l (https://runtime-assets.adalo.com/static/js/main.79e9a9ca.js:2:4437081)
    at https://runtime-assets.adalo.com/static/js/main.79e9a9ca.js:2:4448918
    at Su (https://runtime-assets.adalo.com/static/js/main.79e9a9ca.js:2:4449433)
    at uu (https://runtime-assets.adalo.com/static/js/main.79e9a9ca.js:2:4443152)
    at Wo (https://runtime-assets.adalo.com/static/js/main.79e9a9ca.js:2:4383545)
    at https://runtime-assets.adalo.com/static/js/main.79e9a9ca.js:2:4440547 {"id":"02o8nb343950hbjoqc2inwpre","type":"binding","label":"Lead_Score","source":{"type":"field","source":{"type":"data","tableId":"t_61ne992eubatuoqw8vephoi4k","dataType":"object","selector":{"type":"SELECT_VALUE_SELECTOR","selectObjectId":"3bmmor6uwgy9d932vmz7r1pag"},"datasourceId":"a1ab1856443b44fcbe8d838f7fcfa88b"},"fieldId":"Lead_Score","dataType":"text"},"bindingType":"libraryProp","childBindings":[],"siblingBindings":["7dreyduxg9ir4u4rhkd7kr07o","ayotx6lhqnky41mxfo2kjmf1m","4dp782249h0711rfptxmxnusd","4mvcbyyuliu16qctjhix48n3p","8go2kx093yc9aq84obz0drpbn","3seiwl38vg3mupppxfl22pc9l","3fe5qxnpwys9a38imtxg72rs6","8emt3wss18kxafeq3ky4i6bnv","61ynvdvadst0xiqxwh6qaf0ig","auo12ynqkhthr6wafsoiivcz9","eqsrvb46v1cwfz2kmkzlw3f83","b3s4hvzs0o1qnb29akq9x4ccy","8kvegdbaklcu0jsi56tpdlt4o","5nzi2adqdpyyqy5v1izrzohw1","92qxmmj03fcllsv5o3tf9kbhw","bt2sevpq7gr4l9nk2rs6x7bpf","bycnteo1nswgjajhmvbmo3nh0","0421zdtq1ubjapbkyvh3k699z","5ukthu1xzlli7nf8gmo3665ry","3dtdyu0h8pozjs9tj5b869sy6","60d0i4jtiujjzw2vwtsafefr4","drgxhyyti591j7ksmrk6zuwnw","4dehw2mdedgcobf9zhvijl0t5","dz5zps63gbxp5myyzrc9z92pz","f0ffzw2sy8q9ba5jukhixd3a6","8t0vjvopwqyg6j0nestwt6fyh","dy623trvqq4cvdv38sr4q58cq","9iqh9rix6rw6qbk1pylpkv7w2","5o7ru0lg62b4yhz0x1oxbk2j3","5nelavgl9i8vdjqh6g50tfp93","abffcay8ga7fn36czpylhp8lt","6gxinx0kj3ihqahs05hlntgi9","ck6le21ojgx8cuq8pljec4wyb","bp046lttdgs1e7qv7c3ijlyuf","akomfad25k6xbfj6mh6iwwim0","997lxf1t87ur1ffizgl83e9zz","dje2eg4fju391wdgbe5u6clx6","94tk5zsodvhvlgqhjfqu4skzr","62xgbll0f89svjorj65mjmsyb","5csyxiashddwlojgulpgdxm6b","audbvo0lbv6sbeqatgtmjtaic","e2kigyvlciwvg85n1esrwbqry","alz9018ekdkr5er2836gqrbxb","29h77ojxav0qjkh8euoq88b4r","0hjln8c8nsca49gpugfxfz18g","2cl5ozyjiqfue0bzwys9s1ro3","emxx4s2lpt160v4dqsvsgz9ap","4w0meq26guhjxm1ml1ubil4b4"]} @ https://runtime-assets.adalo.com/static/js/main.79e9a9ca.js:1
[   22733ms] [WARNING] SKIPPING ERRONEOUS DEPENDENCY Error: Selector failed: {"type":"CURRENT_USER_SELECTOR"}
    at G (https://runtime-assets.adalo.com/static/js/main.79e9a9ca.js:2:468532)
    at t.getDependencies (https://runtime-assets.adalo.com/static/js/main.79e9a9ca.js:2:467260)
    at L.isManuallyPaginated (https://runtime-assets.adalo.com/static/js/main.79e9a9ca.js:2:348848)
    at L.getCurrentPageItems (https://runtime-assets.adalo.com/static/js/main.79e9a9ca.js:2:243407)
    at L.componentDidMount (https://runtime-assets.adalo.com/static/js/main.79e9a9ca.js:2:244442)
    at wl (https://runtime-assets.adalo.com/static/js/main.79e9a9ca.js:2:4437772)
    at bl (https://runtime-assets.adalo.com/static/js/main.79e9a9ca.js:2:4437545)
    at _l (https://runtime-assets.adalo.com/static/js/main.79e9a9ca.js:2:4437081)
    at https://runtime-assets.adalo.com/static/js/main.79e9a9ca.js:2:4448918
    at Su (https://runtime-assets.adalo.com/static/js/main.79e9a9ca.js:2:4449433)
    at uu (https://runtime-assets.adalo.com/static/js/main.79e9a9ca.js:2:4443152)
    at Wo (https://runtime-assets.adalo.com/static/js/main.79e9a9ca.js:2:4383545)
    at https://runtime-assets.adalo.com/static/js/main.79e9a9ca.js:2:4440547 {"id":"7dreyduxg9ir4u4rhkd7kr07o","type":"binding","label":"name","source":{"type":"field","source":{"type":"data","source":null,"tableId":"t_80c852bba70544a6a98079124dfc8e10","dataType":"object","selector":{"type":"CURRENT_USER_SELECTOR"},"datasourceId":"4dba133b22784a13b18b1a791cfdd211"},"fieldId":"name","dataType":"text"},"bindingType":"libraryProp","childBindings":[],"siblingBindings":["ayotx6lhqnky41mxfo2kjmf1m","4dp782249h0711rfptxmxnusd","4mvcbyyuliu16qctjhix48n3p","8go2kx093yc9aq84obz0drpbn","3seiwl38vg3mupppxfl22pc9l","3fe5qxnpwys9a38imtxg72rs6","8emt3wss18kxafeq3ky4i6bnv","61ynvdvadst0xiqxwh6qaf0ig","auo12ynqkhthr6wafsoiivcz9","eqsrvb46v1cwfz2kmkzlw3f83","b3s4hvzs0o1qnb29akq9x4ccy","8kvegdbaklcu0jsi56tpdlt4o","5nzi2adqdpyyqy5v1izrzohw1","92qxmmj03fcllsv5o3tf9kbhw","bt2sevpq7gr4l9nk2rs6x7bpf","bycnteo1nswgjajhmvbmo3nh0","0421zdtq1ubjapbkyvh3k699z","5ukthu1xzlli7nf8gmo3665ry","3dtdyu0h8pozjs9tj5b869sy6","60d0i4jtiujjzw2vwtsafefr4","drgxhyyti591j7ksmrk6zuwnw","4dehw2mdedgcobf9zhvijl0t5","dz5zps63gbxp5myyzrc9z92pz","f0ffzw2sy8q9ba5jukhixd3a6","8t0vjvopwqyg6j0nestwt6fyh","02o8nb343950hbjoqc2inwpre","dy623trvqq4cvdv38sr4q58cq","9iqh9rix6rw6qbk1pylpkv7w2","5o7ru0lg62b4yhz0x1oxbk2j3","5nelavgl9i8vdjqh6g50tfp93","abffcay8ga7fn36czpylhp8lt","6gxinx0kj3ihqahs05hlntgi9","ck6le21ojgx8cuq8pljec4wyb","bp046lttdgs1e7qv7c3ijlyuf","akomfad25k6xbfj6mh6iwwim0","997lxf1t87ur1ffizgl83e9zz","dje2eg4fju391wdgbe5u6clx6","94tk5zsodvhvlgqhjfqu4skzr","62xgbll0f89svjorj65mjmsyb","5csyxiashddwlojgulpgdxm6b","audbvo0lbv6sbeqatgtmjtaic","e2kigyvlciwvg85n1esrwbqry","alz9018ekdkr5er2836gqrbxb","29h77ojxav0qjkh8euoq88b4r","0hjln8c8nsca49gpugfxfz18g","2cl5ozyjiqfue0bzwys9s1ro3","emxx4s2lpt160v4dqsvsgz9ap","4w0meq26guhjxm1ml1ubil4b4"]} @ https://runtime-assets.adalo.com/static/js/main.79e9a9ca.js:1
[   22734ms] [WARNING] SKIPPING ERRONEOUS DEPENDENCY Error: Selector failed: {"type":"SELECT_VALUE_SELECTOR","selectObjectId":"7w4vqjjkneryup0qx6nyd5sox"}
    at G (https://runtime-assets.adalo.com/static/js/main.79e9a9ca.js:2:468532)
    at t.getDependencies (https://runtime-assets.adalo.com/static/js/main.79e9a9ca.js:2:467260)
    at L.isManuallyPaginated (https://runtime-assets.adalo.com/static/js/main.79e9a9ca.js:2:348848)
    at L.getCurrentPageItems (https://runtime-assets.adalo.com/static/js/main.79e9a9ca.js:2:243407)
    at L.componentDidMount (https://runtime-assets.adalo.com/static/js/main.79e9a9ca.js:2:244442)
    at wl (https://runtime-assets.adalo.com/static/js/main.79e9a9ca.js:2:4437772)
    at bl (https://runtime-assets.adalo.com/static/js/main.79e9a9ca.js:2:4437545)
    at _l (https://runtime-assets.adalo.com/static/js/main.79e9a9ca.js:2:4437081)
    at https://runtime-assets.adalo.com/static/js/main.79e9a9ca.js:2:4448918
    at Su (https://runtime-assets.adalo.com/static/js/main.79e9a9ca.js:2:4449433)
    at uu (https://runtime-assets.adalo.com/static/js/main.79e9a9ca.js:2:4443152)
    at Wo (https://runtime-assets.adalo.com/static/js/main.79e9a9ca.js:2:4383545)
    at https://runtime-assets.adalo.com/static/js/main.79e9a9ca.js:2:4440547 {"id":"9iqh9rix6rw6qbk1pylpkv7w2","type":"binding","label":"ID","format":{"type":"commas"},"source":{"type":"field","source":{"type":"data","tableId":"t_5idhcbl2zu1px4fff99qt26gw","dataType":"object","selector":{"type":"SELECT_VALUE_SELECTOR","selectObjectId":"7w4vqjjkneryup0qx6nyd5sox"},"datasourceId":"a1ab1856443b44fcbe8d838f7fcfa88b"},"fieldId":"id","dataType":"number"},"bindingType":"libraryProp","childBindings":[],"siblingBindings":["7dreyduxg9ir4u4rhkd7kr07o","ayotx6lhqnky41mxfo2kjmf1m","4dp782249h0711rfptxmxnusd","4mvcbyyuliu16qctjhix48n3p","8go2kx093yc9aq84obz0drpbn","3seiwl38vg3mupppxfl22pc9l","3fe5qxnpwys9a38imtxg72rs6","8emt3wss18kxafeq3ky4i6bnv","61ynvdvadst0xiqxwh6qaf0ig","auo12ynqkhthr6wafsoiivcz9","eqsrvb46v1cwfz2kmkzlw3f83","b3s4hvzs0o1qnb29akq9x4ccy","8kvegdbaklcu0jsi56tpdlt4o","5nzi2adqdpyyqy5v1izrzohw1","92qxmmj03fcllsv5o3tf9kbhw","bt2sevpq7gr4l9nk2rs6x7bpf","bycnteo1nswgjajhmvbmo3nh0","0421zdtq1ubjapbkyvh3k699z","5ukthu1xzlli7nf8gmo3665ry","3dtdyu0h8pozjs9tj5b869sy6","60d0i4jtiujjzw2vwtsafefr4","drgxhyyti591j7ksmrk6zuwnw","4dehw2mdedgcobf9zhvijl0t5","dz5zps63gbxp5myyzrc9z92pz","f0ffzw2sy8q9ba5jukhixd3a6","8t0vjvopwqyg6j0nestwt6fyh","02o8nb343950hbjoqc2inwpre","dy623trvqq4cvdv38sr4q58cq","5o7ru0lg62b4yhz0x1oxbk2j3","5nelavgl9i8vdjqh6g50tfp93","abffcay8ga7fn36czpylhp8lt","6gxinx0kj3ihqahs05hlntgi9","ck6le21ojgx8cuq8pljec4wyb","bp046lttdgs1e7qv7c3ijlyuf","akomfad25k6xbfj6mh6iwwim0","997lxf1t87ur1ffizgl83e9zz","dje2eg4fju391wdgbe5u6clx6","94tk5zsodvhvlgqhjfqu4skzr","62xgbll0f89svjorj65mjmsyb","5csyxiashddwlojgulpgdxm6b","audbvo0lbv6sbeqatgtmjtaic","e2kigyvlciwvg85n1esrwbqry","alz9018ekdkr5er2836gqrbxb","29h77ojxav0qjkh8euoq88b4r","0hjln8c8nsca49gpugfxfz18g","2cl5ozyjiqfue0bzwys9s1ro3","emxx4s2lpt160v4dqsvsgz9ap","4w0meq26guhjxm1ml1ubil4b4"]} @ https://runtime-assets.adalo.com/static/js/main.79e9a9ca.js:1
[   22735ms] [WARNING] SKIPPING ERRONEOUS DEPENDENCY Error: Selector failed: {"type":"SELECT_VALUE_SELECTOR","selectObjectId":"1d1eqqw7ub6ghlz5ltyfykwui"}
    at G (https://runtime-assets.adalo.com/static/js/main.79e9a9ca.js:2:468532)
    at t.getDependencies (https://runtime-assets.adalo.com/static/js/main.79e9a9ca.js:2:467260)
    at L.isManuallyPaginated (https://runtime-assets.adalo.com/static/js/main.79e9a9ca.js:2:348848)
    at L.getCurrentPageItems (https://runtime-assets.adalo.com/static/js/main.79e9a9ca.js:2:243407)
    at L.componentDidMount (https://runtime-assets.adalo.com/static/js/main.79e9a9ca.js:2:244442)
    at wl (https://runtime-assets.adalo.com/static/js/main.79e9a9ca.js:2:4437772)
    at bl (https://runtime-assets.adalo.com/static/js/main.79e9a9ca.js:2:4437545)
    at _l (https://runtime-assets.adalo.com/static/js/main.79e9a9ca.js:2:4437081)
    at https://runtime-assets.adalo.com/static/js/main.79e9a9ca.js:2:4448918
    at Su (https://runtime-assets.adalo.com/static/js/main.79e9a9ca.js:2:4449433)
    at uu (https://runtime-assets.adalo.com/static/js/main.79e9a9ca.js:2:4443152)
    at Wo (https://runtime-assets.adalo.com/static/js/main.79e9a9ca.js:2:4383545)
    at https://runtime-assets.adalo.com/static/js/main.79e9a9ca.js:2:4440547 {"id":"5784tdv70verd4m24w9964bg7","type":"binding","label":"conference_name","source":{"type":"field","source":{"type":"data","tableId":"t_5fi9vn22j1ibyg3p7mizk8hlm","dataType":"object","selector":{"type":"SELECT_VALUE_SELECTOR","selectObjectId":"1d1eqqw7ub6ghlz5ltyfykwui"},"datasourceId":"a1ab1856443b44fcbe8d838f7fcfa88b"},"fieldId":"conference_name","dataType":"text"},"bindingType":"libraryProp"} @ https://runtime-assets.adalo.com/static/js/main.79e9a9ca.js:1
[   22735ms] [WARNING] SKIPPING ERRONEOUS DEPENDENCY Error: Selector failed: {"type":"SELECT_VALUE_SELECTOR","selectObjectId":"1d1eqqw7ub6ghlz5ltyfykwui"}
    at G (https://runtime-assets.adalo.com/static/js/main.79e9a9ca.js:2:468532)
    at t.getDependencies (https://runtime-assets.adalo.com/static/js/main.79e9a9ca.js:2:467260)
    at L.isManuallyPaginated (https://runtime-assets.adalo.com/static/js/main.79e9a9ca.js:2:348848)
    at L.getCurrentPageItems (https://runtime-assets.adalo.com/static/js/main.79e9a9ca.js:2:243407)
    at L.componentDidMount (https://runtime-assets.adalo.com/static/js/main.79e9a9ca.js:2:244442)
    at wl (https://runtime-assets.adalo.com/static/js/main.79e9a9ca.js:2:4437772)
    at bl (https://runtime-assets.adalo.com/static/js/main.79e9a9ca.js:2:4437545)
    at _l (https://runtime-assets.adalo.com/static/js/main.79e9a9ca.js:2:4437081)
    at https://runtime-assets.adalo.com/static/js/main.79e9a9ca.js:2:4448918
    at Su (https://runtime-assets.adalo.com/static/js/main.79e9a9ca.js:2:4449433)
    at uu (https://runtime-assets.adalo.com/static/js/main.79e9a9ca.js:2:4443152)
    at Wo (https://runtime-assets.adalo.com/static/js/main.79e9a9ca.js:2:4383545)
    at https://runtime-assets.adalo.com/static/js/main.79e9a9ca.js:2:4440547 {"id":"2eo1n1hgrwy23q7u805um8qid","type":"binding","format":{"type":"commas"},"source":{"type":"field","source":{"type":"data","tableId":"t_5fi9vn22j1ibyg3p7mizk8hlm","dataType":"object","selector":{"type":"SELECT_VALUE_SELECTOR","selectObjectId":"1d1eqqw7ub6ghlz5ltyfykwui"},"datasourceId":"a1ab1856443b44fcbe8d838f7fcfa88b"},"fieldId":"rawconferencelist_id","dataType":"number"},"bindingType":"libraryProp"} @ https://runtime-assets.adalo.com/static/js/main.79e9a9ca.js:1
[   22735ms] [WARNING] SKIPPING ERRONEOUS DEPENDENCY Error: Selector failed: {"type":"SELECT_VALUE_SELECTOR","selectObjectId":"1d1eqqw7ub6ghlz5ltyfykwui"}
    at G (https://runtime-assets.adalo.com/static/js/main.79e9a9ca.js:2:468532)
    at t.getDependencies (https://runtime-assets.adalo.com/static/js/main.79e9a9ca.js:2:467260)
    at L.isManuallyPaginated (https://runtime-assets.adalo.com/static/js/main.79e9a9ca.js:2:348848)
    at L.getCurrentPageItems (https://runtime-assets.adalo.com/static/js/main.79e9a9ca.js:2:243407)
    at L.componentDidMount (https://runtime-assets.adalo.com/static/js/main.79e9a9ca.js:2:244442)
    at wl (https://runtime-assets.adalo.com/static/js/main.79e9a9ca.js:2:4437772)
    at bl (https://runtime-assets.adalo.com/static/js/main.79e9a9ca.js:2:4437545)
    at _l (https://runtime-assets.adalo.com/static/js/main.79e9a9ca.js:2:4437081)
    at https://runtime-assets.adalo.com/static/js/main.79e9a9ca.js:2:4448918
    at Su (https://runtime-assets.adalo.com/static/js/main.79e9a9ca.js:2:4449433)
    at uu (https://runtime-assets.adalo.com/static/js/main.79e9a9ca.js:2:4443152)
    at Wo (https://runtime-assets.adalo.com/static/js/main.79e9a9ca.js:2:4383545)
    at https://runtime-assets.adalo.com/static/js/main.79e9a9ca.js:2:4440547 {"source":{"type":"field","source":{"type":"data","tableId":"t_5fi9vn22j1ibyg3p7mizk8hlm","dataType":"object","selector":{"type":"SELECT_VALUE_SELECTOR","selectObjectId":"1d1eqqw7ub6ghlz5ltyfykwui"},"datasourceId":"a1ab1856443b44fcbe8d838f7fcfa88b"},"fieldId":"rawconferencelist_id","dataType":"number"}} @ https://runtime-assets.adalo.com/static/js/main.79e9a9ca.js:1
[   22735ms] [WARNING] SKIPPING ERRONEOUS DEPENDENCY Error: Selector failed: {"type":"SELECT_VALUE_SELECTOR","selectObjectId":"1d1eqqw7ub6ghlz5ltyfykwui"}
    at G (https://runtime-assets.adalo.com/static/js/main.79e9a9ca.js:2:468532)
    at t.getDependencies (https://runtime-assets.adalo.com/static/js/main.79e9a9ca.js:2:467260)
    at L.isManuallyPaginated (https://runtime-assets.adalo.com/static/js/main.79e9a9ca.js:2:348848)
    at L.getCurrentPageItems (https://runtime-assets.adalo.com/static/js/main.79e9a9ca.js:2:243407)
    at L.componentDidMount (https://runtime-assets.adalo.com/static/js/main.79e9a9ca.js:2:244442)
    at wl (https://runtime-assets.adalo.com/static/js/main.79e9a9ca.js:2:4437772)
    at bl (https://runtime-assets.adalo.com/static/js/main.79e9a9ca.js:2:4437545)
    at _l (https://runtime-assets.adalo.com/static/js/main.79e9a9ca.js:2:4437081)
    at https://runtime-assets.adalo.com/static/js/main.79e9a9ca.js:2:4448918
    at Su (https://runtime-assets.adalo.com/static/js/main.79e9a9ca.js:2:4449433)
    at uu (https://runtime-assets.adalo.com/static/js/main.79e9a9ca.js:2:4443152)
    at Wo (https://runtime-assets.adalo.com/static/js/main.79e9a9ca.js:2:4383545)
    at https://runtime-assets.adalo.com/static/js/main.79e9a9ca.js:2:4440547 {"source":{"type":"field","source":{"type":"data","tableId":"t_5fi9vn22j1ibyg3p7mizk8hlm","dataType":"object","selector":{"type":"SELECT_VALUE_SELECTOR","selectObjectId":"1d1eqqw7ub6ghlz5ltyfykwui"},"datasourceId":"a1ab1856443b44fcbe8d838f7fcfa88b"},"fieldId":"conference_name","dataType":"text"}} @ https://runtime-assets.adalo.com/static/js/main.79e9a9ca.js:1
[   22736ms] [WARNING] SKIPPING ERRONEOUS DEPENDENCY Error: Selector failed: {"type":"CURRENT_USER_SELECTOR"}
    at G (https://runtime-assets.adalo.com/static/js/main.79e9a9ca.js:2:468532)
    at t.getDependencies (https://runtime-assets.adalo.com/static/js/main.79e9a9ca.js:2:467260)
    at L.isManuallyPaginated (https://runtime-assets.adalo.com/static/js/main.79e9a9ca.js:2:348848)
    at L.getCurrentPageItems (https://runtime-assets.adalo.com/static/js/main.79e9a9ca.js:2:243407)
    at L.componentDidMount (https://runtime-assets.adalo.com/static/js/main.79e9a9ca.js:2:244442)
    at wl (https://runtime-assets.adalo.com/static/js/main.79e9a9ca.js:2:4437772)
    at bl (https://runtime-assets.adalo.com/static/js/main.79e9a9ca.js:2:4437545)
    at _l (https://runtime-assets.adalo.com/static/js/main.79e9a9ca.js:2:4437081)
    at https://runtime-assets.adalo.com/static/js/main.79e9a9ca.js:2:4448918
    at Su (https://runtime-assets.adalo.com/static/js/main.79e9a9ca.js:2:4449433)
    at uu (https://runtime-assets.adalo.com/static/js/main.79e9a9ca.js:2:4443152)
    at Wo (https://runtime-assets.adalo.com/static/js/main.79e9a9ca.js:2:4383545)
    at https://runtime-assets.adalo.com/static/js/main.79e9a9ca.js:2:4440547 {"id":"en0xhfc9kfg4dbn1n2pekc207","type":"binding","source":{"type":"field","source":{"type":"data","source":null,"tableId":"t_80c852bba70544a6a98079124dfc8e10","dataType":"object","selector":{"type":"CURRENT_USER_SELECTOR"},"datasourceId":"4dba133b22784a13b18b1a791cfdd211"},"fieldId":"remaining_credits","dataType":"number"},"options":{},"comparator":"<","comparison":"1","bindingType":"libraryProp"} @ https://runtime-assets.adalo.com/static/js/main.79e9a9ca.js:1
[   22783ms] [WARNING] SKIPPING ERRONEOUS DEPENDENCY Error: Selector failed: {"type":"SELECT_VALUE_SELECTOR","selectObjectId":"3bmmor6uwgy9d932vmz7r1pag"}
    at G (https://runtime-assets.adalo.com/static/js/main.79e9a9ca.js:2:468532)
    at t.getDependencies (https://runtime-assets.adalo.com/static/js/main.79e9a9ca.js:2:467260)
    at L.isManuallyPaginated (https://runtime-assets.adalo.com/static/js/main.79e9a9ca.js:2:348848)
    at L.render (https://runtime-assets.adalo.com/static/js/main.79e9a9ca.js:2:244984)
    at Ds (https://runtime-assets.adalo.com/static/js/main.79e9a9ca.js:2:4414574)
    at Ls (https://runtime-assets.adalo.com/static/js/main.79e9a9ca.js:2:4414370)
    at Ml (https://runtime-assets.adalo.com/static/js/main.79e9a9ca.js:2:4457902)
    at bu (https://runtime-assets.adalo.com/static/js/main.79e9a9ca.js:2:4446043)
    at vu (https://runtime-assets.adalo.com/static/js/main.79e9a9ca.js:2:4445971)
    at yu (https://runtime-assets.adalo.com/static/js/main.79e9a9ca.js:2:4445834)
    at uu (https://runtime-assets.adalo.com/static/js/main.79e9a9ca.js:2:4442950)
    at Wo (https://runtime-assets.adalo.com/static/js/main.79e9a9ca.js:2:4383545)
    at https://runtime-assets.adalo.com/static/js/main.79e9a9ca.js:2:4440547 {"id":"02o8nb343950hbjoqc2inwpre","type":"binding","label":"Lead_Score","source":{"type":"field","source":{"type":"data","tableId":"t_61ne992eubatuoqw8vephoi4k","dataType":"object","selector":{"type":"SELECT_VALUE_SELECTOR","selectObjectId":"3bmmor6uwgy9d932vmz7r1pag"},"datasourceId":"a1ab1856443b44fcbe8d838f7fcfa88b"},"fieldId":"Lead_Score","dataType":"text"},"bindingType":"libraryProp","childBindings":[],"siblingBindings":["7dreyduxg9ir4u4rhkd7kr07o","ayotx6lhqnky41mxfo2kjmf1m","4dp782249h0711rfptxmxnusd","4mvcbyyuliu16qctjhix48n3p","8go2kx093yc9aq84obz0drpbn","3seiwl38vg3mupppxfl22pc9l","3fe5qxnpwys9a38imtxg72rs6","8emt3wss18kxafeq3ky4i6bnv","61ynvdvadst0xiqxwh6qaf0ig","auo12ynqkhthr6wafsoiivcz9","eqsrvb46v1cwfz2kmkzlw3f83","b3s4hvzs0o1qnb29akq9x4ccy","8kvegdbaklcu0jsi56tpdlt4o","5nzi2adqdpyyqy5v1izrzohw1","92qxmmj03fcllsv5o3tf9kbhw","bt2sevpq7gr4l9nk2rs6x7bpf","bycnteo1nswgjajhmvbmo3nh0","0421zdtq1ubjapbkyvh3k699z","5ukthu1xzlli7nf8gmo3665ry","3dtdyu0h8pozjs9tj5b869sy6","60d0i4jtiujjzw2vwtsafefr4","drgxhyyti591j7ksmrk6zuwnw","4dehw2mdedgcobf9zhvijl0t5","dz5zps63gbxp5myyzrc9z92pz","f0ffzw2sy8q9ba5jukhixd3a6","8t0vjvopwqyg6j0nestwt6fyh","dy623trvqq4cvdv38sr4q58cq","9iqh9rix6rw6qbk1pylpkv7w2","5o7ru0lg62b4yhz0x1oxbk2j3","5nelavgl9i8vdjqh6g50tfp93","abffcay8ga7fn36czpylhp8lt","6gxinx0kj3ihqahs05hlntgi9","ck6le21ojgx8cuq8pljec4wyb","bp046lttdgs1e7qv7c3ijlyuf","akomfad25k6xbfj6mh6iwwim0","997lxf1t87ur1ffizgl83e9zz","dje2eg4fju391wdgbe5u6clx6","94tk5zsodvhvlgqhjfqu4skzr","62xgbll0f89svjorj65mjmsyb","5csyxiashddwlojgulpgdxm6b","audbvo0lbv6sbeqatgtmjtaic","e2kigyvlciwvg85n1esrwbqry","alz9018ekdkr5er2836gqrbxb","29h77ojxav0qjkh8euoq88b4r","0hjln8c8nsca49gpugfxfz18g","2cl5ozyjiqfue0bzwys9s1ro3","emxx4s2lpt160v4dqsvsgz9ap","4w0meq26guhjxm1ml1ubil4b4"]} @ https://runtime-assets.adalo.com/static/js/main.79e9a9ca.js:1
[   22785ms] [WARNING] SKIPPING ERRONEOUS DEPENDENCY Error: Selector failed: {"type":"CURRENT_USER_SELECTOR"}
    at G (https://runtime-assets.adalo.com/static/js/main.79e9a9ca.js:2:468532)
    at t.getDependencies (https://runtime-assets.adalo.com/static/js/main.79e9a9ca.js:2:467260)
    at L.isManuallyPaginated (https://runtime-assets.adalo.com/static/js/main.79e9a9ca.js:2:348848)
    at L.render (https://runtime-assets.adalo.com/static/js/main.79e9a9ca.js:2:244984)
    at Ds (https://runtime-assets.adalo.com/static/js/main.79e9a9ca.js:2:4414574)
    at Ls (https://runtime-assets.adalo.com/static/js/main.79e9a9ca.js:2:4414370)
    at Ml (https://runtime-assets.adalo.com/static/js/main.79e9a9ca.js:2:4457902)
    at bu (https://runtime-assets.adalo.com/static/js/main.79e9a9ca.js:2:4446043)
    at vu (https://runtime-assets.adalo.com/static/js/main.79e9a9ca.js:2:4445971)
    at yu (https://runtime-assets.adalo.com/static/js/main.79e9a9ca.js:2:4445834)
    at uu (https://runtime-assets.adalo.com/static/js/main.79e9a9ca.js:2:4442950)
    at Wo (https://runtime-assets.adalo.com/static/js/main.79e9a9ca.js:2:4383545)
    at https://runtime-assets.adalo.com/static/js/main.79e9a9ca.js:2:4440547 {"id":"7dreyduxg9ir4u4rhkd7kr07o","type":"binding","label":"name","source":{"type":"field","source":{"type":"data","source":null,"tableId":"t_80c852bba70544a6a98079124dfc8e10","dataType":"object","selector":{"type":"CURRENT_USER_SELECTOR"},"datasourceId":"4dba133b22784a13b18b1a791cfdd211"},"fieldId":"name","dataType":"text"},"bindingType":"libraryProp","childBindings":[],"siblingBindings":["ayotx6lhqnky41mxfo2kjmf1m","4dp782249h0711rfptxmxnusd","4mvcbyyuliu16qctjhix48n3p","8go2kx093yc9aq84obz0drpbn","3seiwl38vg3mupppxfl22pc9l","3fe5qxnpwys9a38imtxg72rs6","8emt3wss18kxafeq3ky4i6bnv","61ynvdvadst0xiqxwh6qaf0ig","auo12ynqkhthr6wafsoiivcz9","eqsrvb46v1cwfz2kmkzlw3f83","b3s4hvzs0o1qnb29akq9x4ccy","8kvegdbaklcu0jsi56tpdlt4o","5nzi2adqdpyyqy5v1izrzohw1","92qxmmj03fcllsv5o3tf9kbhw","bt2sevpq7gr4l9nk2rs6x7bpf","bycnteo1nswgjajhmvbmo3nh0","0421zdtq1ubjapbkyvh3k699z","5ukthu1xzlli7nf8gmo3665ry","3dtdyu0h8pozjs9tj5b869sy6","60d0i4jtiujjzw2vwtsafefr4","drgxhyyti591j7ksmrk6zuwnw","4dehw2mdedgcobf9zhvijl0t5","dz5zps63gbxp5myyzrc9z92pz","f0ffzw2sy8q9ba5jukhixd3a6","8t0vjvopwqyg6j0nestwt6fyh","02o8nb343950hbjoqc2inwpre","dy623trvqq4cvdv38sr4q58cq","9iqh9rix6rw6qbk1pylpkv7w2","5o7ru0lg62b4yhz0x1oxbk2j3","5nelavgl9i8vdjqh6g50tfp93","abffcay8ga7fn36czpylhp8lt","6gxinx0kj3ihqahs05hlntgi9","ck6le21ojgx8cuq8pljec4wyb","bp046lttdgs1e7qv7c3ijlyuf","akomfad25k6xbfj6mh6iwwim0","997lxf1t87ur1ffizgl83e9zz","dje2eg4fju391wdgbe5u6clx6","94tk5zsodvhvlgqhjfqu4skzr","62xgbll0f89svjorj65mjmsyb","5csyxiashddwlojgulpgdxm6b","audbvo0lbv6sbeqatgtmjtaic","e2kigyvlciwvg85n1esrwbqry","alz9018ekdkr5er2836gqrbxb","29h77ojxav0qjkh8euoq88b4r","0hjln8c8nsca49gpugfxfz18g","2cl5ozyjiqfue0bzwys9s1ro3","emxx4s2lpt160v4dqsvsgz9ap","4w0meq26guhjxm1ml1ubil4b4"]} @ https://runtime-assets.adalo.com/static/js/main.79e9a9ca.js:1
[   22785ms] [WARNING] SKIPPING ERRONEOUS DEPENDENCY Error: Selector failed: {"type":"SELECT_VALUE_SELECTOR","selectObjectId":"7w4vqjjkneryup0qx6nyd5sox"}
    at G (https://runtime-assets.adalo.com/static/js/main.79e9a9ca.js:2:468532)
    at t.getDependencies (https://runtime-assets.adalo.com/static/js/main.79e9a9ca.js:2:467260)
    at L.isManuallyPaginated (https://runtime-assets.adalo.com/static/js/main.79e9a9ca.js:2:348848)
    at L.render (https://runtime-assets.adalo.com/static/js/main.79e9a9ca.js:2:244984)
    at Ds (https://runtime-assets.adalo.com/static/js/main.79e9a9ca.js:2:4414574)
    at Ls (https://runtime-assets.adalo.com/static/js/main.79e9a9ca.js:2:4414370)
    at Ml (https://runtime-assets.adalo.com/static/js/main.79e9a9ca.js:2:4457902)
    at bu (https://runtime-assets.adalo.com/static/js/main.79e9a9ca.js:2:4446043)
    at vu (https://runtime-assets.adalo.com/static/js/main.79e9a9ca.js:2:4445971)
    at yu (https://runtime-assets.adalo.com/static/js/main.79e9a9ca.js:2:4445834)
    at uu (https://runtime-assets.adalo.com/static/js/main.79e9a9ca.js:2:4442950)
    at Wo (https://runtime-assets.adalo.com/static/js/main.79e9a9ca.js:2:4383545)
    at https://runtime-assets.adalo.com/static/js/main.79e9a9ca.js:2:4440547 {"id":"9iqh9rix6rw6qbk1pylpkv7w2","type":"binding","label":"ID","format":{"type":"commas"},"source":{"type":"field","source":{"type":"data","tableId":"t_5idhcbl2zu1px4fff99qt26gw","dataType":"object","selector":{"type":"SELECT_VALUE_SELECTOR","selectObjectId":"7w4vqjjkneryup0qx6nyd5sox"},"datasourceId":"a1ab1856443b44fcbe8d838f7fcfa88b"},"fieldId":"id","dataType":"number"},"bindingType":"libraryProp","childBindings":[],"siblingBindings":["7dreyduxg9ir4u4rhkd7kr07o","ayotx6lhqnky41mxfo2kjmf1m","4dp782249h0711rfptxmxnusd","4mvcbyyuliu16qctjhix48n3p","8go2kx093yc9aq84obz0drpbn","3seiwl38vg3mupppxfl22pc9l","3fe5qxnpwys9a38imtxg72rs6","8emt3wss18kxafeq3ky4i6bnv","61ynvdvadst0xiqxwh6qaf0ig","auo12ynqkhthr6wafsoiivcz9","eqsrvb46v1cwfz2kmkzlw3f83","b3s4hvzs0o1qnb29akq9x4ccy","8kvegdbaklcu0jsi56tpdlt4o","5nzi2adqdpyyqy5v1izrzohw1","92qxmmj03fcllsv5o3tf9kbhw","bt2sevpq7gr4l9nk2rs6x7bpf","bycnteo1nswgjajhmvbmo3nh0","0421zdtq1ubjapbkyvh3k699z","5ukthu1xzlli7nf8gmo3665ry","3dtdyu0h8pozjs9tj5b869sy6","60d0i4jtiujjzw2vwtsafefr4","drgxhyyti591j7ksmrk6zuwnw","4dehw2mdedgcobf9zhvijl0t5","dz5zps63gbxp5myyzrc9z92pz","f0ffzw2sy8q9ba5jukhixd3a6","8t0vjvopwqyg6j0nestwt6fyh","02o8nb343950hbjoqc2inwpre","dy623trvqq4cvdv38sr4q58cq","5o7ru0lg62b4yhz0x1oxbk2j3","5nelavgl9i8vdjqh6g50tfp93","abffcay8ga7fn36czpylhp8lt","6gxinx0kj3ihqahs05hlntgi9","ck6le21ojgx8cuq8pljec4wyb","bp046lttdgs1e7qv7c3ijlyuf","akomfad25k6xbfj6mh6iwwim0","997lxf1t87ur1ffizgl83e9zz","dje2eg4fju391wdgbe5u6clx6","94tk5zsodvhvlgqhjfqu4skzr","62xgbll0f89svjorj65mjmsyb","5csyxiashddwlojgulpgdxm6b","audbvo0lbv6sbeqatgtmjtaic","e2kigyvlciwvg85n1esrwbqry","alz9018ekdkr5er2836gqrbxb","29h77ojxav0qjkh8euoq88b4r","0hjln8c8nsca49gpugfxfz18g","2cl5ozyjiqfue0bzwys9s1ro3","emxx4s2lpt160v4dqsvsgz9ap","4w0meq26guhjxm1ml1ubil4b4"]} @ https://runtime-assets.adalo.com/static/js/main.79e9a9ca.js:1
[   22787ms] [WARNING] SKIPPING ERRONEOUS DEPENDENCY Error: Selector failed: {"type":"SELECT_VALUE_SELECTOR","selectObjectId":"1d1eqqw7ub6ghlz5ltyfykwui"}
    at G (https://runtime-assets.adalo.com/static/js/main.79e9a9ca.js:2:468532)
    at t.getDependencies (https://runtime-assets.adalo.com/static/js/main.79e9a9ca.js:2:467260)
    at L.isManuallyPaginated (https://runtime-assets.adalo.com/static/js/main.79e9a9ca.js:2:348848)
    at L.render (https://runtime-assets.adalo.com/static/js/main.79e9a9ca.js:2:244984)
    at Ds (https://runtime-assets.adalo.com/static/js/main.79e9a9ca.js:2:4414574)
    at Ls (https://runtime-assets.adalo.com/static/js/main.79e9a9ca.js:2:4414370)
    at Ml (https://runtime-assets.adalo.com/static/js/main.79e9a9ca.js:2:4457902)
    at bu (https://runtime-assets.adalo.com/static/js/main.79e9a9ca.js:2:4446043)
    at vu (https://runtime-assets.adalo.com/static/js/main.79e9a9ca.js:2:4445971)
    at yu (https://runtime-assets.adalo.com/static/js/main.79e9a9ca.js:2:4445834)
    at uu (https://runtime-assets.adalo.com/static/js/main.79e9a9ca.js:2:4442950)
    at Wo (https://runtime-assets.adalo.com/static/js/main.79e9a9ca.js:2:4383545)
    at https://runtime-assets.adalo.com/static/js/main.79e9a9ca.js:2:4440547 {"id":"5784tdv70verd4m24w9964bg7","type":"binding","label":"conference_name","source":{"type":"field","source":{"type":"data","tableId":"t_5fi9vn22j1ibyg3p7mizk8hlm","dataType":"object","selector":{"type":"SELECT_VALUE_SELECTOR","selectObjectId":"1d1eqqw7ub6ghlz5ltyfykwui"},"datasourceId":"a1ab1856443b44fcbe8d838f7fcfa88b"},"fieldId":"conference_name","dataType":"text"},"bindingType":"libraryProp"} @ https://runtime-assets.adalo.com/static/js/main.79e9a9ca.js:1
[   22787ms] [WARNING] SKIPPING ERRONEOUS DEPENDENCY Error: Selector failed: {"type":"SELECT_VALUE_SELECTOR","selectObjectId":"1d1eqqw7ub6ghlz5ltyfykwui"}
    at G (https://runtime-assets.adalo.com/static/js/main.79e9a9ca.js:2:468532)
    at t.getDependencies (https://runtime-assets.adalo.com/static/js/main.79e9a9ca.js:2:467260)
    at L.isManuallyPaginated (https://runtime-assets.adalo.com/static/js/main.79e9a9ca.js:2:348848)
    at L.render (https://runtime-assets.adalo.com/static/js/main.79e9a9ca.js:2:244984)
    at Ds (https://runtime-assets.adalo.com/static/js/main.79e9a9ca.js:2:4414574)
    at Ls (https://runtime-assets.adalo.com/static/js/main.79e9a9ca.js:2:4414370)
    at Ml (https://runtime-assets.adalo.com/static/js/main.79e9a9ca.js:2:4457902)
    at bu (https://runtime-assets.adalo.com/static/js/main.79e9a9ca.js:2:4446043)
    at vu (https://runtime-assets.adalo.com/static/js/main.79e9a9ca.js:2:4445971)
    at yu (https://runtime-assets.adalo.com/static/js/main.79e9a9ca.js:2:4445834)
    at uu (https://runtime-assets.adalo.com/static/js/main.79e9a9ca.js:2:4442950)
    at Wo (https://runtime-assets.adalo.com/static/js/main.79e9a9ca.js:2:4383545)
    at https://runtime-assets.adalo.com/static/js/main.79e9a9ca.js:2:4440547 {"id":"2eo1n1hgrwy23q7u805um8qid","type":"binding","format":{"type":"commas"},"source":{"type":"field","source":{"type":"data","tableId":"t_5fi9vn22j1ibyg3p7mizk8hlm","dataType":"object","selector":{"type":"SELECT_VALUE_SELECTOR","selectObjectId":"1d1eqqw7ub6ghlz5ltyfykwui"},"datasourceId":"a1ab1856443b44fcbe8d838f7fcfa88b"},"fieldId":"rawconferencelist_id","dataType":"number"},"bindingType":"libraryProp"} @ https://runtime-assets.adalo.com/static/js/main.79e9a9ca.js:1
[   22787ms] [WARNING] SKIPPING ERRONEOUS DEPENDENCY Error: Selector failed: {"type":"SELECT_VALUE_SELECTOR","selectObjectId":"1d1eqqw7ub6ghlz5ltyfykwui"}
    at G (https://runtime-assets.adalo.com/static/js/main.79e9a9ca.js:2:468532)
    at t.getDependencies (https://runtime-assets.adalo.com/static/js/main.79e9a9ca.js:2:467260)
    at L.isManuallyPaginated (https://runtime-assets.adalo.com/static/js/main.79e9a9ca.js:2:348848)
    at L.render (https://runtime-assets.adalo.com/static/js/main.79e9a9ca.js:2:244984)
    at Ds (https://runtime-assets.adalo.com/static/js/main.79e9a9ca.js:2:4414574)
    at Ls (https://runtime-assets.adalo.com/static/js/main.79e9a9ca.js:2:4414370)
    at Ml (https://runtime-assets.adalo.com/static/js/main.79e9a9ca.js:2:4457902)
    at bu (https://runtime-assets.adalo.com/static/js/main.79e9a9ca.js:2:4446043)
    at vu (https://runtime-assets.adalo.com/static/js/main.79e9a9ca.js:2:4445971)
    at yu (https://runtime-assets.adalo.com/static/js/main.79e9a9ca.js:2:4445834)
    at uu (https://runtime-assets.adalo.com/static/js/main.79e9a9ca.js:2:4442950)
    at Wo (https://runtime-assets.adalo.com/static/js/main.79e9a9ca.js:2:4383545)
    at https://runtime-assets.adalo.com/static/js/main.79e9a9ca.js:2:4440547 {"source":{"type":"field","source":{"type":"data","tableId":"t_5fi9vn22j1ibyg3p7mizk8hlm","dataType":"object","selector":{"type":"SELECT_VALUE_SELECTOR","selectObjectId":"1d1eqqw7ub6ghlz5ltyfykwui"},"datasourceId":"a1ab1856443b44fcbe8d838f7fcfa88b"},"fieldId":"rawconferencelist_id","dataType":"number"}} @ https://runtime-assets.adalo.com/static/js/main.79e9a9ca.js:1
[   22788ms] [WARNING] SKIPPING ERRONEOUS DEPENDENCY Error: Selector failed: {"type":"SELECT_VALUE_SELECTOR","selectObjectId":"1d1eqqw7ub6ghlz5ltyfykwui"}
    at G (https://runtime-assets.adalo.com/static/js/main.79e9a9ca.js:2:468532)
    at t.getDependencies (https://runtime-assets.adalo.com/static/js/main.79e9a9ca.js:2:467260)
    at L.isManuallyPaginated (https://runtime-assets.adalo.com/static/js/main.79e9a9ca.js:2:348848)
    at L.render (https://runtime-assets.adalo.com/static/js/main.79e9a9ca.js:2:244984)
    at Ds (https://runtime-assets.adalo.com/static/js/main.79e9a9ca.js:2:4414574)
    at Ls (https://runtime-assets.adalo.com/static/js/main.79e9a9ca.js:2:4414370)
    at Ml (https://runtime-assets.adalo.com/static/js/main.79e9a9ca.js:2:4457902)
    at bu (https://runtime-assets.adalo.com/static/js/main.79e9a9ca.js:2:4446043)
    at vu (https://runtime-assets.adalo.com/static/js/main.79e9a9ca.js:2:4445971)
    at yu (https://runtime-assets.adalo.com/static/js/main.79e9a9ca.js:2:4445834)
    at uu (https://runtime-assets.adalo.com/static/js/main.79e9a9ca.js:2:4442950)
    at Wo (https://runtime-assets.adalo.com/static/js/main.79e9a9ca.js:2:4383545)
    at https://runtime-assets.adalo.com/static/js/main.79e9a9ca.js:2:4440547 {"source":{"type":"field","source":{"type":"data","tableId":"t_5fi9vn22j1ibyg3p7mizk8hlm","dataType":"object","selector":{"type":"SELECT_VALUE_SELECTOR","selectObjectId":"1d1eqqw7ub6ghlz5ltyfykwui"},"datasourceId":"a1ab1856443b44fcbe8d838f7fcfa88b"},"fieldId":"conference_name","dataType":"text"}} @ https://runtime-assets.adalo.com/static/js/main.79e9a9ca.js:1
[   22788ms] [WARNING] SKIPPING ERRONEOUS DEPENDENCY Error: Selector failed: {"type":"CURRENT_USER_SELECTOR"}
    at G (https://runtime-assets.adalo.com/static/js/main.79e9a9ca.js:2:468532)
    at t.getDependencies (https://runtime-assets.adalo.com/static/js/main.79e9a9ca.js:2:467260)
    at L.isManuallyPaginated (https://runtime-assets.adalo.com/static/js/main.79e9a9ca.js:2:348848)
    at L.render (https://runtime-assets.adalo.com/static/js/main.79e9a9ca.js:2:244984)
    at Ds (https://runtime-assets.adalo.com/static/js/main.79e9a9ca.js:2:4414574)
    at Ls (https://runtime-assets.adalo.com/static/js/main.79e9a9ca.js:2:4414370)
    at Ml (https://runtime-assets.adalo.com/static/js/main.79e9a9ca.js:2:4457902)
    at bu (https://runtime-assets.adalo.com/static/js/main.79e9a9ca.js:2:4446043)
    at vu (https://runtime-assets.adalo.com/static/js/main.79e9a9ca.js:2:4445971)
    at yu (https://runtime-assets.adalo.com/static/js/main.79e9a9ca.js:2:4445834)
    at uu (https://runtime-assets.adalo.com/static/js/main.79e9a9ca.js:2:4442950)
    at Wo (https://runtime-assets.adalo.com/static/js/main.79e9a9ca.js:2:4383545)
    at https://runtime-assets.adalo.com/static/js/main.79e9a9ca.js:2:4440547 {"id":"en0xhfc9kfg4dbn1n2pekc207","type":"binding","source":{"type":"field","source":{"type":"data","source":null,"tableId":"t_80c852bba70544a6a98079124dfc8e10","dataType":"object","selector":{"type":"CURRENT_USER_SELECTOR"},"datasourceId":"4dba133b22784a13b18b1a791cfdd211"},"fieldId":"remaining_credits","dataType":"number"},"options":{},"comparator":"<","comparison":"1","bindingType":"libraryProp"} @ https://runtime-assets.adalo.com/static/js/main.79e9a9ca.js:1
[   24885ms] [WARNING] SKIPPING ERRONEOUS DEPENDENCY Error: Selector failed: {"type":"SELECT_VALUE_SELECTOR","selectObjectId":"3bmmor6uwgy9d932vmz7r1pag"}
    at G (https://runtime-assets.adalo.com/static/js/main.79e9a9ca.js:2:468532)
    at t.getDependencies (https://runtime-assets.adalo.com/static/js/main.79e9a9ca.js:2:467260)
    at L.isManuallyPaginated (https://runtime-assets.adalo.com/static/js/main.79e9a9ca.js:2:348848)
    at L.render (https://runtime-assets.adalo.com/static/js/main.79e9a9ca.js:2:244984)
    at Ds (https://runtime-assets.adalo.com/static/js/main.79e9a9ca.js:2:4414574)
    at Ls (https://runtime-assets.adalo.com/static/js/main.79e9a9ca.js:2:4414370)
    at Ml (https://runtime-assets.adalo.com/static/js/main.79e9a9ca.js:2:4457902)
    at bu (https://runtime-assets.adalo.com/static/js/main.79e9a9ca.js:2:4446043)
    at vu (https://runtime-assets.adalo.com/static/js/main.79e9a9ca.js:2:4445971)
    at yu (https://runtime-assets.adalo.com/static/js/main.79e9a9ca.js:2:4445834)
    at au (https://runtime-assets.adalo.com/static/js/main.79e9a9ca.js:2:4440938)
    at S (https://runtime-assets.adalo.com/static/js/main.79e9a9ca.js:2:4731959)
    at I (https://runtime-assets.adalo.com/static/js/main.79e9a9ca.js:2:4732493)
    at O.<computed> (https://runtime-assets.adalo.com/static/js/main.79e9a9ca.js:2:4028835)
    at D (https://runtime-assets.adalo.com/static/js/main.79e9a9ca.js:2:4028604)
    at MessagePort.P (https://runtime-assets.adalo.com/static/js/main.79e9a9ca.js:2:4028663) {"id":"02o8nb343950hbjoqc2inwpre","type":"binding","label":"Lead_Score","source":{"type":"field","source":{"type":"data","tableId":"t_61ne992eubatuoqw8vephoi4k","dataType":"object","selector":{"type":"SELECT_VALUE_SELECTOR","selectObjectId":"3bmmor6uwgy9d932vmz7r1pag"},"datasourceId":"a1ab1856443b44fcbe8d838f7fcfa88b"},"fieldId":"Lead_Score","dataType":"text"},"bindingType":"libraryProp","childBindings":[],"siblingBindings":["7dreyduxg9ir4u4rhkd7kr07o","ayotx6lhqnky41mxfo2kjmf1m","4dp782249h0711rfptxmxnusd","4mvcbyyuliu16qctjhix48n3p","8go2kx093yc9aq84obz0drpbn","3seiwl38vg3mupppxfl22pc9l","3fe5qxnpwys9a38imtxg72rs6","8emt3wss18kxafeq3ky4i6bnv","61ynvdvadst0xiqxwh6qaf0ig","auo12ynqkhthr6wafsoiivcz9","eqsrvb46v1cwfz2kmkzlw3f83","b3s4hvzs0o1qnb29akq9x4ccy","8kvegdbaklcu0jsi56tpdlt4o","5nzi2adqdpyyqy5v1izrzohw1","92qxmmj03fcllsv5o3tf9kbhw","bt2sevpq7gr4l9nk2rs6x7bpf","bycnteo1nswgjajhmvbmo3nh0","0421zdtq1ubjapbkyvh3k699z","5ukthu1xzlli7nf8gmo3665ry","3dtdyu0h8pozjs9tj5b869sy6","60d0i4jtiujjzw2vwtsafefr4","drgxhyyti591j7ksmrk6zuwnw","4dehw2mdedgcobf9zhvijl0t5","dz5zps63gbxp5myyzrc9z92pz","f0ffzw2sy8q9ba5jukhixd3a6","8t0vjvopwqyg6j0nestwt6fyh","dy623trvqq4cvdv38sr4q58cq","9iqh9rix6rw6qbk1pylpkv7w2","5o7ru0lg62b4yhz0x1oxbk2j3","5nelavgl9i8vdjqh6g50tfp93","abffcay8ga7fn36czpylhp8lt","6gxinx0kj3ihqahs05hlntgi9","ck6le21ojgx8cuq8pljec4wyb","bp046lttdgs1e7qv7c3ijlyuf","akomfad25k6xbfj6mh6iwwim0","997lxf1t87ur1ffizgl83e9zz","dje2eg4fju391wdgbe5u6clx6","94tk5zsodvhvlgqhjfqu4skzr","62xgbll0f89svjorj65mjmsyb","5csyxiashddwlojgulpgdxm6b","audbvo0lbv6sbeqatgtmjtaic","e2kigyvlciwvg85n1esrwbqry","alz9018ekdkr5er2836gqrbxb","29h77ojxav0qjkh8euoq88b4r","0hjln8c8nsca49gpugfxfz18g","2cl5ozyjiqfue0bzwys9s1ro3","emxx4s2lpt160v4dqsvsgz9ap","4w0meq26guhjxm1ml1ubil4b4"]} @ https://runtime-assets.adalo.com/static/js/main.79e9a9ca.js:1
[   24887ms] [WARNING] SKIPPING ERRONEOUS DEPENDENCY Error: Selector failed: {"type":"CURRENT_USER_SELECTOR"}
    at G (https://runtime-assets.adalo.com/static/js/main.79e9a9ca.js:2:468532)
    at t.getDependencies (https://runtime-assets.adalo.com/static/js/main.79e9a9ca.js:2:467260)
    at L.isManuallyPaginated (https://runtime-assets.adalo.com/static/js/main.79e9a9ca.js:2:348848)
    at L.render (https://runtime-assets.adalo.com/static/js/main.79e9a9ca.js:2:244984)
    at Ds (https://runtime-assets.adalo.com/static/js/main.79e9a9ca.js:2:4414574)
    at Ls (https://runtime-assets.adalo.com/static/js/main.79e9a9ca.js:2:4414370)
    at Ml (https://runtime-assets.adalo.com/static/js/main.79e9a9ca.js:2:4457902)
    at bu (https://runtime-assets.adalo.com/static/js/main.79e9a9ca.js:2:4446043)
    at vu (https://runtime-assets.adalo.com/static/js/main.79e9a9ca.js:2:4445971)
    at yu (https://runtime-assets.adalo.com/static/js/main.79e9a9ca.js:2:4445834)
    at au (https://runtime-assets.adalo.com/static/js/main.79e9a9ca.js:2:4440938)
    at S (https://runtime-assets.adalo.com/static/js/main.79e9a9ca.js:2:4731959)
    at I (https://runtime-assets.adalo.com/static/js/main.79e9a9ca.js:2:4732493)
    at O.<computed> (https://runtime-assets.adalo.com/static/js/main.79e9a9ca.js:2:4028835)
    at D (https://runtime-assets.adalo.com/static/js/main.79e9a9ca.js:2:4028604)
    at MessagePort.P (https://runtime-assets.adalo.com/static/js/main.79e9a9ca.js:2:4028663) {"id":"7dreyduxg9ir4u4rhkd7kr07o","type":"binding","label":"name","source":{"type":"field","source":{"type":"data","source":null,"tableId":"t_80c852bba70544a6a98079124dfc8e10","dataType":"object","selector":{"type":"CURRENT_USER_SELECTOR"},"datasourceId":"4dba133b22784a13b18b1a791cfdd211"},"fieldId":"name","dataType":"text"},"bindingType":"libraryProp","childBindings":[],"siblingBindings":["ayotx6lhqnky41mxfo2kjmf1m","4dp782249h0711rfptxmxnusd","4mvcbyyuliu16qctjhix48n3p","8go2kx093yc9aq84obz0drpbn","3seiwl38vg3mupppxfl22pc9l","3fe5qxnpwys9a38imtxg72rs6","8emt3wss18kxafeq3ky4i6bnv","61ynvdvadst0xiqxwh6qaf0ig","auo12ynqkhthr6wafsoiivcz9","eqsrvb46v1cwfz2kmkzlw3f83","b3s4hvzs0o1qnb29akq9x4ccy","8kvegdbaklcu0jsi56tpdlt4o","5nzi2adqdpyyqy5v1izrzohw1","92qxmmj03fcllsv5o3tf9kbhw","bt2sevpq7gr4l9nk2rs6x7bpf","bycnteo1nswgjajhmvbmo3nh0","0421zdtq1ubjapbkyvh3k699z","5ukthu1xzlli7nf8gmo3665ry","3dtdyu0h8pozjs9tj5b869sy6","60d0i4jtiujjzw2vwtsafefr4","drgxhyyti591j7ksmrk6zuwnw","4dehw2mdedgcobf9zhvijl0t5","dz5zps63gbxp5myyzrc9z92pz","f0ffzw2sy8q9ba5jukhixd3a6","8t0vjvopwqyg6j0nestwt6fyh","02o8nb343950hbjoqc2inwpre","dy623trvqq4cvdv38sr4q58cq","9iqh9rix6rw6qbk1pylpkv7w2","5o7ru0lg62b4yhz0x1oxbk2j3","5nelavgl9i8vdjqh6g50tfp93","abffcay8ga7fn36czpylhp8lt","6gxinx0kj3ihqahs05hlntgi9","ck6le21ojgx8cuq8pljec4wyb","bp046lttdgs1e7qv7c3ijlyuf","akomfad25k6xbfj6mh6iwwim0","997lxf1t87ur1ffizgl83e9zz","dje2eg4fju391wdgbe5u6clx6","94tk5zsodvhvlgqhjfqu4skzr","62xgbll0f89svjorj65mjmsyb","5csyxiashddwlojgulpgdxm6b","audbvo0lbv6sbeqatgtmjtaic","e2kigyvlciwvg85n1esrwbqry","alz9018ekdkr5er2836gqrbxb","29h77ojxav0qjkh8euoq88b4r","0hjln8c8nsca49gpugfxfz18g","2cl5ozyjiqfue0bzwys9s1ro3","emxx4s2lpt160v4dqsvsgz9ap","4w0meq26guhjxm1ml1ubil4b4"]} @ https://runtime-assets.adalo.com/static/js/main.79e9a9ca.js:1
[   24887ms] [WARNING] SKIPPING ERRONEOUS DEPENDENCY Error: Selector failed: {"type":"SELECT_VALUE_SELECTOR","selectObjectId":"7w4vqjjkneryup0qx6nyd5sox"}
    at G (https://runtime-assets.adalo.com/static/js/main.79e9a9ca.js:2:468532)
    at t.getDependencies (https://runtime-assets.adalo.com/static/js/main.79e9a9ca.js:2:467260)
    at L.isManuallyPaginated (https://runtime-assets.adalo.com/static/js/main.79e9a9ca.js:2:348848)
    at L.render (https://runtime-assets.adalo.com/static/js/main.79e9a9ca.js:2:244984)
    at Ds (https://runtime-assets.adalo.com/static/js/main.79e9a9ca.js:2:4414574)
    at Ls (https://runtime-assets.adalo.com/static/js/main.79e9a9ca.js:2:4414370)
    at Ml (https://runtime-assets.adalo.com/static/js/main.79e9a9ca.js:2:4457902)
    at bu (https://runtime-assets.adalo.com/static/js/main.79e9a9ca.js:2:4446043)
    at vu (https://runtime-assets.adalo.com/static/js/main.79e9a9ca.js:2:4445971)
    at yu (https://runtime-assets.adalo.com/static/js/main.79e9a9ca.js:2:4445834)
    at au (https://runtime-assets.adalo.com/static/js/main.79e9a9ca.js:2:4440938)
    at S (https://runtime-assets.adalo.com/static/js/main.79e9a9ca.js:2:4731959)
    at I (https://runtime-assets.adalo.com/static/js/main.79e9a9ca.js:2:4732493)
    at O.<computed> (https://runtime-assets.adalo.com/static/js/main.79e9a9ca.js:2:4028835)
    at D (https://runtime-assets.adalo.com/static/js/main.79e9a9ca.js:2:4028604)
    at MessagePort.P (https://runtime-assets.adalo.com/static/js/main.79e9a9ca.js:2:4028663) {"id":"9iqh9rix6rw6qbk1pylpkv7w2","type":"binding","label":"ID","format":{"type":"commas"},"source":{"type":"field","source":{"type":"data","tableId":"t_5idhcbl2zu1px4fff99qt26gw","dataType":"object","selector":{"type":"SELECT_VALUE_SELECTOR","selectObjectId":"7w4vqjjkneryup0qx6nyd5sox"},"datasourceId":"a1ab1856443b44fcbe8d838f7fcfa88b"},"fieldId":"id","dataType":"number"},"bindingType":"libraryProp","childBindings":[],"siblingBindings":["7dreyduxg9ir4u4rhkd7kr07o","ayotx6lhqnky41mxfo2kjmf1m","4dp782249h0711rfptxmxnusd","4mvcbyyuliu16qctjhix48n3p","8go2kx093yc9aq84obz0drpbn","3seiwl38vg3mupppxfl22pc9l","3fe5qxnpwys9a38imtxg72rs6","8emt3wss18kxafeq3ky4i6bnv","61ynvdvadst0xiqxwh6qaf0ig","auo12ynqkhthr6wafsoiivcz9","eqsrvb46v1cwfz2kmkzlw3f83","b3s4hvzs0o1qnb29akq9x4ccy","8kvegdbaklcu0jsi56tpdlt4o","5nzi2adqdpyyqy5v1izrzohw1","92qxmmj03fcllsv5o3tf9kbhw","bt2sevpq7gr4l9nk2rs6x7bpf","bycnteo1nswgjajhmvbmo3nh0","0421zdtq1ubjapbkyvh3k699z","5ukthu1xzlli7nf8gmo3665ry","3dtdyu0h8pozjs9tj5b869sy6","60d0i4jtiujjzw2vwtsafefr4","drgxhyyti591j7ksmrk6zuwnw","4dehw2mdedgcobf9zhvijl0t5","dz5zps63gbxp5myyzrc9z92pz","f0ffzw2sy8q9ba5jukhixd3a6","8t0vjvopwqyg6j0nestwt6fyh","02o8nb343950hbjoqc2inwpre","dy623trvqq4cvdv38sr4q58cq","5o7ru0lg62b4yhz0x1oxbk2j3","5nelavgl9i8vdjqh6g50tfp93","abffcay8ga7fn36czpylhp8lt","6gxinx0kj3ihqahs05hlntgi9","ck6le21ojgx8cuq8pljec4wyb","bp046lttdgs1e7qv7c3ijlyuf","akomfad25k6xbfj6mh6iwwim0","997lxf1t87ur1ffizgl83e9zz","dje2eg4fju391wdgbe5u6clx6","94tk5zsodvhvlgqhjfqu4skzr","62xgbll0f89svjorj65mjmsyb","5csyxiashddwlojgulpgdxm6b","audbvo0lbv6sbeqatgtmjtaic","e2kigyvlciwvg85n1esrwbqry","alz9018ekdkr5er2836gqrbxb","29h77ojxav0qjkh8euoq88b4r","0hjln8c8nsca49gpugfxfz18g","2cl5ozyjiqfue0bzwys9s1ro3","emxx4s2lpt160v4dqsvsgz9ap","4w0meq26guhjxm1ml1ubil4b4"]} @ https://runtime-assets.adalo.com/static/js/main.79e9a9ca.js:1
[   24888ms] [WARNING] SKIPPING ERRONEOUS DEPENDENCY Error: Selector failed: {"type":"SELECT_VALUE_SELECTOR","selectObjectId":"1d1eqqw7ub6ghlz5ltyfykwui"}
    at G (https://runtime-assets.adalo.com/static/js/main.79e9a9ca.js:2:468532)
    at t.getDependencies (https://runtime-assets.adalo.com/static/js/main.79e9a9ca.js:2:467260)
    at L.isManuallyPaginated (https://runtime-assets.adalo.com/static/js/main.79e9a9ca.js:2:348848)
    at L.render (https://runtime-assets.adalo.com/static/js/main.79e9a9ca.js:2:244984)
    at Ds (https://runtime-assets.adalo.com/static/js/main.79e9a9ca.js:2:4414574)
    at Ls (https://runtime-assets.adalo.com/static/js/main.79e9a9ca.js:2:4414370)
    at Ml (https://runtime-assets.adalo.com/static/js/main.79e9a9ca.js:2:4457902)
    at bu (https://runtime-assets.adalo.com/static/js/main.79e9a9ca.js:2:4446043)
    at vu (https://runtime-assets.adalo.com/static/js/main.79e9a9ca.js:2:4445971)
    at yu (https://runtime-assets.adalo.com/static/js/main.79e9a9ca.js:2:4445834)
    at au (https://runtime-assets.adalo.com/static/js/main.79e9a9ca.js:2:4440938)
    at S (https://runtime-assets.adalo.com/static/js/main.79e9a9ca.js:2:4731959)
    at I (https://runtime-assets.adalo.com/static/js/main.79e9a9ca.js:2:4732493)
    at O.<computed> (https://runtime-assets.adalo.com/static/js/main.79e9a9ca.js:2:4028835)
    at D (https://runtime-assets.adalo.com/static/js/main.79e9a9ca.js:2:4028604)
    at MessagePort.P (https://runtime-assets.adalo.com/static/js/main.79e9a9ca.js:2:4028663) {"id":"5784tdv70verd4m24w9964bg7","type":"binding","label":"conference_name","source":{"type":"field","source":{"type":"data","tableId":"t_5fi9vn22j1ibyg3p7mizk8hlm","dataType":"object","selector":{"type":"SELECT_VALUE_SELECTOR","selectObjectId":"1d1eqqw7ub6ghlz5ltyfykwui"},"datasourceId":"a1ab1856443b44fcbe8d838f7fcfa88b"},"fieldId":"conference_name","dataType":"text"},"bindingType":"libraryProp"} @ https://runtime-assets.adalo.com/static/js/main.79e9a9ca.js:1
[   24888ms] [WARNING] SKIPPING ERRONEOUS DEPENDENCY Error: Selector failed: {"type":"SELECT_VALUE_SELECTOR","selectObjectId":"1d1eqqw7ub6ghlz5ltyfykwui"}
    at G (https://runtime-assets.adalo.com/static/js/main.79e9a9ca.js:2:468532)
    at t.getDependencies (https://runtime-assets.adalo.com/static/js/main.79e9a9ca.js:2:467260)
    at L.isManuallyPaginated (https://runtime-assets.adalo.com/static/js/main.79e9a9ca.js:2:348848)
    at L.render (https://runtime-assets.adalo.com/static/js/main.79e9a9ca.js:2:244984)
    at Ds (https://runtime-assets.adalo.com/static/js/main.79e9a9ca.js:2:4414574)
    at Ls (https://runtime-assets.adalo.com/static/js/main.79e9a9ca.js:2:4414370)
    at Ml (https://runtime-assets.adalo.com/static/js/main.79e9a9ca.js:2:4457902)
    at bu (https://runtime-assets.adalo.com/static/js/main.79e9a9ca.js:2:4446043)
    at vu (https://runtime-assets.adalo.com/static/js/main.79e9a9ca.js:2:4445971)
    at yu (https://runtime-assets.adalo.com/static/js/main.79e9a9ca.js:2:4445834)
    at au (https://runtime-assets.adalo.com/static/js/main.79e9a9ca.js:2:4440938)
    at S (https://runtime-assets.adalo.com/static/js/main.79e9a9ca.js:2:4731959)
    at I (https://runtime-assets.adalo.com/static/js/main.79e9a9ca.js:2:4732493)
    at O.<computed> (https://runtime-assets.adalo.com/static/js/main.79e9a9ca.js:2:4028835)
    at D (https://runtime-assets.adalo.com/static/js/main.79e9a9ca.js:2:4028604)
    at MessagePort.P (https://runtime-assets.adalo.com/static/js/main.79e9a9ca.js:2:4028663) {"id":"2eo1n1hgrwy23q7u805um8qid","type":"binding","format":{"type":"commas"},"source":{"type":"field","source":{"type":"data","tableId":"t_5fi9vn22j1ibyg3p7mizk8hlm","dataType":"object","selector":{"type":"SELECT_VALUE_SELECTOR","selectObjectId":"1d1eqqw7ub6ghlz5ltyfykwui"},"datasourceId":"a1ab1856443b44fcbe8d838f7fcfa88b"},"fieldId":"rawconferencelist_id","dataType":"number"},"bindingType":"libraryProp"} @ https://runtime-assets.adalo.com/static/js/main.79e9a9ca.js:1
[   24888ms] [WARNING] SKIPPING ERRONEOUS DEPENDENCY Error: Selector failed: {"type":"SELECT_VALUE_SELECTOR","selectObjectId":"1d1eqqw7ub6ghlz5ltyfykwui"}
    at G (https://runtime-assets.adalo.com/static/js/main.79e9a9ca.js:2:468532)
    at t.getDependencies (https://runtime-assets.adalo.com/static/js/main.79e9a9ca.js:2:467260)
    at L.isManuallyPaginated (https://runtime-assets.adalo.com/static/js/main.79e9a9ca.js:2:348848)
    at L.render (https://runtime-assets.adalo.com/static/js/main.79e9a9ca.js:2:244984)
    at Ds (https://runtime-assets.adalo.com/static/js/main.79e9a9ca.js:2:4414574)
    at Ls (https://runtime-assets.adalo.com/static/js/main.79e9a9ca.js:2:4414370)
    at Ml (https://runtime-assets.adalo.com/static/js/main.79e9a9ca.js:2:4457902)
    at bu (https://runtime-assets.adalo.com/static/js/main.79e9a9ca.js:2:4446043)
    at vu (https://runtime-assets.adalo.com/static/js/main.79e9a9ca.js:2:4445971)
    at yu (https://runtime-assets.adalo.com/static/js/main.79e9a9ca.js:2:4445834)
    at au (https://runtime-assets.adalo.com/static/js/main.79e9a9ca.js:2:4440938)
    at S (https://runtime-assets.adalo.com/static/js/main.79e9a9ca.js:2:4731959)
    at I (https://runtime-assets.adalo.com/static/js/main.79e9a9ca.js:2:4732493)
    at O.<computed> (https://runtime-assets.adalo.com/static/js/main.79e9a9ca.js:2:4028835)
    at D (https://runtime-assets.adalo.com/static/js/main.79e9a9ca.js:2:4028604)
    at MessagePort.P (https://runtime-assets.adalo.com/static/js/main.79e9a9ca.js:2:4028663) {"source":{"type":"field","source":{"type":"data","tableId":"t_5fi9vn22j1ibyg3p7mizk8hlm","dataType":"object","selector":{"type":"SELECT_VALUE_SELECTOR","selectObjectId":"1d1eqqw7ub6ghlz5ltyfykwui"},"datasourceId":"a1ab1856443b44fcbe8d838f7fcfa88b"},"fieldId":"rawconferencelist_id","dataType":"number"}} @ https://runtime-assets.adalo.com/static/js/main.79e9a9ca.js:1
[   24889ms] [WARNING] SKIPPING ERRONEOUS DEPENDENCY Error: Selector failed: {"type":"SELECT_VALUE_SELECTOR","selectObjectId":"1d1eqqw7ub6ghlz5ltyfykwui"}
    at G (https://runtime-assets.adalo.com/static/js/main.79e9a9ca.js:2:468532)
    at t.getDependencies (https://runtime-assets.adalo.com/static/js/main.79e9a9ca.js:2:467260)
    at L.isManuallyPaginated (https://runtime-assets.adalo.com/static/js/main.79e9a9ca.js:2:348848)
    at L.render (https://runtime-assets.adalo.com/static/js/main.79e9a9ca.js:2:244984)
    at Ds (https://runtime-assets.adalo.com/static/js/main.79e9a9ca.js:2:4414574)
    at Ls (https://runtime-assets.adalo.com/static/js/main.79e9a9ca.js:2:4414370)
    at Ml (https://runtime-assets.adalo.com/static/js/main.79e9a9ca.js:2:4457902)
    at bu (https://runtime-assets.adalo.com/static/js/main.79e9a9ca.js:2:4446043)
    at vu (https://runtime-assets.adalo.com/static/js/main.79e9a9ca.js:2:4445971)
    at yu (https://runtime-assets.adalo.com/static/js/main.79e9a9ca.js:2:4445834)
    at au (https://runtime-assets.adalo.com/static/js/main.79e9a9ca.js:2:4440938)
    at S (https://runtime-assets.adalo.com/static/js/main.79e9a9ca.js:2:4731959)
    at I (https://runtime-assets.adalo.com/static/js/main.79e9a9ca.js:2:4732493)
    at O.<computed> (https://runtime-assets.adalo.com/static/js/main.79e9a9ca.js:2:4028835)
    at D (https://runtime-assets.adalo.com/static/js/main.79e9a9ca.js:2:4028604)
    at MessagePort.P (https://runtime-assets.adalo.com/static/js/main.79e9a9ca.js:2:4028663) {"source":{"type":"field","source":{"type":"data","tableId":"t_5fi9vn22j1ibyg3p7mizk8hlm","dataType":"object","selector":{"type":"SELECT_VALUE_SELECTOR","selectObjectId":"1d1eqqw7ub6ghlz5ltyfykwui"},"datasourceId":"a1ab1856443b44fcbe8d838f7fcfa88b"},"fieldId":"conference_name","dataType":"text"}} @ https://runtime-assets.adalo.com/static/js/main.79e9a9ca.js:1
[   24889ms] [WARNING] SKIPPING ERRONEOUS DEPENDENCY Error: Selector failed: {"type":"CURRENT_USER_SELECTOR"}
    at G (https://runtime-assets.adalo.com/static/js/main.79e9a9ca.js:2:468532)
    at t.getDependencies (https://runtime-assets.adalo.com/static/js/main.79e9a9ca.js:2:467260)
    at L.isManuallyPaginated (https://runtime-assets.adalo.com/static/js/main.79e9a9ca.js:2:348848)
    at L.render (https://runtime-assets.adalo.com/static/js/main.79e9a9ca.js:2:244984)
    at Ds (https://runtime-assets.adalo.com/static/js/main.79e9a9ca.js:2:4414574)
    at Ls (https://runtime-assets.adalo.com/static/js/main.79e9a9ca.js:2:4414370)
    at Ml (https://runtime-assets.adalo.com/static/js/main.79e9a9ca.js:2:4457902)
    at bu (https://runtime-assets.adalo.com/static/js/main.79e9a9ca.js:2:4446043)
    at vu (https://runtime-assets.adalo.com/static/js/main.79e9a9ca.js:2:4445971)
    at yu (https://runtime-assets.adalo.com/static/js/main.79e9a9ca.js:2:4445834)
    at au (https://runtime-assets.adalo.com/static/js/main.79e9a9ca.js:2:4440938)
    at S (https://runtime-assets.adalo.com/static/js/main.79e9a9ca.js:2:4731959)
    at I (https://runtime-assets.adalo.com/static/js/main.79e9a9ca.js:2:4732493)
    at O.<computed> (https://runtime-assets.adalo.com/static/js/main.79e9a9ca.js:2:4028835)
    at D (https://runtime-assets.adalo.com/static/js/main.79e9a9ca.js:2:4028604)
    at MessagePort.P (https://runtime-assets.adalo.com/static/js/main.79e9a9ca.js:2:4028663) {"id":"en0xhfc9kfg4dbn1n2pekc207","type":"binding","source":{"type":"field","source":{"type":"data","source":null,"tableId":"t_80c852bba70544a6a98079124dfc8e10","dataType":"object","selector":{"type":"CURRENT_USER_SELECTOR"},"datasourceId":"4dba133b22784a13b18b1a791cfdd211"},"fieldId":"remaining_credits","dataType":"number"},"options":{},"comparator":"<","comparison":"1","bindingType":"libraryProp"} @ https://runtime-assets.adalo.com/static/js/main.79e9a9ca.js:1
[   24997ms] [WARNING] SKIPPING ERRONEOUS DEPENDENCY Error: Selector failed: {"type":"SELECT_VALUE_SELECTOR","selectObjectId":"3bmmor6uwgy9d932vmz7r1pag"}
    at G (https://runtime-assets.adalo.com/static/js/main.79e9a9ca.js:2:468532)
    at t.getDependencies (https://runtime-assets.adalo.com/static/js/main.79e9a9ca.js:2:467260)
    at L.isManuallyPaginated (https://runtime-assets.adalo.com/static/js/main.79e9a9ca.js:2:348848)
    at L.render (https://runtime-assets.adalo.com/static/js/main.79e9a9ca.js:2:244984)
    at Ds (https://runtime-assets.adalo.com/static/js/main.79e9a9ca.js:2:4414574)
    at Ls (https://runtime-assets.adalo.com/static/js/main.79e9a9ca.js:2:4414370)
    at Ml (https://runtime-assets.adalo.com/static/js/main.79e9a9ca.js:2:4457902)
    at bu (https://runtime-assets.adalo.com/static/js/main.79e9a9ca.js:2:4446043)
    at vu (https://runtime-assets.adalo.com/static/js/main.79e9a9ca.js:2:4445971)
    at yu (https://runtime-assets.adalo.com/static/js/main.79e9a9ca.js:2:4445834)
    at au (https://runtime-assets.adalo.com/static/js/main.79e9a9ca.js:2:4440938)
    at S (https://runtime-assets.adalo.com/static/js/main.79e9a9ca.js:2:4731959)
    at I (https://runtime-assets.adalo.com/static/js/main.79e9a9ca.js:2:4732493)
    at O.<computed> (https://runtime-assets.adalo.com/static/js/main.79e9a9ca.js:2:4028835)
    at D (https://runtime-assets.adalo.com/static/js/main.79e9a9ca.js:2:4028604)
    at MessagePort.P (https://runtime-assets.adalo.com/static/js/main.79e9a9ca.js:2:4028663) {"id":"02o8nb343950hbjoqc2inwpre","type":"binding","label":"Lead_Score","source":{"type":"field","source":{"type":"data","tableId":"t_61ne992eubatuoqw8vephoi4k","dataType":"object","selector":{"type":"SELECT_VALUE_SELECTOR","selectObjectId":"3bmmor6uwgy9d932vmz7r1pag"},"datasourceId":"a1ab1856443b44fcbe8d838f7fcfa88b"},"fieldId":"Lead_Score","dataType":"text"},"bindingType":"libraryProp","childBindings":[],"siblingBindings":["7dreyduxg9ir4u4rhkd7kr07o","ayotx6lhqnky41mxfo2kjmf1m","4dp782249h0711rfptxmxnusd","4mvcbyyuliu16qctjhix48n3p","8go2kx093yc9aq84obz0drpbn","3seiwl38vg3mupppxfl22pc9l","3fe5qxnpwys9a38imtxg72rs6","8emt3wss18kxafeq3ky4i6bnv","61ynvdvadst0xiqxwh6qaf0ig","auo12ynqkhthr6wafsoiivcz9","eqsrvb46v1cwfz2kmkzlw3f83","b3s4hvzs0o1qnb29akq9x4ccy","8kvegdbaklcu0jsi56tpdlt4o","5nzi2adqdpyyqy5v1izrzohw1","92qxmmj03fcllsv5o3tf9kbhw","bt2sevpq7gr4l9nk2rs6x7bpf","bycnteo1nswgjajhmvbmo3nh0","0421zdtq1ubjapbkyvh3k699z","5ukthu1xzlli7nf8gmo3665ry","3dtdyu0h8pozjs9tj5b869sy6","60d0i4jtiujjzw2vwtsafefr4","drgxhyyti591j7ksmrk6zuwnw","4dehw2mdedgcobf9zhvijl0t5","dz5zps63gbxp5myyzrc9z92pz","f0ffzw2sy8q9ba5jukhixd3a6","8t0vjvopwqyg6j0nestwt6fyh","dy623trvqq4cvdv38sr4q58cq","9iqh9rix6rw6qbk1pylpkv7w2","5o7ru0lg62b4yhz0x1oxbk2j3","5nelavgl9i8vdjqh6g50tfp93","abffcay8ga7fn36czpylhp8lt","6gxinx0kj3ihqahs05hlntgi9","ck6le21ojgx8cuq8pljec4wyb","bp046lttdgs1e7qv7c3ijlyuf","akomfad25k6xbfj6mh6iwwim0","997lxf1t87ur1ffizgl83e9zz","dje2eg4fju391wdgbe5u6clx6","94tk5zsodvhvlgqhjfqu4skzr","62xgbll0f89svjorj65mjmsyb","5csyxiashddwlojgulpgdxm6b","audbvo0lbv6sbeqatgtmjtaic","e2kigyvlciwvg85n1esrwbqry","alz9018ekdkr5er2836gqrbxb","29h77ojxav0qjkh8euoq88b4r","0hjln8c8nsca49gpugfxfz18g","2cl5ozyjiqfue0bzwys9s1ro3","emxx4s2lpt160v4dqsvsgz9ap","4w0meq26guhjxm1ml1ubil4b4"]} @ https://runtime-assets.adalo.com/static/js/main.79e9a9ca.js:1
[   24998ms] [WARNING] SKIPPING ERRONEOUS DEPENDENCY Error: Selector failed: {"type":"CURRENT_USER_SELECTOR"}
    at G (https://runtime-assets.adalo.com/static/js/main.79e9a9ca.js:2:468532)
    at t.getDependencies (https://runtime-assets.adalo.com/static/js/main.79e9a9ca.js:2:467260)
    at L.isManuallyPaginated (https://runtime-assets.adalo.com/static/js/main.79e9a9ca.js:2:348848)
    at L.render (https://runtime-assets.adalo.com/static/js/main.79e9a9ca.js:2:244984)
    at Ds (https://runtime-assets.adalo.com/static/js/main.79e9a9ca.js:2:4414574)
    at Ls (https://runtime-assets.adalo.com/static/js/main.79e9a9ca.js:2:4414370)
    at Ml (https://runtime-assets.adalo.com/static/js/main.79e9a9ca.js:2:4457902)
    at bu (https://runtime-assets.adalo.com/static/js/main.79e9a9ca.js:2:4446043)
    at vu (https://runtime-assets.adalo.com/static/js/main.79e9a9ca.js:2:4445971)
    at yu (https://runtime-assets.adalo.com/static/js/main.79e9a9ca.js:2:4445834)
    at au (https://runtime-assets.adalo.com/static/js/main.79e9a9ca.js:2:4440938)
    at S (https://runtime-assets.adalo.com/static/js/main.79e9a9ca.js:2:4731959)
    at I (https://runtime-assets.adalo.com/static/js/main.79e9a9ca.js:2:4732493)
    at O.<computed> (https://runtime-assets.adalo.com/static/js/main.79e9a9ca.js:2:4028835)
    at D (https://runtime-assets.adalo.com/static/js/main.79e9a9ca.js:2:4028604)
    at MessagePort.P (https://runtime-assets.adalo.com/static/js/main.79e9a9ca.js:2:4028663) {"id":"7dreyduxg9ir4u4rhkd7kr07o","type":"binding","label":"name","source":{"type":"field","source":{"type":"data","source":null,"tableId":"t_80c852bba70544a6a98079124dfc8e10","dataType":"object","selector":{"type":"CURRENT_USER_SELECTOR"},"datasourceId":"4dba133b22784a13b18b1a791cfdd211"},"fieldId":"name","dataType":"text"},"bindingType":"libraryProp","childBindings":[],"siblingBindings":["ayotx6lhqnky41mxfo2kjmf1m","4dp782249h0711rfptxmxnusd","4mvcbyyuliu16qctjhix48n3p","8go2kx093yc9aq84obz0drpbn","3seiwl38vg3mupppxfl22pc9l","3fe5qxnpwys9a38imtxg72rs6","8emt3wss18kxafeq3ky4i6bnv","61ynvdvadst0xiqxwh6qaf0ig","auo12ynqkhthr6wafsoiivcz9","eqsrvb46v1cwfz2kmkzlw3f83","b3s4hvzs0o1qnb29akq9x4ccy","8kvegdbaklcu0jsi56tpdlt4o","5nzi2adqdpyyqy5v1izrzohw1","92qxmmj03fcllsv5o3tf9kbhw","bt2sevpq7gr4l9nk2rs6x7bpf","bycnteo1nswgjajhmvbmo3nh0","0421zdtq1ubjapbkyvh3k699z","5ukthu1xzlli7nf8gmo3665ry","3dtdyu0h8pozjs9tj5b869sy6","60d0i4jtiujjzw2vwtsafefr4","drgxhyyti591j7ksmrk6zuwnw","4dehw2mdedgcobf9zhvijl0t5","dz5zps63gbxp5myyzrc9z92pz","f0ffzw2sy8q9ba5jukhixd3a6","8t0vjvopwqyg6j0nestwt6fyh","02o8nb343950hbjoqc2inwpre","dy623trvqq4cvdv38sr4q58cq","9iqh9rix6rw6qbk1pylpkv7w2","5o7ru0lg62b4yhz0x1oxbk2j3","5nelavgl9i8vdjqh6g50tfp93","abffcay8ga7fn36czpylhp8lt","6gxinx0kj3ihqahs05hlntgi9","ck6le21ojgx8cuq8pljec4wyb","bp046lttdgs1e7qv7c3ijlyuf","akomfad25k6xbfj6mh6iwwim0","997lxf1t87ur1ffizgl83e9zz","dje2eg4fju391wdgbe5u6clx6","94tk5zsodvhvlgqhjfqu4skzr","62xgbll0f89svjorj65mjmsyb","5csyxiashddwlojgulpgdxm6b","audbvo0lbv6sbeqatgtmjtaic","e2kigyvlciwvg85n1esrwbqry","alz9018ekdkr5er2836gqrbxb","29h77ojxav0qjkh8euoq88b4r","0hjln8c8nsca49gpugfxfz18g","2cl5ozyjiqfue0bzwys9s1ro3","emxx4s2lpt160v4dqsvsgz9ap","4w0meq26guhjxm1ml1ubil4b4"]} @ https://runtime-assets.adalo.com/static/js/main.79e9a9ca.js:1
[   24999ms] [WARNING] SKIPPING ERRONEOUS DEPENDENCY Error: Selector failed: {"type":"SELECT_VALUE_SELECTOR","selectObjectId":"7w4vqjjkneryup0qx6nyd5sox"}
    at G (https://runtime-assets.adalo.com/static/js/main.79e9a9ca.js:2:468532)
    at t.getDependencies (https://runtime-assets.adalo.com/static/js/main.79e9a9ca.js:2:467260)
    at L.isManuallyPaginated (https://runtime-assets.adalo.com/static/js/main.79e9a9ca.js:2:348848)
    at L.render (https://runtime-assets.adalo.com/static/js/main.79e9a9ca.js:2:244984)
    at Ds (https://runtime-assets.adalo.com/static/js/main.79e9a9ca.js:2:4414574)
    at Ls (https://runtime-assets.adalo.com/static/js/main.79e9a9ca.js:2:4414370)
    at Ml (https://runtime-assets.adalo.com/static/js/main.79e9a9ca.js:2:4457902)
    at bu (https://runtime-assets.adalo.com/static/js/main.79e9a9ca.js:2:4446043)
    at vu (https://runtime-assets.adalo.com/static/js/main.79e9a9ca.js:2:4445971)
    at yu (https://runtime-assets.adalo.com/static/js/main.79e9a9ca.js:2:4445834)
    at au (https://runtime-assets.adalo.com/static/js/main.79e9a9ca.js:2:4440938)
    at S (https://runtime-assets.adalo.com/static/js/main.79e9a9ca.js:2:4731959)
    at I (https://runtime-assets.adalo.com/static/js/main.79e9a9ca.js:2:4732493)
    at O.<computed> (https://runtime-assets.adalo.com/static/js/main.79e9a9ca.js:2:4028835)
    at D (https://runtime-assets.adalo.com/static/js/main.79e9a9ca.js:2:4028604)
    at MessagePort.P (https://runtime-assets.adalo.com/static/js/main.79e9a9ca.js:2:4028663) {"id":"9iqh9rix6rw6qbk1pylpkv7w2","type":"binding","label":"ID","format":{"type":"commas"},"source":{"type":"field","source":{"type":"data","tableId":"t_5idhcbl2zu1px4fff99qt26gw","dataType":"object","selector":{"type":"SELECT_VALUE_SELECTOR","selectObjectId":"7w4vqjjkneryup0qx6nyd5sox"},"datasourceId":"a1ab1856443b44fcbe8d838f7fcfa88b"},"fieldId":"id","dataType":"number"},"bindingType":"libraryProp","childBindings":[],"siblingBindings":["7dreyduxg9ir4u4rhkd7kr07o","ayotx6lhqnky41mxfo2kjmf1m","4dp782249h0711rfptxmxnusd","4mvcbyyuliu16qctjhix48n3p","8go2kx093yc9aq84obz0drpbn","3seiwl38vg3mupppxfl22pc9l","3fe5qxnpwys9a38imtxg72rs6","8emt3wss18kxafeq3ky4i6bnv","61ynvdvadst0xiqxwh6qaf0ig","auo12ynqkhthr6wafsoiivcz9","eqsrvb46v1cwfz2kmkzlw3f83","b3s4hvzs0o1qnb29akq9x4ccy","8kvegdbaklcu0jsi56tpdlt4o","5nzi2adqdpyyqy5v1izrzohw1","92qxmmj03fcllsv5o3tf9kbhw","bt2sevpq7gr4l9nk2rs6x7bpf","bycnteo1nswgjajhmvbmo3nh0","0421zdtq1ubjapbkyvh3k699z","5ukthu1xzlli7nf8gmo3665ry","3dtdyu0h8pozjs9tj5b869sy6","60d0i4jtiujjzw2vwtsafefr4","drgxhyyti591j7ksmrk6zuwnw","4dehw2mdedgcobf9zhvijl0t5","dz5zps63gbxp5myyzrc9z92pz","f0ffzw2sy8q9ba5jukhixd3a6","8t0vjvopwqyg6j0nestwt6fyh","02o8nb343950hbjoqc2inwpre","dy623trvqq4cvdv38sr4q58cq","5o7ru0lg62b4yhz0x1oxbk2j3","5nelavgl9i8vdjqh6g50tfp93","abffcay8ga7fn36czpylhp8lt","6gxinx0kj3ihqahs05hlntgi9","ck6le21ojgx8cuq8pljec4wyb","bp046lttdgs1e7qv7c3ijlyuf","akomfad25k6xbfj6mh6iwwim0","997lxf1t87ur1ffizgl83e9zz","dje2eg4fju391wdgbe5u6clx6","94tk5zsodvhvlgqhjfqu4skzr","62xgbll0f89svjorj65mjmsyb","5csyxiashddwlojgulpgdxm6b","audbvo0lbv6sbeqatgtmjtaic","e2kigyvlciwvg85n1esrwbqry","alz9018ekdkr5er2836gqrbxb","29h77ojxav0qjkh8euoq88b4r","0hjln8c8nsca49gpugfxfz18g","2cl5ozyjiqfue0bzwys9s1ro3","emxx4s2lpt160v4dqsvsgz9ap","4w0meq26guhjxm1ml1ubil4b4"]} @ https://runtime-assets.adalo.com/static/js/main.79e9a9ca.js:1
[   25000ms] [WARNING] SKIPPING ERRONEOUS DEPENDENCY Error: Selector failed: {"type":"SELECT_VALUE_SELECTOR","selectObjectId":"1d1eqqw7ub6ghlz5ltyfykwui"}
    at G (https://runtime-assets.adalo.com/static/js/main.79e9a9ca.js:2:468532)
    at t.getDependencies (https://runtime-assets.adalo.com/static/js/main.79e9a9ca.js:2:467260)
    at L.isManuallyPaginated (https://runtime-assets.adalo.com/static/js/main.79e9a9ca.js:2:348848)
    at L.render (https://runtime-assets.adalo.com/static/js/main.79e9a9ca.js:2:244984)
    at Ds (https://runtime-assets.adalo.com/static/js/main.79e9a9ca.js:2:4414574)
    at Ls (https://runtime-assets.adalo.com/static/js/main.79e9a9ca.js:2:4414370)
    at Ml (https://runtime-assets.adalo.com/static/js/main.79e9a9ca.js:2:4457902)
    at bu (https://runtime-assets.adalo.com/static/js/main.79e9a9ca.js:2:4446043)
    at vu (https://runtime-assets.adalo.com/static/js/main.79e9a9ca.js:2:4445971)
    at yu (https://runtime-assets.adalo.com/static/js/main.79e9a9ca.js:2:4445834)
    at au (https://runtime-assets.adalo.com/static/js/main.79e9a9ca.js:2:4440938)
    at S (https://runtime-assets.adalo.com/static/js/main.79e9a9ca.js:2:4731959)
    at I (https://runtime-assets.adalo.com/static/js/main.79e9a9ca.js:2:4732493)
    at O.<computed> (https://runtime-assets.adalo.com/static/js/main.79e9a9ca.js:2:4028835)
    at D (https://runtime-assets.adalo.com/static/js/main.79e9a9ca.js:2:4028604)
    at MessagePort.P (https://runtime-assets.adalo.com/static/js/main.79e9a9ca.js:2:4028663) {"id":"5784tdv70verd4m24w9964bg7","type":"binding","label":"conference_name","source":{"type":"field","source":{"type":"data","tableId":"t_5fi9vn22j1ibyg3p7mizk8hlm","dataType":"object","selector":{"type":"SELECT_VALUE_SELECTOR","selectObjectId":"1d1eqqw7ub6ghlz5ltyfykwui"},"datasourceId":"a1ab1856443b44fcbe8d838f7fcfa88b"},"fieldId":"conference_name","dataType":"text"},"bindingType":"libraryProp"} @ https://runtime-assets.adalo.com/static/js/main.79e9a9ca.js:1
[   25000ms] [WARNING] SKIPPING ERRONEOUS DEPENDENCY Error: Selector failed: {"type":"SELECT_VALUE_SELECTOR","selectObjectId":"1d1eqqw7ub6ghlz5ltyfykwui"}
    at G (https://runtime-assets.adalo.com/static/js/main.79e9a9ca.js:2:468532)
    at t.getDependencies (https://runtime-assets.adalo.com/static/js/main.79e9a9ca.js:2:467260)
    at L.isManuallyPaginated (https://runtime-assets.adalo.com/static/js/main.79e9a9ca.js:2:348848)
    at L.render (https://runtime-assets.adalo.com/static/js/main.79e9a9ca.js:2:244984)
    at Ds (https://runtime-assets.adalo.com/static/js/main.79e9a9ca.js:2:4414574)
    at Ls (https://runtime-assets.adalo.com/static/js/main.79e9a9ca.js:2:4414370)
    at Ml (https://runtime-assets.adalo.com/static/js/main.79e9a9ca.js:2:4457902)
    at bu (https://runtime-assets.adalo.com/static/js/main.79e9a9ca.js:2:4446043)
    at vu (https://runtime-assets.adalo.com/static/js/main.79e9a9ca.js:2:4445971)
    at yu (https://runtime-assets.adalo.com/static/js/main.79e9a9ca.js:2:4445834)
    at au (https://runtime-assets.adalo.com/static/js/main.79e9a9ca.js:2:4440938)
    at S (https://runtime-assets.adalo.com/static/js/main.79e9a9ca.js:2:4731959)
    at I (https://runtime-assets.adalo.com/static/js/main.79e9a9ca.js:2:4732493)
    at O.<computed> (https://runtime-assets.adalo.com/static/js/main.79e9a9ca.js:2:4028835)
    at D (https://runtime-assets.adalo.com/static/js/main.79e9a9ca.js:2:4028604)
    at MessagePort.P (https://runtime-assets.adalo.com/static/js/main.79e9a9ca.js:2:4028663) {"id":"2eo1n1hgrwy23q7u805um8qid","type":"binding","format":{"type":"commas"},"source":{"type":"field","source":{"type":"data","tableId":"t_5fi9vn22j1ibyg3p7mizk8hlm","dataType":"object","selector":{"type":"SELECT_VALUE_SELECTOR","selectObjectId":"1d1eqqw7ub6ghlz5ltyfykwui"},"datasourceId":"a1ab1856443b44fcbe8d838f7fcfa88b"},"fieldId":"rawconferencelist_id","dataType":"number"},"bindingType":"libraryProp"} @ https://runtime-assets.adalo.com/static/js/main.79e9a9ca.js:1
[   25000ms] [WARNING] SKIPPING ERRONEOUS DEPENDENCY Error: Selector failed: {"type":"SELECT_VALUE_SELECTOR","selectObjectId":"1d1eqqw7ub6ghlz5ltyfykwui"}
    at G (https://runtime-assets.adalo.com/static/js/main.79e9a9ca.js:2:468532)
    at t.getDependencies (https://runtime-assets.adalo.com/static/js/main.79e9a9ca.js:2:467260)
    at L.isManuallyPaginated (https://runtime-assets.adalo.com/static/js/main.79e9a9ca.js:2:348848)
    at L.render (https://runtime-assets.adalo.com/static/js/main.79e9a9ca.js:2:244984)
    at Ds (https://runtime-assets.adalo.com/static/js/main.79e9a9ca.js:2:4414574)
    at Ls (https://runtime-assets.adalo.com/static/js/main.79e9a9ca.js:2:4414370)
    at Ml (https://runtime-assets.adalo.com/static/js/main.79e9a9ca.js:2:4457902)
    at bu (https://runtime-assets.adalo.com/static/js/main.79e9a9ca.js:2:4446043)
    at vu (https://runtime-assets.adalo.com/static/js/main.79e9a9ca.js:2:4445971)
    at yu (https://runtime-assets.adalo.com/static/js/main.79e9a9ca.js:2:4445834)
    at au (https://runtime-assets.adalo.com/static/js/main.79e9a9ca.js:2:4440938)
    at S (https://runtime-assets.adalo.com/static/js/main.79e9a9ca.js:2:4731959)
    at I (https://runtime-assets.adalo.com/static/js/main.79e9a9ca.js:2:4732493)
    at O.<computed> (https://runtime-assets.adalo.com/static/js/main.79e9a9ca.js:2:4028835)
    at D (https://runtime-assets.adalo.com/static/js/main.79e9a9ca.js:2:4028604)
    at MessagePort.P (https://runtime-assets.adalo.com/static/js/main.79e9a9ca.js:2:4028663) {"source":{"type":"field","source":{"type":"data","tableId":"t_5fi9vn22j1ibyg3p7mizk8hlm","dataType":"object","selector":{"type":"SELECT_VALUE_SELECTOR","selectObjectId":"1d1eqqw7ub6ghlz5ltyfykwui"},"datasourceId":"a1ab1856443b44fcbe8d838f7fcfa88b"},"fieldId":"rawconferencelist_id","dataType":"number"}} @ https://runtime-assets.adalo.com/static/js/main.79e9a9ca.js:1
[   25000ms] [WARNING] SKIPPING ERRONEOUS DEPENDENCY Error: Selector failed: {"type":"SELECT_VALUE_SELECTOR","selectObjectId":"1d1eqqw7ub6ghlz5ltyfykwui"}
    at G (https://runtime-assets.adalo.com/static/js/main.79e9a9ca.js:2:468532)
    at t.getDependencies (https://runtime-assets.adalo.com/static/js/main.79e9a9ca.js:2:467260)
    at L.isManuallyPaginated (https://runtime-assets.adalo.com/static/js/main.79e9a9ca.js:2:348848)
    at L.render (https://runtime-assets.adalo.com/static/js/main.79e9a9ca.js:2:244984)
    at Ds (https://runtime-assets.adalo.com/static/js/main.79e9a9ca.js:2:4414574)
    at Ls (https://runtime-assets.adalo.com/static/js/main.79e9a9ca.js:2:4414370)
    at Ml (https://runtime-assets.adalo.com/static/js/main.79e9a9ca.js:2:4457902)
    at bu (https://runtime-assets.adalo.com/static/js/main.79e9a9ca.js:2:4446043)
    at vu (https://runtime-assets.adalo.com/static/js/main.79e9a9ca.js:2:4445971)
    at yu (https://runtime-assets.adalo.com/static/js/main.79e9a9ca.js:2:4445834)
    at au (https://runtime-assets.adalo.com/static/js/main.79e9a9ca.js:2:4440938)
    at S (https://runtime-assets.adalo.com/static/js/main.79e9a9ca.js:2:4731959)
    at I (https://runtime-assets.adalo.com/static/js/main.79e9a9ca.js:2:4732493)
    at O.<computed> (https://runtime-assets.adalo.com/static/js/main.79e9a9ca.js:2:4028835)
    at D (https://runtime-assets.adalo.com/static/js/main.79e9a9ca.js:2:4028604)
    at MessagePort.P (https://runtime-assets.adalo.com/static/js/main.79e9a9ca.js:2:4028663) {"source":{"type":"field","source":{"type":"data","tableId":"t_5fi9vn22j1ibyg3p7mizk8hlm","dataType":"object","selector":{"type":"SELECT_VALUE_SELECTOR","selectObjectId":"1d1eqqw7ub6ghlz5ltyfykwui"},"datasourceId":"a1ab1856443b44fcbe8d838f7fcfa88b"},"fieldId":"conference_name","dataType":"text"}} @ https://runtime-assets.adalo.com/static/js/main.79e9a9ca.js:1
[   25001ms] [WARNING] SKIPPING ERRONEOUS DEPENDENCY Error: Selector failed: {"type":"CURRENT_USER_SELECTOR"}
    at G (https://runtime-assets.adalo.com/static/js/main.79e9a9ca.js:2:468532)
    at t.getDependencies (https://runtime-assets.adalo.com/static/js/main.79e9a9ca.js:2:467260)
    at L.isManuallyPaginated (https://runtime-assets.adalo.com/static/js/main.79e9a9ca.js:2:348848)
    at L.render (https://runtime-assets.adalo.com/static/js/main.79e9a9ca.js:2:244984)
    at Ds (https://runtime-assets.adalo.com/static/js/main.79e9a9ca.js:2:4414574)
    at Ls (https://runtime-assets.adalo.com/static/js/main.79e9a9ca.js:2:4414370)
    at Ml (https://runtime-assets.adalo.com/static/js/main.79e9a9ca.js:2:4457902)
    at bu (https://runtime-assets.adalo.com/static/js/main.79e9a9ca.js:2:4446043)
    at vu (https://runtime-assets.adalo.com/static/js/main.79e9a9ca.js:2:4445971)
    at yu (https://runtime-assets.adalo.com/static/js/main.79e9a9ca.js:2:4445834)
    at au (https://runtime-assets.adalo.com/static/js/main.79e9a9ca.js:2:4440938)
    at S (https://runtime-assets.adalo.com/static/js/main.79e9a9ca.js:2:4731959)
    at I (https://runtime-assets.adalo.com/static/js/main.79e9a9ca.js:2:4732493)
    at O.<computed> (https://runtime-assets.adalo.com/static/js/main.79e9a9ca.js:2:4028835)
    at D (https://runtime-assets.adalo.com/static/js/main.79e9a9ca.js:2:4028604)
    at MessagePort.P (https://runtime-assets.adalo.com/static/js/main.79e9a9ca.js:2:4028663) {"id":"en0xhfc9kfg4dbn1n2pekc207","type":"binding","source":{"type":"field","source":{"type":"data","source":null,"tableId":"t_80c852bba70544a6a98079124dfc8e10","dataType":"object","selector":{"type":"CURRENT_USER_SELECTOR"},"datasourceId":"4dba133b22784a13b18b1a791cfdd211"},"fieldId":"remaining_credits","dataType":"number"},"options":{},"comparator":"<","comparison":"1","bindingType":"libraryProp"} @ https://runtime-assets.adalo.com/static/js/main.79e9a9ca.js:1
[   83995ms] [WARNING] SKIPPING ERRONEOUS DEPENDENCY Error: Selector failed: {"type":"SELECT_VALUE_SELECTOR","selectObjectId":"3bmmor6uwgy9d932vmz7r1pag"}
    at G (https://runtime-assets.adalo.com/static/js/main.79e9a9ca.js:2:468532)
    at t.getDependencies (https://runtime-assets.adalo.com/static/js/main.79e9a9ca.js:2:467260)
    at L.isManuallyPaginated (https://runtime-assets.adalo.com/static/js/main.79e9a9ca.js:2:348848)
    at L.render (https://runtime-assets.adalo.com/static/js/main.79e9a9ca.js:2:244984)
    at Ds (https://runtime-assets.adalo.com/static/js/main.79e9a9ca.js:2:4414574)
    at Ls (https://runtime-assets.adalo.com/static/js/main.79e9a9ca.js:2:4414370)
    at Ml (https://runtime-assets.adalo.com/static/js/main.79e9a9ca.js:2:4457902)
    at bu (https://runtime-assets.adalo.com/static/js/main.79e9a9ca.js:2:4446043)
    at vu (https://runtime-assets.adalo.com/static/js/main.79e9a9ca.js:2:4445971)
    at yu (https://runtime-assets.adalo.com/static/js/main.79e9a9ca.js:2:4445834)
    at uu (https://runtime-assets.adalo.com/static/js/main.79e9a9ca.js:2:4442950)
    at Wo (https://runtime-assets.adalo.com/static/js/main.79e9a9ca.js:2:4383545)
    at https://runtime-assets.adalo.com/static/js/main.79e9a9ca.js:2:4449428
    at Su (https://runtime-assets.adalo.com/static/js/main.79e9a9ca.js:2:4449433)
    at au (https://runtime-assets.adalo.com/static/js/main.79e9a9ca.js:2:4441891)
    at S (https://runtime-assets.adalo.com/static/js/main.79e9a9ca.js:2:4731959)
    at I (https://runtime-assets.adalo.com/static/js/main.79e9a9ca.js:2:4732493)
    at O.<computed> (https://runtime-assets.adalo.com/static/js/main.79e9a9ca.js:2:4028835)
    at D (https://runtime-assets.adalo.com/static/js/main.79e9a9ca.js:2:4028604)
    at MessagePort.P (https://runtime-assets.adalo.com/static/js/main.79e9a9ca.js:2:4028663) {"id":"02o8nb343950hbjoqc2inwpre","type":"binding","label":"Lead_Score","source":{"type":"field","source":{"type":"data","tableId":"t_61ne992eubatuoqw8vephoi4k","dataType":"object","selector":{"type":"SELECT_VALUE_SELECTOR","selectObjectId":"3bmmor6uwgy9d932vmz7r1pag"},"datasourceId":"a1ab1856443b44fcbe8d838f7fcfa88b"},"fieldId":"Lead_Score","dataType":"text"},"bindingType":"libraryProp","childBindings":[],"siblingBindings":["7dreyduxg9ir4u4rhkd7kr07o","ayotx6lhqnky41mxfo2kjmf1m","4dp782249h0711rfptxmxnusd","4mvcbyyuliu16qctjhix48n3p","8go2kx093yc9aq84obz0drpbn","3seiwl38vg3mupppxfl22pc9l","3fe5qxnpwys9a38imtxg72rs6","8emt3wss18kxafeq3ky4i6bnv","61ynvdvadst0xiqxwh6qaf0ig","auo12ynqkhthr6wafsoiivcz9","eqsrvb46v1cwfz2kmkzlw3f83","b3s4hvzs0o1qnb29akq9x4ccy","8kvegdbaklcu0jsi56tpdlt4o","5nzi2adqdpyyqy5v1izrzohw1","92qxmmj03fcllsv5o3tf9kbhw","bt2sevpq7gr4l9nk2rs6x7bpf","bycnteo1nswgjajhmvbmo3nh0","0421zdtq1ubjapbkyvh3k699z","5ukthu1xzlli7nf8gmo3665ry","3dtdyu0h8pozjs9tj5b869sy6","60d0i4jtiujjzw2vwtsafefr4","drgxhyyti591j7ksmrk6zuwnw","4dehw2mdedgcobf9zhvijl0t5","dz5zps63gbxp5myyzrc9z92pz","f0ffzw2sy8q9ba5jukhixd3a6","8t0vjvopwqyg6j0nestwt6fyh","dy623trvqq4cvdv38sr4q58cq","9iqh9rix6rw6qbk1pylpkv7w2","5o7ru0lg62b4yhz0x1oxbk2j3","5nelavgl9i8vdjqh6g50tfp93","abffcay8ga7fn36czpylhp8lt","6gxinx0kj3ihqahs05hlntgi9","ck6le21ojgx8cuq8pljec4wyb","bp046lttdgs1e7qv7c3ijlyuf","akomfad25k6xbfj6mh6iwwim0","997lxf1t87ur1ffizgl83e9zz","dje2eg4fju391wdgbe5u6clx6","94tk5zsodvhvlgqhjfqu4skzr","62xgbll0f89svjorj65mjmsyb","5csyxiashddwlojgulpgdxm6b","audbvo0lbv6sbeqatgtmjtaic","e2kigyvlciwvg85n1esrwbqry","alz9018ekdkr5er2836gqrbxb","29h77ojxav0qjkh8euoq88b4r","0hjln8c8nsca49gpugfxfz18g","2cl5ozyjiqfue0bzwys9s1ro3","emxx4s2lpt160v4dqsvsgz9ap","4w0meq26guhjxm1ml1ubil4b4"]} @ https://runtime-assets.adalo.com/static/js/main.79e9a9ca.js:1
[   83998ms] [WARNING] SKIPPING ERRONEOUS DEPENDENCY Error: Selector failed: {"type":"CURRENT_USER_SELECTOR"}
    at G (https://runtime-assets.adalo.com/static/js/main.79e9a9ca.js:2:468532)
    at t.getDependencies (https://runtime-assets.adalo.com/static/js/main.79e9a9ca.js:2:467260)
    at L.isManuallyPaginated (https://runtime-assets.adalo.com/static/js/main.79e9a9ca.js:2:348848)
    at L.render (https://runtime-assets.adalo.com/static/js/main.79e9a9ca.js:2:244984)
    at Ds (https://runtime-assets.adalo.com/static/js/main.79e9a9ca.js:2:4414574)
    at Ls (https://runtime-assets.adalo.com/static/js/main.79e9a9ca.js:2:4414370)
    at Ml (https://runtime-assets.adalo.com/static/js/main.79e9a9ca.js:2:4457902)
    at bu (https://runtime-assets.adalo.com/static/js/main.79e9a9ca.js:2:4446043)
    at vu (https://runtime-assets.adalo.com/static/js/main.79e9a9ca.js:2:4445971)
    at yu (https://runtime-assets.adalo.com/static/js/main.79e9a9ca.js:2:4445834)
    at uu (https://runtime-assets.adalo.com/static/js/main.79e9a9ca.js:2:4442950)
    at Wo (https://runtime-assets.adalo.com/static/js/main.79e9a9ca.js:2:4383545)
    at https://runtime-assets.adalo.com/static/js/main.79e9a9ca.js:2:4449428
    at Su (https://runtime-assets.adalo.com/static/js/main.79e9a9ca.js:2:4449433)
    at au (https://runtime-assets.adalo.com/static/js/main.79e9a9ca.js:2:4441891)
    at S (https://runtime-assets.adalo.com/static/js/main.79e9a9ca.js:2:4731959)
    at I (https://runtime-assets.adalo.com/static/js/main.79e9a9ca.js:2:4732493)
    at O.<computed> (https://runtime-assets.adalo.com/static/js/main.79e9a9ca.js:2:4028835)
    at D (https://runtime-assets.adalo.com/static/js/main.79e9a9ca.js:2:4028604)
    at MessagePort.P (https://runtime-assets.adalo.com/static/js/main.79e9a9ca.js:2:4028663) {"id":"7dreyduxg9ir4u4rhkd7kr07o","type":"binding","label":"name","source":{"type":"field","source":{"type":"data","source":null,"tableId":"t_80c852bba70544a6a98079124dfc8e10","dataType":"object","selector":{"type":"CURRENT_USER_SELECTOR"},"datasourceId":"4dba133b22784a13b18b1a791cfdd211"},"fieldId":"name","dataType":"text"},"bindingType":"libraryProp","childBindings":[],"siblingBindings":["ayotx6lhqnky41mxfo2kjmf1m","4dp782249h0711rfptxmxnusd","4mvcbyyuliu16qctjhix48n3p","8go2kx093yc9aq84obz0drpbn","3seiwl38vg3mupppxfl22pc9l","3fe5qxnpwys9a38imtxg72rs6","8emt3wss18kxafeq3ky4i6bnv","61ynvdvadst0xiqxwh6qaf0ig","auo12ynqkhthr6wafsoiivcz9","eqsrvb46v1cwfz2kmkzlw3f83","b3s4hvzs0o1qnb29akq9x4ccy","8kvegdbaklcu0jsi56tpdlt4o","5nzi2adqdpyyqy5v1izrzohw1","92qxmmj03fcllsv5o3tf9kbhw","bt2sevpq7gr4l9nk2rs6x7bpf","bycnteo1nswgjajhmvbmo3nh0","0421zdtq1ubjapbkyvh3k699z","5ukthu1xzlli7nf8gmo3665ry","3dtdyu0h8pozjs9tj5b869sy6","60d0i4jtiujjzw2vwtsafefr4","drgxhyyti591j7ksmrk6zuwnw","4dehw2mdedgcobf9zhvijl0t5","dz5zps63gbxp5myyzrc9z92pz","f0ffzw2sy8q9ba5jukhixd3a6","8t0vjvopwqyg6j0nestwt6fyh","02o8nb343950hbjoqc2inwpre","dy623trvqq4cvdv38sr4q58cq","9iqh9rix6rw6qbk1pylpkv7w2","5o7ru0lg62b4yhz0x1oxbk2j3","5nelavgl9i8vdjqh6g50tfp93","abffcay8ga7fn36czpylhp8lt","6gxinx0kj3ihqahs05hlntgi9","ck6le21ojgx8cuq8pljec4wyb","bp046lttdgs1e7qv7c3ijlyuf","akomfad25k6xbfj6mh6iwwim0","997lxf1t87ur1ffizgl83e9zz","dje2eg4fju391wdgbe5u6clx6","94tk5zsodvhvlgqhjfqu4skzr","62xgbll0f89svjorj65mjmsyb","5csyxiashddwlojgulpgdxm6b","audbvo0lbv6sbeqatgtmjtaic","e2kigyvlciwvg85n1esrwbqry","alz9018ekdkr5er2836gqrbxb","29h77ojxav0qjkh8euoq88b4r","0hjln8c8nsca49gpugfxfz18g","2cl5ozyjiqfue0bzwys9s1ro3","emxx4s2lpt160v4dqsvsgz9ap","4w0meq26guhjxm1ml1ubil4b4"]} @ https://runtime-assets.adalo.com/static/js/main.79e9a9ca.js:1
[   83998ms] [WARNING] SKIPPING ERRONEOUS DEPENDENCY Error: Selector failed: {"type":"SELECT_VALUE_SELECTOR","selectObjectId":"7w4vqjjkneryup0qx6nyd5sox"}
    at G (https://runtime-assets.adalo.com/static/js/main.79e9a9ca.js:2:468532)
    at t.getDependencies (https://runtime-assets.adalo.com/static/js/main.79e9a9ca.js:2:467260)
    at L.isManuallyPaginated (https://runtime-assets.adalo.com/static/js/main.79e9a9ca.js:2:348848)
    at L.render (https://runtime-assets.adalo.com/static/js/main.79e9a9ca.js:2:244984)
    at Ds (https://runtime-assets.adalo.com/static/js/main.79e9a9ca.js:2:4414574)
    at Ls (https://runtime-assets.adalo.com/static/js/main.79e9a9ca.js:2:4414370)
    at Ml (https://runtime-assets.adalo.com/static/js/main.79e9a9ca.js:2:4457902)
    at bu (https://runtime-assets.adalo.com/static/js/main.79e9a9ca.js:2:4446043)
    at vu (https://runtime-assets.adalo.com/static/js/main.79e9a9ca.js:2:4445971)
    at yu (https://runtime-assets.adalo.com/static/js/main.79e9a9ca.js:2:4445834)
    at uu (https://runtime-assets.adalo.com/static/js/main.79e9a9ca.js:2:4442950)
    at Wo (https://runtime-assets.adalo.com/static/js/main.79e9a9ca.js:2:4383545)
    at https://runtime-assets.adalo.com/static/js/main.79e9a9ca.js:2:4449428
    at Su (https://runtime-assets.adalo.com/static/js/main.79e9a9ca.js:2:4449433)
    at au (https://runtime-assets.adalo.com/static/js/main.79e9a9ca.js:2:4441891)
    at S (https://runtime-assets.adalo.com/static/js/main.79e9a9ca.js:2:4731959)
    at I (https://runtime-assets.adalo.com/static/js/main.79e9a9ca.js:2:4732493)
    at O.<computed> (https://runtime-assets.adalo.com/static/js/main.79e9a9ca.js:2:4028835)
    at D (https://runtime-assets.adalo.com/static/js/main.79e9a9ca.js:2:4028604)
    at MessagePort.P (https://runtime-assets.adalo.com/static/js/main.79e9a9ca.js:2:4028663) {"id":"9iqh9rix6rw6qbk1pylpkv7w2","type":"binding","label":"ID","format":{"type":"commas"},"source":{"type":"field","source":{"type":"data","tableId":"t_5idhcbl2zu1px4fff99qt26gw","dataType":"object","selector":{"type":"SELECT_VALUE_SELECTOR","selectObjectId":"7w4vqjjkneryup0qx6nyd5sox"},"datasourceId":"a1ab1856443b44fcbe8d838f7fcfa88b"},"fieldId":"id","dataType":"number"},"bindingType":"libraryProp","childBindings":[],"siblingBindings":["7dreyduxg9ir4u4rhkd7kr07o","ayotx6lhqnky41mxfo2kjmf1m","4dp782249h0711rfptxmxnusd","4mvcbyyuliu16qctjhix48n3p","8go2kx093yc9aq84obz0drpbn","3seiwl38vg3mupppxfl22pc9l","3fe5qxnpwys9a38imtxg72rs6","8emt3wss18kxafeq3ky4i6bnv","61ynvdvadst0xiqxwh6qaf0ig","auo12ynqkhthr6wafsoiivcz9","eqsrvb46v1cwfz2kmkzlw3f83","b3s4hvzs0o1qnb29akq9x4ccy","8kvegdbaklcu0jsi56tpdlt4o","5nzi2adqdpyyqy5v1izrzohw1","92qxmmj03fcllsv5o3tf9kbhw","bt2sevpq7gr4l9nk2rs6x7bpf","bycnteo1nswgjajhmvbmo3nh0","0421zdtq1ubjapbkyvh3k699z","5ukthu1xzlli7nf8gmo3665ry","3dtdyu0h8pozjs9tj5b869sy6","60d0i4jtiujjzw2vwtsafefr4","drgxhyyti591j7ksmrk6zuwnw","4dehw2mdedgcobf9zhvijl0t5","dz5zps63gbxp5myyzrc9z92pz","f0ffzw2sy8q9ba5jukhixd3a6","8t0vjvopwqyg6j0nestwt6fyh","02o8nb343950hbjoqc2inwpre","dy623trvqq4cvdv38sr4q58cq","5o7ru0lg62b4yhz0x1oxbk2j3","5nelavgl9i8vdjqh6g50tfp93","abffcay8ga7fn36czpylhp8lt","6gxinx0kj3ihqahs05hlntgi9","ck6le21ojgx8cuq8pljec4wyb","bp046lttdgs1e7qv7c3ijlyuf","akomfad25k6xbfj6mh6iwwim0","997lxf1t87ur1ffizgl83e9zz","dje2eg4fju391wdgbe5u6clx6","94tk5zsodvhvlgqhjfqu4skzr","62xgbll0f89svjorj65mjmsyb","5csyxiashddwlojgulpgdxm6b","audbvo0lbv6sbeqatgtmjtaic","e2kigyvlciwvg85n1esrwbqry","alz9018ekdkr5er2836gqrbxb","29h77ojxav0qjkh8euoq88b4r","0hjln8c8nsca49gpugfxfz18g","2cl5ozyjiqfue0bzwys9s1ro3","emxx4s2lpt160v4dqsvsgz9ap","4w0meq26guhjxm1ml1ubil4b4"]} @ https://runtime-assets.adalo.com/static/js/main.79e9a9ca.js:1
[   83999ms] [WARNING] SKIPPING ERRONEOUS DEPENDENCY Error: Selector failed: {"type":"SELECT_VALUE_SELECTOR","selectObjectId":"1d1eqqw7ub6ghlz5ltyfykwui"}
    at G (https://runtime-assets.adalo.com/static/js/main.79e9a9ca.js:2:468532)
    at t.getDependencies (https://runtime-assets.adalo.com/static/js/main.79e9a9ca.js:2:467260)
    at L.isManuallyPaginated (https://runtime-assets.adalo.com/static/js/main.79e9a9ca.js:2:348848)
    at L.render (https://runtime-assets.adalo.com/static/js/main.79e9a9ca.js:2:244984)
    at Ds (https://runtime-assets.adalo.com/static/js/main.79e9a9ca.js:2:4414574)
    at Ls (https://runtime-assets.adalo.com/static/js/main.79e9a9ca.js:2:4414370)
    at Ml (https://runtime-assets.adalo.com/static/js/main.79e9a9ca.js:2:4457902)
    at bu (https://runtime-assets.adalo.com/static/js/main.79e9a9ca.js:2:4446043)
    at vu (https://runtime-assets.adalo.com/static/js/main.79e9a9ca.js:2:4445971)
    at yu (https://runtime-assets.adalo.com/static/js/main.79e9a9ca.js:2:4445834)
    at uu (https://runtime-assets.adalo.com/static/js/main.79e9a9ca.js:2:4442950)
    at Wo (https://runtime-assets.adalo.com/static/js/main.79e9a9ca.js:2:4383545)
    at https://runtime-assets.adalo.com/static/js/main.79e9a9ca.js:2:4449428
    at Su (https://runtime-assets.adalo.com/static/js/main.79e9a9ca.js:2:4449433)
    at au (https://runtime-assets.adalo.com/static/js/main.79e9a9ca.js:2:4441891)
    at S (https://runtime-assets.adalo.com/static/js/main.79e9a9ca.js:2:4731959)
    at I (https://runtime-assets.adalo.com/static/js/main.79e9a9ca.js:2:4732493)
    at O.<computed> (https://runtime-assets.adalo.com/static/js/main.79e9a9ca.js:2:4028835)
    at D (https://runtime-assets.adalo.com/static/js/main.79e9a9ca.js:2:4028604)
    at MessagePort.P (https://runtime-assets.adalo.com/static/js/main.79e9a9ca.js:2:4028663) {"id":"5784tdv70verd4m24w9964bg7","type":"binding","label":"conference_name","source":{"type":"field","source":{"type":"data","tableId":"t_5fi9vn22j1ibyg3p7mizk8hlm","dataType":"object","selector":{"type":"SELECT_VALUE_SELECTOR","selectObjectId":"1d1eqqw7ub6ghlz5ltyfykwui"},"datasourceId":"a1ab1856443b44fcbe8d838f7fcfa88b"},"fieldId":"conference_name","dataType":"text"},"bindingType":"libraryProp"} @ https://runtime-assets.adalo.com/static/js/main.79e9a9ca.js:1
[   83999ms] [WARNING] SKIPPING ERRONEOUS DEPENDENCY Error: Selector failed: {"type":"SELECT_VALUE_SELECTOR","selectObjectId":"1d1eqqw7ub6ghlz5ltyfykwui"}
    at G (https://runtime-assets.adalo.com/static/js/main.79e9a9ca.js:2:468532)
    at t.getDependencies (https://runtime-assets.adalo.com/static/js/main.79e9a9ca.js:2:467260)
    at L.isManuallyPaginated (https://runtime-assets.adalo.com/static/js/main.79e9a9ca.js:2:348848)
    at L.render (https://runtime-assets.adalo.com/static/js/main.79e9a9ca.js:2:244984)
    at Ds (https://runtime-assets.adalo.com/static/js/main.79e9a9ca.js:2:4414574)
    at Ls (https://runtime-assets.adalo.com/static/js/main.79e9a9ca.js:2:4414370)
    at Ml (https://runtime-assets.adalo.com/static/js/main.79e9a9ca.js:2:4457902)
    at bu (https://runtime-assets.adalo.com/static/js/main.79e9a9ca.js:2:4446043)
    at vu (https://runtime-assets.adalo.com/static/js/main.79e9a9ca.js:2:4445971)
    at yu (https://runtime-assets.adalo.com/static/js/main.79e9a9ca.js:2:4445834)
    at uu (https://runtime-assets.adalo.com/static/js/main.79e9a9ca.js:2:4442950)
    at Wo (https://runtime-assets.adalo.com/static/js/main.79e9a9ca.js:2:4383545)
    at https://runtime-assets.adalo.com/static/js/main.79e9a9ca.js:2:4449428
    at Su (https://runtime-assets.adalo.com/static/js/main.79e9a9ca.js:2:4449433)
    at au (https://runtime-assets.adalo.com/static/js/main.79e9a9ca.js:2:4441891)
    at S (https://runtime-assets.adalo.com/static/js/main.79e9a9ca.js:2:4731959)
    at I (https://runtime-assets.adalo.com/static/js/main.79e9a9ca.js:2:4732493)
    at O.<computed> (https://runtime-assets.adalo.com/static/js/main.79e9a9ca.js:2:4028835)
    at D (https://runtime-assets.adalo.com/static/js/main.79e9a9ca.js:2:4028604)
    at MessagePort.P (https://runtime-assets.adalo.com/static/js/main.79e9a9ca.js:2:4028663) {"id":"2eo1n1hgrwy23q7u805um8qid","type":"binding","format":{"type":"commas"},"source":{"type":"field","source":{"type":"data","tableId":"t_5fi9vn22j1ibyg3p7mizk8hlm","dataType":"object","selector":{"type":"SELECT_VALUE_SELECTOR","selectObjectId":"1d1eqqw7ub6ghlz5ltyfykwui"},"datasourceId":"a1ab1856443b44fcbe8d838f7fcfa88b"},"fieldId":"rawconferencelist_id","dataType":"number"},"bindingType":"libraryProp"} @ https://runtime-assets.adalo.com/static/js/main.79e9a9ca.js:1
[   84000ms] [WARNING] SKIPPING ERRONEOUS DEPENDENCY Error: Selector failed: {"type":"SELECT_VALUE_SELECTOR","selectObjectId":"1d1eqqw7ub6ghlz5ltyfykwui"}
    at G (https://runtime-assets.adalo.com/static/js/main.79e9a9ca.js:2:468532)
    at t.getDependencies (https://runtime-assets.adalo.com/static/js/main.79e9a9ca.js:2:467260)
    at L.isManuallyPaginated (https://runtime-assets.adalo.com/static/js/main.79e9a9ca.js:2:348848)
    at L.render (https://runtime-assets.adalo.com/static/js/main.79e9a9ca.js:2:244984)
    at Ds (https://runtime-assets.adalo.com/static/js/main.79e9a9ca.js:2:4414574)
    at Ls (https://runtime-assets.adalo.com/static/js/main.79e9a9ca.js:2:4414370)
    at Ml (https://runtime-assets.adalo.com/static/js/main.79e9a9ca.js:2:4457902)
    at bu (https://runtime-assets.adalo.com/static/js/main.79e9a9ca.js:2:4446043)
    at vu (https://runtime-assets.adalo.com/static/js/main.79e9a9ca.js:2:4445971)
    at yu (https://runtime-assets.adalo.com/static/js/main.79e9a9ca.js:2:4445834)
    at uu (https://runtime-assets.adalo.com/static/js/main.79e9a9ca.js:2:4442950)
    at Wo (https://runtime-assets.adalo.com/static/js/main.79e9a9ca.js:2:4383545)
    at https://runtime-assets.adalo.com/static/js/main.79e9a9ca.js:2:4449428
    at Su (https://runtime-assets.adalo.com/static/js/main.79e9a9ca.js:2:4449433)
    at au (https://runtime-assets.adalo.com/static/js/main.79e9a9ca.js:2:4441891)
    at S (https://runtime-assets.adalo.com/static/js/main.79e9a9ca.js:2:4731959)
    at I (https://runtime-assets.adalo.com/static/js/main.79e9a9ca.js:2:4732493)
    at O.<computed> (https://runtime-assets.adalo.com/static/js/main.79e9a9ca.js:2:4028835)
    at D (https://runtime-assets.adalo.com/static/js/main.79e9a9ca.js:2:4028604)
    at MessagePort.P (https://runtime-assets.adalo.com/static/js/main.79e9a9ca.js:2:4028663) {"source":{"type":"field","source":{"type":"data","tableId":"t_5fi9vn22j1ibyg3p7mizk8hlm","dataType":"object","selector":{"type":"SELECT_VALUE_SELECTOR","selectObjectId":"1d1eqqw7ub6ghlz5ltyfykwui"},"datasourceId":"a1ab1856443b44fcbe8d838f7fcfa88b"},"fieldId":"rawconferencelist_id","dataType":"number"}} @ https://runtime-assets.adalo.com/static/js/main.79e9a9ca.js:1
[   84000ms] [WARNING] SKIPPING ERRONEOUS DEPENDENCY Error: Selector failed: {"type":"SELECT_VALUE_SELECTOR","selectObjectId":"1d1eqqw7ub6ghlz5ltyfykwui"}
    at G (https://runtime-assets.adalo.com/static/js/main.79e9a9ca.js:2:468532)
    at t.getDependencies (https://runtime-assets.adalo.com/static/js/main.79e9a9ca.js:2:467260)
    at L.isManuallyPaginated (https://runtime-assets.adalo.com/static/js/main.79e9a9ca.js:2:348848)
    at L.render (https://runtime-assets.adalo.com/static/js/main.79e9a9ca.js:2:244984)
    at Ds (https://runtime-assets.adalo.com/static/js/main.79e9a9ca.js:2:4414574)
    at Ls (https://runtime-assets.adalo.com/static/js/main.79e9a9ca.js:2:4414370)
    at Ml (https://runtime-assets.adalo.com/static/js/main.79e9a9ca.js:2:4457902)
    at bu (https://runtime-assets.adalo.com/static/js/main.79e9a9ca.js:2:4446043)
    at vu (https://runtime-assets.adalo.com/static/js/main.79e9a9ca.js:2:4445971)
    at yu (https://runtime-assets.adalo.com/static/js/main.79e9a9ca.js:2:4445834)
    at uu (https://runtime-assets.adalo.com/static/js/main.79e9a9ca.js:2:4442950)
    at Wo (https://runtime-assets.adalo.com/static/js/main.79e9a9ca.js:2:4383545)
    at https://runtime-assets.adalo.com/static/js/main.79e9a9ca.js:2:4449428
    at Su (https://runtime-assets.adalo.com/static/js/main.79e9a9ca.js:2:4449433)
    at au (https://runtime-assets.adalo.com/static/js/main.79e9a9ca.js:2:4441891)
    at S (https://runtime-assets.adalo.com/static/js/main.79e9a9ca.js:2:4731959)
    at I (https://runtime-assets.adalo.com/static/js/main.79e9a9ca.js:2:4732493)
    at O.<computed> (https://runtime-assets.adalo.com/static/js/main.79e9a9ca.js:2:4028835)
    at D (https://runtime-assets.adalo.com/static/js/main.79e9a9ca.js:2:4028604)
    at MessagePort.P (https://runtime-assets.adalo.com/static/js/main.79e9a9ca.js:2:4028663) {"source":{"type":"field","source":{"type":"data","tableId":"t_5fi9vn22j1ibyg3p7mizk8hlm","dataType":"object","selector":{"type":"SELECT_VALUE_SELECTOR","selectObjectId":"1d1eqqw7ub6ghlz5ltyfykwui"},"datasourceId":"a1ab1856443b44fcbe8d838f7fcfa88b"},"fieldId":"conference_name","dataType":"text"}} @ https://runtime-assets.adalo.com/static/js/main.79e9a9ca.js:1
[   84000ms] [WARNING] SKIPPING ERRONEOUS DEPENDENCY Error: Selector failed: {"type":"CURRENT_USER_SELECTOR"}
    at G (https://runtime-assets.adalo.com/static/js/main.79e9a9ca.js:2:468532)
    at t.getDependencies (https://runtime-assets.adalo.com/static/js/main.79e9a9ca.js:2:467260)
    at L.isManuallyPaginated (https://runtime-assets.adalo.com/static/js/main.79e9a9ca.js:2:348848)
    at L.render (https://runtime-assets.adalo.com/static/js/main.79e9a9ca.js:2:244984)
    at Ds (https://runtime-assets.adalo.com/static/js/main.79e9a9ca.js:2:4414574)
    at Ls (https://runtime-assets.adalo.com/static/js/main.79e9a9ca.js:2:4414370)
    at Ml (https://runtime-assets.adalo.com/static/js/main.79e9a9ca.js:2:4457902)
    at bu (https://runtime-assets.adalo.com/static/js/main.79e9a9ca.js:2:4446043)
    at vu (https://runtime-assets.adalo.com/static/js/main.79e9a9ca.js:2:4445971)
    at yu (https://runtime-assets.adalo.com/static/js/main.79e9a9ca.js:2:4445834)
    at uu (https://runtime-assets.adalo.com/static/js/main.79e9a9ca.js:2:4442950)
    at Wo (https://runtime-assets.adalo.com/static/js/main.79e9a9ca.js:2:4383545)
    at https://runtime-assets.adalo.com/static/js/main.79e9a9ca.js:2:4449428
    at Su (https://runtime-assets.adalo.com/static/js/main.79e9a9ca.js:2:4449433)
    at au (https://runtime-assets.adalo.com/static/js/main.79e9a9ca.js:2:4441891)
    at S (https://runtime-assets.adalo.com/static/js/main.79e9a9ca.js:2:4731959)
    at I (https://runtime-assets.adalo.com/static/js/main.79e9a9ca.js:2:4732493)
    at O.<computed> (https://runtime-assets.adalo.com/static/js/main.79e9a9ca.js:2:4028835)
    at D (https://runtime-assets.adalo.com/static/js/main.79e9a9ca.js:2:4028604)
    at MessagePort.P (https://runtime-assets.adalo.com/static/js/main.79e9a9ca.js:2:4028663) {"id":"en0xhfc9kfg4dbn1n2pekc207","type":"binding","source":{"type":"field","source":{"type":"data","source":null,"tableId":"t_80c852bba70544a6a98079124dfc8e10","dataType":"object","selector":{"type":"CURRENT_USER_SELECTOR"},"datasourceId":"4dba133b22784a13b18b1a791cfdd211"},"fieldId":"remaining_credits","dataType":"number"},"options":{},"comparator":"<","comparison":"1","bindingType":"libraryProp"} @ https://runtime-assets.adalo.com/static/js/main.79e9a9ca.js:1
[   84110ms] [WARNING] SKIPPING ERRONEOUS DEPENDENCY Error: Selector failed: {"type":"SELECT_VALUE_SELECTOR","selectObjectId":"3bmmor6uwgy9d932vmz7r1pag"}
    at G (https://runtime-assets.adalo.com/static/js/main.79e9a9ca.js:2:468532)
    at t.getDependencies (https://runtime-assets.adalo.com/static/js/main.79e9a9ca.js:2:467260)
    at L.isManuallyPaginated (https://runtime-assets.adalo.com/static/js/main.79e9a9ca.js:2:348848)
    at L.render (https://runtime-assets.adalo.com/static/js/main.79e9a9ca.js:2:244984)
    at Ds (https://runtime-assets.adalo.com/static/js/main.79e9a9ca.js:2:4414574)
    at Ls (https://runtime-assets.adalo.com/static/js/main.79e9a9ca.js:2:4414370)
    at Ml (https://runtime-assets.adalo.com/static/js/main.79e9a9ca.js:2:4457902)
    at bu (https://runtime-assets.adalo.com/static/js/main.79e9a9ca.js:2:4446043)
    at vu (https://runtime-assets.adalo.com/static/js/main.79e9a9ca.js:2:4445971)
    at yu (https://runtime-assets.adalo.com/static/js/main.79e9a9ca.js:2:4445834)
    at uu (https://runtime-assets.adalo.com/static/js/main.79e9a9ca.js:2:4442950)
    at Wo (https://runtime-assets.adalo.com/static/js/main.79e9a9ca.js:2:4383545)
    at https://runtime-assets.adalo.com/static/js/main.79e9a9ca.js:2:4440547 {"id":"02o8nb343950hbjoqc2inwpre","type":"binding","label":"Lead_Score","source":{"type":"field","source":{"type":"data","tableId":"t_61ne992eubatuoqw8vephoi4k","dataType":"object","selector":{"type":"SELECT_VALUE_SELECTOR","selectObjectId":"3bmmor6uwgy9d932vmz7r1pag"},"datasourceId":"a1ab1856443b44fcbe8d838f7fcfa88b"},"fieldId":"Lead_Score","dataType":"text"},"bindingType":"libraryProp","childBindings":[],"siblingBindings":["7dreyduxg9ir4u4rhkd7kr07o","ayotx6lhqnky41mxfo2kjmf1m","4dp782249h0711rfptxmxnusd","4mvcbyyuliu16qctjhix48n3p","8go2kx093yc9aq84obz0drpbn","3seiwl38vg3mupppxfl22pc9l","3fe5qxnpwys9a38imtxg72rs6","8emt3wss18kxafeq3ky4i6bnv","61ynvdvadst0xiqxwh6qaf0ig","auo12ynqkhthr6wafsoiivcz9","eqsrvb46v1cwfz2kmkzlw3f83","b3s4hvzs0o1qnb29akq9x4ccy","8kvegdbaklcu0jsi56tpdlt4o","5nzi2adqdpyyqy5v1izrzohw1","92qxmmj03fcllsv5o3tf9kbhw","bt2sevpq7gr4l9nk2rs6x7bpf","bycnteo1nswgjajhmvbmo3nh0","0421zdtq1ubjapbkyvh3k699z","5ukthu1xzlli7nf8gmo3665ry","3dtdyu0h8pozjs9tj5b869sy6","60d0i4jtiujjzw2vwtsafefr4","drgxhyyti591j7ksmrk6zuwnw","4dehw2mdedgcobf9zhvijl0t5","dz5zps63gbxp5myyzrc9z92pz","f0ffzw2sy8q9ba5jukhixd3a6","8t0vjvopwqyg6j0nestwt6fyh","dy623trvqq4cvdv38sr4q58cq","9iqh9rix6rw6qbk1pylpkv7w2","5o7ru0lg62b4yhz0x1oxbk2j3","5nelavgl9i8vdjqh6g50tfp93","abffcay8ga7fn36czpylhp8lt","6gxinx0kj3ihqahs05hlntgi9","ck6le21ojgx8cuq8pljec4wyb","bp046lttdgs1e7qv7c3ijlyuf","akomfad25k6xbfj6mh6iwwim0","997lxf1t87ur1ffizgl83e9zz","dje2eg4fju391wdgbe5u6clx6","94tk5zsodvhvlgqhjfqu4skzr","62xgbll0f89svjorj65mjmsyb","5csyxiashddwlojgulpgdxm6b","audbvo0lbv6sbeqatgtmjtaic","e2kigyvlciwvg85n1esrwbqry","alz9018ekdkr5er2836gqrbxb","29h77ojxav0qjkh8euoq88b4r","0hjln8c8nsca49gpugfxfz18g","2cl5ozyjiqfue0bzwys9s1ro3","emxx4s2lpt160v4dqsvsgz9ap","4w0meq26guhjxm1ml1ubil4b4"]} @ https://runtime-assets.adalo.com/static/js/main.79e9a9ca.js:1
[   84112ms] [WARNING] SKIPPING ERRONEOUS DEPENDENCY Error: Selector failed: {"type":"CURRENT_USER_SELECTOR"}
    at G (https://runtime-assets.adalo.com/static/js/main.79e9a9ca.js:2:468532)
    at t.getDependencies (https://runtime-assets.adalo.com/static/js/main.79e9a9ca.js:2:467260)
    at L.isManuallyPaginated (https://runtime-assets.adalo.com/static/js/main.79e9a9ca.js:2:348848)
    at L.render (https://runtime-assets.adalo.com/static/js/main.79e9a9ca.js:2:244984)
    at Ds (https://runtime-assets.adalo.com/static/js/main.79e9a9ca.js:2:4414574)
    at Ls (https://runtime-assets.adalo.com/static/js/main.79e9a9ca.js:2:4414370)
    at Ml (https://runtime-assets.adalo.com/static/js/main.79e9a9ca.js:2:4457902)
    at bu (https://runtime-assets.adalo.com/static/js/main.79e9a9ca.js:2:4446043)
    at vu (https://runtime-assets.adalo.com/static/js/main.79e9a9ca.js:2:4445971)
    at yu (https://runtime-assets.adalo.com/static/js/main.79e9a9ca.js:2:4445834)
    at uu (https://runtime-assets.adalo.com/static/js/main.79e9a9ca.js:2:4442950)
    at Wo (https://runtime-assets.adalo.com/static/js/main.79e9a9ca.js:2:4383545)
    at https://runtime-assets.adalo.com/static/js/main.79e9a9ca.js:2:4440547 {"id":"7dreyduxg9ir4u4rhkd7kr07o","type":"binding","label":"name","source":{"type":"field","source":{"type":"data","source":null,"tableId":"t_80c852bba70544a6a98079124dfc8e10","dataType":"object","selector":{"type":"CURRENT_USER_SELECTOR"},"datasourceId":"4dba133b22784a13b18b1a791cfdd211"},"fieldId":"name","dataType":"text"},"bindingType":"libraryProp","childBindings":[],"siblingBindings":["ayotx6lhqnky41mxfo2kjmf1m","4dp782249h0711rfptxmxnusd","4mvcbyyuliu16qctjhix48n3p","8go2kx093yc9aq84obz0drpbn","3seiwl38vg3mupppxfl22pc9l","3fe5qxnpwys9a38imtxg72rs6","8emt3wss18kxafeq3ky4i6bnv","61ynvdvadst0xiqxwh6qaf0ig","auo12ynqkhthr6wafsoiivcz9","eqsrvb46v1cwfz2kmkzlw3f83","b3s4hvzs0o1qnb29akq9x4ccy","8kvegdbaklcu0jsi56tpdlt4o","5nzi2adqdpyyqy5v1izrzohw1","92qxmmj03fcllsv5o3tf9kbhw","bt2sevpq7gr4l9nk2rs6x7bpf","bycnteo1nswgjajhmvbmo3nh0","0421zdtq1ubjapbkyvh3k699z","5ukthu1xzlli7nf8gmo3665ry","3dtdyu0h8pozjs9tj5b869sy6","60d0i4jtiujjzw2vwtsafefr4","drgxhyyti591j7ksmrk6zuwnw","4dehw2mdedgcobf9zhvijl0t5","dz5zps63gbxp5myyzrc9z92pz","f0ffzw2sy8q9ba5jukhixd3a6","8t0vjvopwqyg6j0nestwt6fyh","02o8nb343950hbjoqc2inwpre","dy623trvqq4cvdv38sr4q58cq","9iqh9rix6rw6qbk1pylpkv7w2","5o7ru0lg62b4yhz0x1oxbk2j3","5nelavgl9i8vdjqh6g50tfp93","abffcay8ga7fn36czpylhp8lt","6gxinx0kj3ihqahs05hlntgi9","ck6le21ojgx8cuq8pljec4wyb","bp046lttdgs1e7qv7c3ijlyuf","akomfad25k6xbfj6mh6iwwim0","997lxf1t87ur1ffizgl83e9zz","dje2eg4fju391wdgbe5u6clx6","94tk5zsodvhvlgqhjfqu4skzr","62xgbll0f89svjorj65mjmsyb","5csyxiashddwlojgulpgdxm6b","audbvo0lbv6sbeqatgtmjtaic","e2kigyvlciwvg85n1esrwbqry","alz9018ekdkr5er2836gqrbxb","29h77ojxav0qjkh8euoq88b4r","0hjln8c8nsca49gpugfxfz18g","2cl5ozyjiqfue0bzwys9s1ro3","emxx4s2lpt160v4dqsvsgz9ap","4w0meq26guhjxm1ml1ubil4b4"]} @ https://runtime-assets.adalo.com/static/js/main.79e9a9ca.js:1
[   84112ms] [WARNING] SKIPPING ERRONEOUS DEPENDENCY Error: Selector failed: {"type":"SELECT_VALUE_SELECTOR","selectObjectId":"7w4vqjjkneryup0qx6nyd5sox"}
    at G (https://runtime-assets.adalo.com/static/js/main.79e9a9ca.js:2:468532)
    at t.getDependencies (https://runtime-assets.adalo.com/static/js/main.79e9a9ca.js:2:467260)
    at L.isManuallyPaginated (https://runtime-assets.adalo.com/static/js/main.79e9a9ca.js:2:348848)
    at L.render (https://runtime-assets.adalo.com/static/js/main.79e9a9ca.js:2:244984)
    at Ds (https://runtime-assets.adalo.com/static/js/main.79e9a9ca.js:2:4414574)
    at Ls (https://runtime-assets.adalo.com/static/js/main.79e9a9ca.js:2:4414370)
    at Ml (https://runtime-assets.adalo.com/static/js/main.79e9a9ca.js:2:4457902)
    at bu (https://runtime-assets.adalo.com/static/js/main.79e9a9ca.js:2:4446043)
    at vu (https://runtime-assets.adalo.com/static/js/main.79e9a9ca.js:2:4445971)
    at yu (https://runtime-assets.adalo.com/static/js/main.79e9a9ca.js:2:4445834)
    at uu (https://runtime-assets.adalo.com/static/js/main.79e9a9ca.js:2:4442950)
    at Wo (https://runtime-assets.adalo.com/static/js/main.79e9a9ca.js:2:4383545)
    at https://runtime-assets.adalo.com/static/js/main.79e9a9ca.js:2:4440547 {"id":"9iqh9rix6rw6qbk1pylpkv7w2","type":"binding","label":"ID","format":{"type":"commas"},"source":{"type":"field","source":{"type":"data","tableId":"t_5idhcbl2zu1px4fff99qt26gw","dataType":"object","selector":{"type":"SELECT_VALUE_SELECTOR","selectObjectId":"7w4vqjjkneryup0qx6nyd5sox"},"datasourceId":"a1ab1856443b44fcbe8d838f7fcfa88b"},"fieldId":"id","dataType":"number"},"bindingType":"libraryProp","childBindings":[],"siblingBindings":["7dreyduxg9ir4u4rhkd7kr07o","ayotx6lhqnky41mxfo2kjmf1m","4dp782249h0711rfptxmxnusd","4mvcbyyuliu16qctjhix48n3p","8go2kx093yc9aq84obz0drpbn","3seiwl38vg3mupppxfl22pc9l","3fe5qxnpwys9a38imtxg72rs6","8emt3wss18kxafeq3ky4i6bnv","61ynvdvadst0xiqxwh6qaf0ig","auo12ynqkhthr6wafsoiivcz9","eqsrvb46v1cwfz2kmkzlw3f83","b3s4hvzs0o1qnb29akq9x4ccy","8kvegdbaklcu0jsi56tpdlt4o","5nzi2adqdpyyqy5v1izrzohw1","92qxmmj03fcllsv5o3tf9kbhw","bt2sevpq7gr4l9nk2rs6x7bpf","bycnteo1nswgjajhmvbmo3nh0","0421zdtq1ubjapbkyvh3k699z","5ukthu1xzlli7nf8gmo3665ry","3dtdyu0h8pozjs9tj5b869sy6","60d0i4jtiujjzw2vwtsafefr4","drgxhyyti591j7ksmrk6zuwnw","4dehw2mdedgcobf9zhvijl0t5","dz5zps63gbxp5myyzrc9z92pz","f0ffzw2sy8q9ba5jukhixd3a6","8t0vjvopwqyg6j0nestwt6fyh","02o8nb343950hbjoqc2inwpre","dy623trvqq4cvdv38sr4q58cq","5o7ru0lg62b4yhz0x1oxbk2j3","5nelavgl9i8vdjqh6g50tfp93","abffcay8ga7fn36czpylhp8lt","6gxinx0kj3ihqahs05hlntgi9","ck6le21ojgx8cuq8pljec4wyb","bp046lttdgs1e7qv7c3ijlyuf","akomfad25k6xbfj6mh6iwwim0","997lxf1t87ur1ffizgl83e9zz","dje2eg4fju391wdgbe5u6clx6","94tk5zsodvhvlgqhjfqu4skzr","62xgbll0f89svjorj65mjmsyb","5csyxiashddwlojgulpgdxm6b","audbvo0lbv6sbeqatgtmjtaic","e2kigyvlciwvg85n1esrwbqry","alz9018ekdkr5er2836gqrbxb","29h77ojxav0qjkh8euoq88b4r","0hjln8c8nsca49gpugfxfz18g","2cl5ozyjiqfue0bzwys9s1ro3","emxx4s2lpt160v4dqsvsgz9ap","4w0meq26guhjxm1ml1ubil4b4"]} @ https://runtime-assets.adalo.com/static/js/main.79e9a9ca.js:1
[   84113ms] [WARNING] SKIPPING ERRONEOUS DEPENDENCY Error: Selector failed: {"type":"SELECT_VALUE_SELECTOR","selectObjectId":"1d1eqqw7ub6ghlz5ltyfykwui"}
    at G (https://runtime-assets.adalo.com/static/js/main.79e9a9ca.js:2:468532)
    at t.getDependencies (https://runtime-assets.adalo.com/static/js/main.79e9a9ca.js:2:467260)
    at L.isManuallyPaginated (https://runtime-assets.adalo.com/static/js/main.79e9a9ca.js:2:348848)
    at L.render (https://runtime-assets.adalo.com/static/js/main.79e9a9ca.js:2:244984)
    at Ds (https://runtime-assets.adalo.com/static/js/main.79e9a9ca.js:2:4414574)
    at Ls (https://runtime-assets.adalo.com/static/js/main.79e9a9ca.js:2:4414370)
    at Ml (https://runtime-assets.adalo.com/static/js/main.79e9a9ca.js:2:4457902)
    at bu (https://runtime-assets.adalo.com/static/js/main.79e9a9ca.js:2:4446043)
    at vu (https://runtime-assets.adalo.com/static/js/main.79e9a9ca.js:2:4445971)
    at yu (https://runtime-assets.adalo.com/static/js/main.79e9a9ca.js:2:4445834)
    at uu (https://runtime-assets.adalo.com/static/js/main.79e9a9ca.js:2:4442950)
    at Wo (https://runtime-assets.adalo.com/static/js/main.79e9a9ca.js:2:4383545)
    at https://runtime-assets.adalo.com/static/js/main.79e9a9ca.js:2:4440547 {"id":"5784tdv70verd4m24w9964bg7","type":"binding","label":"conference_name","source":{"type":"field","source":{"type":"data","tableId":"t_5fi9vn22j1ibyg3p7mizk8hlm","dataType":"object","selector":{"type":"SELECT_VALUE_SELECTOR","selectObjectId":"1d1eqqw7ub6ghlz5ltyfykwui"},"datasourceId":"a1ab1856443b44fcbe8d838f7fcfa88b"},"fieldId":"conference_name","dataType":"text"},"bindingType":"libraryProp"} @ https://runtime-assets.adalo.com/static/js/main.79e9a9ca.js:1
[   84113ms] [WARNING] SKIPPING ERRONEOUS DEPENDENCY Error: Selector failed: {"type":"SELECT_VALUE_SELECTOR","selectObjectId":"1d1eqqw7ub6ghlz5ltyfykwui"}
    at G (https://runtime-assets.adalo.com/static/js/main.79e9a9ca.js:2:468532)
    at t.getDependencies (https://runtime-assets.adalo.com/static/js/main.79e9a9ca.js:2:467260)
    at L.isManuallyPaginated (https://runtime-assets.adalo.com/static/js/main.79e9a9ca.js:2:348848)
    at L.render (https://runtime-assets.adalo.com/static/js/main.79e9a9ca.js:2:244984)
    at Ds (https://runtime-assets.adalo.com/static/js/main.79e9a9ca.js:2:4414574)
    at Ls (https://runtime-assets.adalo.com/static/js/main.79e9a9ca.js:2:4414370)
    at Ml (https://runtime-assets.adalo.com/static/js/main.79e9a9ca.js:2:4457902)
    at bu (https://runtime-assets.adalo.com/static/js/main.79e9a9ca.js:2:4446043)
    at vu (https://runtime-assets.adalo.com/static/js/main.79e9a9ca.js:2:4445971)
    at yu (https://runtime-assets.adalo.com/static/js/main.79e9a9ca.js:2:4445834)
    at uu (https://runtime-assets.adalo.com/static/js/main.79e9a9ca.js:2:4442950)
    at Wo (https://runtime-assets.adalo.com/static/js/main.79e9a9ca.js:2:4383545)
    at https://runtime-assets.adalo.com/static/js/main.79e9a9ca.js:2:4440547 {"id":"2eo1n1hgrwy23q7u805um8qid","type":"binding","format":{"type":"commas"},"source":{"type":"field","source":{"type":"data","tableId":"t_5fi9vn22j1ibyg3p7mizk8hlm","dataType":"object","selector":{"type":"SELECT_VALUE_SELECTOR","selectObjectId":"1d1eqqw7ub6ghlz5ltyfykwui"},"datasourceId":"a1ab1856443b44fcbe8d838f7fcfa88b"},"fieldId":"rawconferencelist_id","dataType":"number"},"bindingType":"libraryProp"} @ https://runtime-assets.adalo.com/static/js/main.79e9a9ca.js:1
[   84114ms] [WARNING] SKIPPING ERRONEOUS DEPENDENCY Error: Selector failed: {"type":"SELECT_VALUE_SELECTOR","selectObjectId":"1d1eqqw7ub6ghlz5ltyfykwui"}
    at G (https://runtime-assets.adalo.com/static/js/main.79e9a9ca.js:2:468532)
    at t.getDependencies (https://runtime-assets.adalo.com/static/js/main.79e9a9ca.js:2:467260)
    at L.isManuallyPaginated (https://runtime-assets.adalo.com/static/js/main.79e9a9ca.js:2:348848)
    at L.render (https://runtime-assets.adalo.com/static/js/main.79e9a9ca.js:2:244984)
    at Ds (https://runtime-assets.adalo.com/static/js/main.79e9a9ca.js:2:4414574)
    at Ls (https://runtime-assets.adalo.com/static/js/main.79e9a9ca.js:2:4414370)
    at Ml (https://runtime-assets.adalo.com/static/js/main.79e9a9ca.js:2:4457902)
    at bu (https://runtime-assets.adalo.com/static/js/main.79e9a9ca.js:2:4446043)
    at vu (https://runtime-assets.adalo.com/static/js/main.79e9a9ca.js:2:4445971)
    at yu (https://runtime-assets.adalo.com/static/js/main.79e9a9ca.js:2:4445834)
    at uu (https://runtime-assets.adalo.com/static/js/main.79e9a9ca.js:2:4442950)
    at Wo (https://runtime-assets.adalo.com/static/js/main.79e9a9ca.js:2:4383545)
    at https://runtime-assets.adalo.com/static/js/main.79e9a9ca.js:2:4440547 {"source":{"type":"field","source":{"type":"data","tableId":"t_5fi9vn22j1ibyg3p7mizk8hlm","dataType":"object","selector":{"type":"SELECT_VALUE_SELECTOR","selectObjectId":"1d1eqqw7ub6ghlz5ltyfykwui"},"datasourceId":"a1ab1856443b44fcbe8d838f7fcfa88b"},"fieldId":"rawconferencelist_id","dataType":"number"}} @ https://runtime-assets.adalo.com/static/js/main.79e9a9ca.js:1
[   84114ms] [WARNING] SKIPPING ERRONEOUS DEPENDENCY Error: Selector failed: {"type":"SELECT_VALUE_SELECTOR","selectObjectId":"1d1eqqw7ub6ghlz5ltyfykwui"}
    at G (https://runtime-assets.adalo.com/static/js/main.79e9a9ca.js:2:468532)
    at t.getDependencies (https://runtime-assets.adalo.com/static/js/main.79e9a9ca.js:2:467260)
    at L.isManuallyPaginated (https://runtime-assets.adalo.com/static/js/main.79e9a9ca.js:2:348848)
    at L.render (https://runtime-assets.adalo.com/static/js/main.79e9a9ca.js:2:244984)
    at Ds (https://runtime-assets.adalo.com/static/js/main.79e9a9ca.js:2:4414574)
    at Ls (https://runtime-assets.adalo.com/static/js/main.79e9a9ca.js:2:4414370)
    at Ml (https://runtime-assets.adalo.com/static/js/main.79e9a9ca.js:2:4457902)
    at bu (https://runtime-assets.adalo.com/static/js/main.79e9a9ca.js:2:4446043)
    at vu (https://runtime-assets.adalo.com/static/js/main.79e9a9ca.js:2:4445971)
    at yu (https://runtime-assets.adalo.com/static/js/main.79e9a9ca.js:2:4445834)
    at uu (https://runtime-assets.adalo.com/static/js/main.79e9a9ca.js:2:4442950)
    at Wo (https://runtime-assets.adalo.com/static/js/main.79e9a9ca.js:2:4383545)
    at https://runtime-assets.adalo.com/static/js/main.79e9a9ca.js:2:4440547 {"source":{"type":"field","source":{"type":"data","tableId":"t_5fi9vn22j1ibyg3p7mizk8hlm","dataType":"object","selector":{"type":"SELECT_VALUE_SELECTOR","selectObjectId":"1d1eqqw7ub6ghlz5ltyfykwui"},"datasourceId":"a1ab1856443b44fcbe8d838f7fcfa88b"},"fieldId":"conference_name","dataType":"text"}} @ https://runtime-assets.adalo.com/static/js/main.79e9a9ca.js:1
[   84114ms] [WARNING] SKIPPING ERRONEOUS DEPENDENCY Error: Selector failed: {"type":"CURRENT_USER_SELECTOR"}
    at G (https://runtime-assets.adalo.com/static/js/main.79e9a9ca.js:2:468532)
    at t.getDependencies (https://runtime-assets.adalo.com/static/js/main.79e9a9ca.js:2:467260)
    at L.isManuallyPaginated (https://runtime-assets.adalo.com/static/js/main.79e9a9ca.js:2:348848)
    at L.render (https://runtime-assets.adalo.com/static/js/main.79e9a9ca.js:2:244984)
    at Ds (https://runtime-assets.adalo.com/static/js/main.79e9a9ca.js:2:4414574)
    at Ls (https://runtime-assets.adalo.com/static/js/main.79e9a9ca.js:2:4414370)
    at Ml (https://runtime-assets.adalo.com/static/js/main.79e9a9ca.js:2:4457902)
    at bu (https://runtime-assets.adalo.com/static/js/main.79e9a9ca.js:2:4446043)
    at vu (https://runtime-assets.adalo.com/static/js/main.79e9a9ca.js:2:4445971)
    at yu (https://runtime-assets.adalo.com/static/js/main.79e9a9ca.js:2:4445834)
    at uu (https://runtime-assets.adalo.com/static/js/main.79e9a9ca.js:2:4442950)
    at Wo (https://runtime-assets.adalo.com/static/js/main.79e9a9ca.js:2:4383545)
    at https://runtime-assets.adalo.com/static/js/main.79e9a9ca.js:2:4440547 {"id":"en0xhfc9kfg4dbn1n2pekc207","type":"binding","source":{"type":"field","source":{"type":"data","source":null,"tableId":"t_80c852bba70544a6a98079124dfc8e10","dataType":"object","selector":{"type":"CURRENT_USER_SELECTOR"},"datasourceId":"4dba133b22784a13b18b1a791cfdd211"},"fieldId":"remaining_credits","dataType":"number"},"options":{},"comparator":"<","comparison":"1","bindingType":"libraryProp"} @ https://runtime-assets.adalo.com/static/js/main.79e9a9ca.js:1
[   84223ms] [WARNING] SKIPPING ERRONEOUS DEPENDENCY Error: Selector failed: {"type":"SELECT_VALUE_SELECTOR","selectObjectId":"3bmmor6uwgy9d932vmz7r1pag"}
    at G (https://runtime-assets.adalo.com/static/js/main.79e9a9ca.js:2:468532)
    at t.getDependencies (https://runtime-assets.adalo.com/static/js/main.79e9a9ca.js:2:467260)
    at L.isManuallyPaginated (https://runtime-assets.adalo.com/static/js/main.79e9a9ca.js:2:348848)
    at L.render (https://runtime-assets.adalo.com/static/js/main.79e9a9ca.js:2:244984)
    at Ds (https://runtime-assets.adalo.com/static/js/main.79e9a9ca.js:2:4414574)
    at Ls (https://runtime-assets.adalo.com/static/js/main.79e9a9ca.js:2:4414370)
    at Ml (https://runtime-assets.adalo.com/static/js/main.79e9a9ca.js:2:4457902)
    at bu (https://runtime-assets.adalo.com/static/js/main.79e9a9ca.js:2:4446043)
    at vu (https://runtime-assets.adalo.com/static/js/main.79e9a9ca.js:2:4445971)
    at yu (https://runtime-assets.adalo.com/static/js/main.79e9a9ca.js:2:4445834)
    at uu (https://runtime-assets.adalo.com/static/js/main.79e9a9ca.js:2:4442950)
    at Wo (https://runtime-assets.adalo.com/static/js/main.79e9a9ca.js:2:4383545)
    at https://runtime-assets.adalo.com/static/js/main.79e9a9ca.js:2:4440547 {"id":"02o8nb343950hbjoqc2inwpre","type":"binding","label":"Lead_Score","source":{"type":"field","source":{"type":"data","tableId":"t_61ne992eubatuoqw8vephoi4k","dataType":"object","selector":{"type":"SELECT_VALUE_SELECTOR","selectObjectId":"3bmmor6uwgy9d932vmz7r1pag"},"datasourceId":"a1ab1856443b44fcbe8d838f7fcfa88b"},"fieldId":"Lead_Score","dataType":"text"},"bindingType":"libraryProp","childBindings":[],"siblingBindings":["7dreyduxg9ir4u4rhkd7kr07o","ayotx6lhqnky41mxfo2kjmf1m","4dp782249h0711rfptxmxnusd","4mvcbyyuliu16qctjhix48n3p","8go2kx093yc9aq84obz0drpbn","3seiwl38vg3mupppxfl22pc9l","3fe5qxnpwys9a38imtxg72rs6","8emt3wss18kxafeq3ky4i6bnv","61ynvdvadst0xiqxwh6qaf0ig","auo12ynqkhthr6wafsoiivcz9","eqsrvb46v1cwfz2kmkzlw3f83","b3s4hvzs0o1qnb29akq9x4ccy","8kvegdbaklcu0jsi56tpdlt4o","5nzi2adqdpyyqy5v1izrzohw1","92qxmmj03fcllsv5o3tf9kbhw","bt2sevpq7gr4l9nk2rs6x7bpf","bycnteo1nswgjajhmvbmo3nh0","0421zdtq1ubjapbkyvh3k699z","5ukthu1xzlli7nf8gmo3665ry","3dtdyu0h8pozjs9tj5b869sy6","60d0i4jtiujjzw2vwtsafefr4","drgxhyyti591j7ksmrk6zuwnw","4dehw2mdedgcobf9zhvijl0t5","dz5zps63gbxp5myyzrc9z92pz","f0ffzw2sy8q9ba5jukhixd3a6","8t0vjvopwqyg6j0nestwt6fyh","dy623trvqq4cvdv38sr4q58cq","9iqh9rix6rw6qbk1pylpkv7w2","5o7ru0lg62b4yhz0x1oxbk2j3","5nelavgl9i8vdjqh6g50tfp93","abffcay8ga7fn36czpylhp8lt","6gxinx0kj3ihqahs05hlntgi9","ck6le21ojgx8cuq8pljec4wyb","bp046lttdgs1e7qv7c3ijlyuf","akomfad25k6xbfj6mh6iwwim0","997lxf1t87ur1ffizgl83e9zz","dje2eg4fju391wdgbe5u6clx6","94tk5zsodvhvlgqhjfqu4skzr","62xgbll0f89svjorj65mjmsyb","5csyxiashddwlojgulpgdxm6b","audbvo0lbv6sbeqatgtmjtaic","e2kigyvlciwvg85n1esrwbqry","alz9018ekdkr5er2836gqrbxb","29h77ojxav0qjkh8euoq88b4r","0hjln8c8nsca49gpugfxfz18g","2cl5ozyjiqfue0bzwys9s1ro3","emxx4s2lpt160v4dqsvsgz9ap","4w0meq26guhjxm1ml1ubil4b4"]} @ https://runtime-assets.adalo.com/static/js/main.79e9a9ca.js:1
[   84225ms] [WARNING] SKIPPING ERRONEOUS DEPENDENCY Error: Selector failed: {"type":"CURRENT_USER_SELECTOR"}
    at G (https://runtime-assets.adalo.com/static/js/main.79e9a9ca.js:2:468532)
    at t.getDependencies (https://runtime-assets.adalo.com/static/js/main.79e9a9ca.js:2:467260)
    at L.isManuallyPaginated (https://runtime-assets.adalo.com/static/js/main.79e9a9ca.js:2:348848)
    at L.render (https://runtime-assets.adalo.com/static/js/main.79e9a9ca.js:2:244984)
    at Ds (https://runtime-assets.adalo.com/static/js/main.79e9a9ca.js:2:4414574)
    at Ls (https://runtime-assets.adalo.com/static/js/main.79e9a9ca.js:2:4414370)
    at Ml (https://runtime-assets.adalo.com/static/js/main.79e9a9ca.js:2:4457902)
    at bu (https://runtime-assets.adalo.com/static/js/main.79e9a9ca.js:2:4446043)
    at vu (https://runtime-assets.adalo.com/static/js/main.79e9a9ca.js:2:4445971)
    at yu (https://runtime-assets.adalo.com/static/js/main.79e9a9ca.js:2:4445834)
    at uu (https://runtime-assets.adalo.com/static/js/main.79e9a9ca.js:2:4442950)
    at Wo (https://runtime-assets.adalo.com/static/js/main.79e9a9ca.js:2:4383545)
    at https://runtime-assets.adalo.com/static/js/main.79e9a9ca.js:2:4440547 {"id":"7dreyduxg9ir4u4rhkd7kr07o","type":"binding","label":"name","source":{"type":"field","source":{"type":"data","source":null,"tableId":"t_80c852bba70544a6a98079124dfc8e10","dataType":"object","selector":{"type":"CURRENT_USER_SELECTOR"},"datasourceId":"4dba133b22784a13b18b1a791cfdd211"},"fieldId":"name","dataType":"text"},"bindingType":"libraryProp","childBindings":[],"siblingBindings":["ayotx6lhqnky41mxfo2kjmf1m","4dp782249h0711rfptxmxnusd","4mvcbyyuliu16qctjhix48n3p","8go2kx093yc9aq84obz0drpbn","3seiwl38vg3mupppxfl22pc9l","3fe5qxnpwys9a38imtxg72rs6","8emt3wss18kxafeq3ky4i6bnv","61ynvdvadst0xiqxwh6qaf0ig","auo12ynqkhthr6wafsoiivcz9","eqsrvb46v1cwfz2kmkzlw3f83","b3s4hvzs0o1qnb29akq9x4ccy","8kvegdbaklcu0jsi56tpdlt4o","5nzi2adqdpyyqy5v1izrzohw1","92qxmmj03fcllsv5o3tf9kbhw","bt2sevpq7gr4l9nk2rs6x7bpf","bycnteo1nswgjajhmvbmo3nh0","0421zdtq1ubjapbkyvh3k699z","5ukthu1xzlli7nf8gmo3665ry","3dtdyu0h8pozjs9tj5b869sy6","60d0i4jtiujjzw2vwtsafefr4","drgxhyyti591j7ksmrk6zuwnw","4dehw2mdedgcobf9zhvijl0t5","dz5zps63gbxp5myyzrc9z92pz","f0ffzw2sy8q9ba5jukhixd3a6","8t0vjvopwqyg6j0nestwt6fyh","02o8nb343950hbjoqc2inwpre","dy623trvqq4cvdv38sr4q58cq","9iqh9rix6rw6qbk1pylpkv7w2","5o7ru0lg62b4yhz0x1oxbk2j3","5nelavgl9i8vdjqh6g50tfp93","abffcay8ga7fn36czpylhp8lt","6gxinx0kj3ihqahs05hlntgi9","ck6le21ojgx8cuq8pljec4wyb","bp046lttdgs1e7qv7c3ijlyuf","akomfad25k6xbfj6mh6iwwim0","997lxf1t87ur1ffizgl83e9zz","dje2eg4fju391wdgbe5u6clx6","94tk5zsodvhvlgqhjfqu4skzr","62xgbll0f89svjorj65mjmsyb","5csyxiashddwlojgulpgdxm6b","audbvo0lbv6sbeqatgtmjtaic","e2kigyvlciwvg85n1esrwbqry","alz9018ekdkr5er2836gqrbxb","29h77ojxav0qjkh8euoq88b4r","0hjln8c8nsca49gpugfxfz18g","2cl5ozyjiqfue0bzwys9s1ro3","emxx4s2lpt160v4dqsvsgz9ap","4w0meq26guhjxm1ml1ubil4b4"]} @ https://runtime-assets.adalo.com/static/js/main.79e9a9ca.js:1
[   84225ms] [WARNING] SKIPPING ERRONEOUS DEPENDENCY Error: Selector failed: {"type":"SELECT_VALUE_SELECTOR","selectObjectId":"7w4vqjjkneryup0qx6nyd5sox"}
    at G (https://runtime-assets.adalo.com/static/js/main.79e9a9ca.js:2:468532)
    at t.getDependencies (https://runtime-assets.adalo.com/static/js/main.79e9a9ca.js:2:467260)
    at L.isManuallyPaginated (https://runtime-assets.adalo.com/static/js/main.79e9a9ca.js:2:348848)
    at L.render (https://runtime-assets.adalo.com/static/js/main.79e9a9ca.js:2:244984)
    at Ds (https://runtime-assets.adalo.com/static/js/main.79e9a9ca.js:2:4414574)
    at Ls (https://runtime-assets.adalo.com/static/js/main.79e9a9ca.js:2:4414370)
    at Ml (https://runtime-assets.adalo.com/static/js/main.79e9a9ca.js:2:4457902)
    at bu (https://runtime-assets.adalo.com/static/js/main.79e9a9ca.js:2:4446043)
    at vu (https://runtime-assets.adalo.com/static/js/main.79e9a9ca.js:2:4445971)
    at yu (https://runtime-assets.adalo.com/static/js/main.79e9a9ca.js:2:4445834)
    at uu (https://runtime-assets.adalo.com/static/js/main.79e9a9ca.js:2:4442950)
    at Wo (https://runtime-assets.adalo.com/static/js/main.79e9a9ca.js:2:4383545)
    at https://runtime-assets.adalo.com/static/js/main.79e9a9ca.js:2:4440547 {"id":"9iqh9rix6rw6qbk1pylpkv7w2","type":"binding","label":"ID","format":{"type":"commas"},"source":{"type":"field","source":{"type":"data","tableId":"t_5idhcbl2zu1px4fff99qt26gw","dataType":"object","selector":{"type":"SELECT_VALUE_SELECTOR","selectObjectId":"7w4vqjjkneryup0qx6nyd5sox"},"datasourceId":"a1ab1856443b44fcbe8d838f7fcfa88b"},"fieldId":"id","dataType":"number"},"bindingType":"libraryProp","childBindings":[],"siblingBindings":["7dreyduxg9ir4u4rhkd7kr07o","ayotx6lhqnky41mxfo2kjmf1m","4dp782249h0711rfptxmxnusd","4mvcbyyuliu16qctjhix48n3p","8go2kx093yc9aq84obz0drpbn","3seiwl38vg3mupppxfl22pc9l","3fe5qxnpwys9a38imtxg72rs6","8emt3wss18kxafeq3ky4i6bnv","61ynvdvadst0xiqxwh6qaf0ig","auo12ynqkhthr6wafsoiivcz9","eqsrvb46v1cwfz2kmkzlw3f83","b3s4hvzs0o1qnb29akq9x4ccy","8kvegdbaklcu0jsi56tpdlt4o","5nzi2adqdpyyqy5v1izrzohw1","92qxmmj03fcllsv5o3tf9kbhw","bt2sevpq7gr4l9nk2rs6x7bpf","bycnteo1nswgjajhmvbmo3nh0","0421zdtq1ubjapbkyvh3k699z","5ukthu1xzlli7nf8gmo3665ry","3dtdyu0h8pozjs9tj5b869sy6","60d0i4jtiujjzw2vwtsafefr4","drgxhyyti591j7ksmrk6zuwnw","4dehw2mdedgcobf9zhvijl0t5","dz5zps63gbxp5myyzrc9z92pz","f0ffzw2sy8q9ba5jukhixd3a6","8t0vjvopwqyg6j0nestwt6fyh","02o8nb343950hbjoqc2inwpre","dy623trvqq4cvdv38sr4q58cq","5o7ru0lg62b4yhz0x1oxbk2j3","5nelavgl9i8vdjqh6g50tfp93","abffcay8ga7fn36czpylhp8lt","6gxinx0kj3ihqahs05hlntgi9","ck6le21ojgx8cuq8pljec4wyb","bp046lttdgs1e7qv7c3ijlyuf","akomfad25k6xbfj6mh6iwwim0","997lxf1t87ur1ffizgl83e9zz","dje2eg4fju391wdgbe5u6clx6","94tk5zsodvhvlgqhjfqu4skzr","62xgbll0f89svjorj65mjmsyb","5csyxiashddwlojgulpgdxm6b","audbvo0lbv6sbeqatgtmjtaic","e2kigyvlciwvg85n1esrwbqry","alz9018ekdkr5er2836gqrbxb","29h77ojxav0qjkh8euoq88b4r","0hjln8c8nsca49gpugfxfz18g","2cl5ozyjiqfue0bzwys9s1ro3","emxx4s2lpt160v4dqsvsgz9ap","4w0meq26guhjxm1ml1ubil4b4"]} @ https://runtime-assets.adalo.com/static/js/main.79e9a9ca.js:1
[   84226ms] [WARNING] SKIPPING ERRONEOUS DEPENDENCY Error: Selector failed: {"type":"SELECT_VALUE_SELECTOR","selectObjectId":"1d1eqqw7ub6ghlz5ltyfykwui"}
    at G (https://runtime-assets.adalo.com/static/js/main.79e9a9ca.js:2:468532)
    at t.getDependencies (https://runtime-assets.adalo.com/static/js/main.79e9a9ca.js:2:467260)
    at L.isManuallyPaginated (https://runtime-assets.adalo.com/static/js/main.79e9a9ca.js:2:348848)
    at L.render (https://runtime-assets.adalo.com/static/js/main.79e9a9ca.js:2:244984)
    at Ds (https://runtime-assets.adalo.com/static/js/main.79e9a9ca.js:2:4414574)
    at Ls (https://runtime-assets.adalo.com/static/js/main.79e9a9ca.js:2:4414370)
    at Ml (https://runtime-assets.adalo.com/static/js/main.79e9a9ca.js:2:4457902)
    at bu (https://runtime-assets.adalo.com/static/js/main.79e9a9ca.js:2:4446043)
    at vu (https://runtime-assets.adalo.com/static/js/main.79e9a9ca.js:2:4445971)
    at yu (https://runtime-assets.adalo.com/static/js/main.79e9a9ca.js:2:4445834)
    at uu (https://runtime-assets.adalo.com/static/js/main.79e9a9ca.js:2:4442950)
    at Wo (https://runtime-assets.adalo.com/static/js/main.79e9a9ca.js:2:4383545)
    at https://runtime-assets.adalo.com/static/js/main.79e9a9ca.js:2:4440547 {"id":"5784tdv70verd4m24w9964bg7","type":"binding","label":"conference_name","source":{"type":"field","source":{"type":"data","tableId":"t_5fi9vn22j1ibyg3p7mizk8hlm","dataType":"object","selector":{"type":"SELECT_VALUE_SELECTOR","selectObjectId":"1d1eqqw7ub6ghlz5ltyfykwui"},"datasourceId":"a1ab1856443b44fcbe8d838f7fcfa88b"},"fieldId":"conference_name","dataType":"text"},"bindingType":"libraryProp"} @ https://runtime-assets.adalo.com/static/js/main.79e9a9ca.js:1
[   84226ms] [WARNING] SKIPPING ERRONEOUS DEPENDENCY Error: Selector failed: {"type":"SELECT_VALUE_SELECTOR","selectObjectId":"1d1eqqw7ub6ghlz5ltyfykwui"}
    at G (https://runtime-assets.adalo.com/static/js/main.79e9a9ca.js:2:468532)
    at t.getDependencies (https://runtime-assets.adalo.com/static/js/main.79e9a9ca.js:2:467260)
    at L.isManuallyPaginated (https://runtime-assets.adalo.com/static/js/main.79e9a9ca.js:2:348848)
    at L.render (https://runtime-assets.adalo.com/static/js/main.79e9a9ca.js:2:244984)
    at Ds (https://runtime-assets.adalo.com/static/js/main.79e9a9ca.js:2:4414574)
    at Ls (https://runtime-assets.adalo.com/static/js/main.79e9a9ca.js:2:4414370)
    at Ml (https://runtime-assets.adalo.com/static/js/main.79e9a9ca.js:2:4457902)
    at bu (https://runtime-assets.adalo.com/static/js/main.79e9a9ca.js:2:4446043)
    at vu (https://runtime-assets.adalo.com/static/js/main.79e9a9ca.js:2:4445971)
    at yu (https://runtime-assets.adalo.com/static/js/main.79e9a9ca.js:2:4445834)
    at uu (https://runtime-assets.adalo.com/static/js/main.79e9a9ca.js:2:4442950)
    at Wo (https://runtime-assets.adalo.com/static/js/main.79e9a9ca.js:2:4383545)
    at https://runtime-assets.adalo.com/static/js/main.79e9a9ca.js:2:4440547 {"id":"2eo1n1hgrwy23q7u805um8qid","type":"binding","format":{"type":"commas"},"source":{"type":"field","source":{"type":"data","tableId":"t_5fi9vn22j1ibyg3p7mizk8hlm","dataType":"object","selector":{"type":"SELECT_VALUE_SELECTOR","selectObjectId":"1d1eqqw7ub6ghlz5ltyfykwui"},"datasourceId":"a1ab1856443b44fcbe8d838f7fcfa88b"},"fieldId":"rawconferencelist_id","dataType":"number"},"bindingType":"libraryProp"} @ https://runtime-assets.adalo.com/static/js/main.79e9a9ca.js:1
[   84227ms] [WARNING] SKIPPING ERRONEOUS DEPENDENCY Error: Selector failed: {"type":"SELECT_VALUE_SELECTOR","selectObjectId":"1d1eqqw7ub6ghlz5ltyfykwui"}
    at G (https://runtime-assets.adalo.com/static/js/main.79e9a9ca.js:2:468532)
    at t.getDependencies (https://runtime-assets.adalo.com/static/js/main.79e9a9ca.js:2:467260)
    at L.isManuallyPaginated (https://runtime-assets.adalo.com/static/js/main.79e9a9ca.js:2:348848)
    at L.render (https://runtime-assets.adalo.com/static/js/main.79e9a9ca.js:2:244984)
    at Ds (https://runtime-assets.adalo.com/static/js/main.79e9a9ca.js:2:4414574)
    at Ls (https://runtime-assets.adalo.com/static/js/main.79e9a9ca.js:2:4414370)
    at Ml (https://runtime-assets.adalo.com/static/js/main.79e9a9ca.js:2:4457902)
    at bu (https://runtime-assets.adalo.com/static/js/main.79e9a9ca.js:2:4446043)
    at vu (https://runtime-assets.adalo.com/static/js/main.79e9a9ca.js:2:4445971)
    at yu (https://runtime-assets.adalo.com/static/js/main.79e9a9ca.js:2:4445834)
    at uu (https://runtime-assets.adalo.com/static/js/main.79e9a9ca.js:2:4442950)
    at Wo (https://runtime-assets.adalo.com/static/js/main.79e9a9ca.js:2:4383545)
    at https://runtime-assets.adalo.com/static/js/main.79e9a9ca.js:2:4440547 {"source":{"type":"field","source":{"type":"data","tableId":"t_5fi9vn22j1ibyg3p7mizk8hlm","dataType":"object","selector":{"type":"SELECT_VALUE_SELECTOR","selectObjectId":"1d1eqqw7ub6ghlz5ltyfykwui"},"datasourceId":"a1ab1856443b44fcbe8d838f7fcfa88b"},"fieldId":"rawconferencelist_id","dataType":"number"}} @ https://runtime-assets.adalo.com/static/js/main.79e9a9ca.js:1
[   84227ms] [WARNING] SKIPPING ERRONEOUS DEPENDENCY Error: Selector failed: {"type":"SELECT_VALUE_SELECTOR","selectObjectId":"1d1eqqw7ub6ghlz5ltyfykwui"}
    at G (https://runtime-assets.adalo.com/static/js/main.79e9a9ca.js:2:468532)
    at t.getDependencies (https://runtime-assets.adalo.com/static/js/main.79e9a9ca.js:2:467260)
    at L.isManuallyPaginated (https://runtime-assets.adalo.com/static/js/main.79e9a9ca.js:2:348848)
    at L.render (https://runtime-assets.adalo.com/static/js/main.79e9a9ca.js:2:244984)
    at Ds (https://runtime-assets.adalo.com/static/js/main.79e9a9ca.js:2:4414574)
    at Ls (https://runtime-assets.adalo.com/static/js/main.79e9a9ca.js:2:4414370)
    at Ml (https://runtime-assets.adalo.com/static/js/main.79e9a9ca.js:2:4457902)
    at bu (https://runtime-assets.adalo.com/static/js/main.79e9a9ca.js:2:4446043)
    at vu (https://runtime-assets.adalo.com/static/js/main.79e9a9ca.js:2:4445971)
    at yu (https://runtime-assets.adalo.com/static/js/main.79e9a9ca.js:2:4445834)
    at uu (https://runtime-assets.adalo.com/static/js/main.79e9a9ca.js:2:4442950)
    at Wo (https://runtime-assets.adalo.com/static/js/main.79e9a9ca.js:2:4383545)
    at https://runtime-assets.adalo.com/static/js/main.79e9a9ca.js:2:4440547 {"source":{"type":"field","source":{"type":"data","tableId":"t_5fi9vn22j1ibyg3p7mizk8hlm","dataType":"object","selector":{"type":"SELECT_VALUE_SELECTOR","selectObjectId":"1d1eqqw7ub6ghlz5ltyfykwui"},"datasourceId":"a1ab1856443b44fcbe8d838f7fcfa88b"},"fieldId":"conference_name","dataType":"text"}} @ https://runtime-assets.adalo.com/static/js/main.79e9a9ca.js:1
[   84227ms] [WARNING] SKIPPING ERRONEOUS DEPENDENCY Error: Selector failed: {"type":"CURRENT_USER_SELECTOR"}
    at G (https://runtime-assets.adalo.com/static/js/main.79e9a9ca.js:2:468532)
    at t.getDependencies (https://runtime-assets.adalo.com/static/js/main.79e9a9ca.js:2:467260)
    at L.isManuallyPaginated (https://runtime-assets.adalo.com/static/js/main.79e9a9ca.js:2:348848)
    at L.render (https://runtime-assets.adalo.com/static/js/main.79e9a9ca.js:2:244984)
    at Ds (https://runtime-assets.adalo.com/static/js/main.79e9a9ca.js:2:4414574)
    at Ls (https://runtime-assets.adalo.com/static/js/main.79e9a9ca.js:2:4414370)
    at Ml (https://runtime-assets.adalo.com/static/js/main.79e9a9ca.js:2:4457902)
    at bu (https://runtime-assets.adalo.com/static/js/main.79e9a9ca.js:2:4446043)
    at vu (https://runtime-assets.adalo.com/static/js/main.79e9a9ca.js:2:4445971)
    at yu (https://runtime-assets.adalo.com/static/js/main.79e9a9ca.js:2:4445834)
    at uu (https://runtime-assets.adalo.com/static/js/main.79e9a9ca.js:2:4442950)
    at Wo (https://runtime-assets.adalo.com/static/js/main.79e9a9ca.js:2:4383545)
    at https://runtime-assets.adalo.com/static/js/main.79e9a9ca.js:2:4440547 {"id":"en0xhfc9kfg4dbn1n2pekc207","type":"binding","source":{"type":"field","source":{"type":"data","source":null,"tableId":"t_80c852bba70544a6a98079124dfc8e10","dataType":"object","selector":{"type":"CURRENT_USER_SELECTOR"},"datasourceId":"4dba133b22784a13b18b1a791cfdd211"},"fieldId":"remaining_credits","dataType":"number"},"options":{},"comparator":"<","comparison":"1","bindingType":"libraryProp"} @ https://runtime-assets.adalo.com/static/js/main.79e9a9ca.js:1
[   84544ms] [WARNING] SKIPPING ERRONEOUS DEPENDENCY Error: Selector failed: {"type":"SELECT_VALUE_SELECTOR","selectObjectId":"3bmmor6uwgy9d932vmz7r1pag"}
    at G (https://runtime-assets.adalo.com/static/js/main.79e9a9ca.js:2:468532)
    at t.getDependencies (https://runtime-assets.adalo.com/static/js/main.79e9a9ca.js:2:467260)
    at L.isManuallyPaginated (https://runtime-assets.adalo.com/static/js/main.79e9a9ca.js:2:348848)
    at L.render (https://runtime-assets.adalo.com/static/js/main.79e9a9ca.js:2:244984)
    at Ds (https://runtime-assets.adalo.com/static/js/main.79e9a9ca.js:2:4414574)
    at Ls (https://runtime-assets.adalo.com/static/js/main.79e9a9ca.js:2:4414370)
    at Ml (https://runtime-assets.adalo.com/static/js/main.79e9a9ca.js:2:4457902)
    at bu (https://runtime-assets.adalo.com/static/js/main.79e9a9ca.js:2:4446043)
    at vu (https://runtime-assets.adalo.com/static/js/main.79e9a9ca.js:2:4445971)
    at yu (https://runtime-assets.adalo.com/static/js/main.79e9a9ca.js:2:4445834)
    at uu (https://runtime-assets.adalo.com/static/js/main.79e9a9ca.js:2:4442950)
    at Wo (https://runtime-assets.adalo.com/static/js/main.79e9a9ca.js:2:4383545)
    at https://runtime-assets.adalo.com/static/js/main.79e9a9ca.js:2:4449428
    at Su (https://runtime-assets.adalo.com/static/js/main.79e9a9ca.js:2:4449433)
    at au (https://runtime-assets.adalo.com/static/js/main.79e9a9ca.js:2:4441891)
    at S (https://runtime-assets.adalo.com/static/js/main.79e9a9ca.js:2:4731959)
    at I (https://runtime-assets.adalo.com/static/js/main.79e9a9ca.js:2:4732493)
    at O.<computed> (https://runtime-assets.adalo.com/static/js/main.79e9a9ca.js:2:4028835)
    at D (https://runtime-assets.adalo.com/static/js/main.79e9a9ca.js:2:4028604)
    at MessagePort.P (https://runtime-assets.adalo.com/static/js/main.79e9a9ca.js:2:4028663) {"id":"02o8nb343950hbjoqc2inwpre","type":"binding","label":"Lead_Score","source":{"type":"field","source":{"type":"data","tableId":"t_61ne992eubatuoqw8vephoi4k","dataType":"object","selector":{"type":"SELECT_VALUE_SELECTOR","selectObjectId":"3bmmor6uwgy9d932vmz7r1pag"},"datasourceId":"a1ab1856443b44fcbe8d838f7fcfa88b"},"fieldId":"Lead_Score","dataType":"text"},"bindingType":"libraryProp","childBindings":[],"siblingBindings":["7dreyduxg9ir4u4rhkd7kr07o","ayotx6lhqnky41mxfo2kjmf1m","4dp782249h0711rfptxmxnusd","4mvcbyyuliu16qctjhix48n3p","8go2kx093yc9aq84obz0drpbn","3seiwl38vg3mupppxfl22pc9l","3fe5qxnpwys9a38imtxg72rs6","8emt3wss18kxafeq3ky4i6bnv","61ynvdvadst0xiqxwh6qaf0ig","auo12ynqkhthr6wafsoiivcz9","eqsrvb46v1cwfz2kmkzlw3f83","b3s4hvzs0o1qnb29akq9x4ccy","8kvegdbaklcu0jsi56tpdlt4o","5nzi2adqdpyyqy5v1izrzohw1","92qxmmj03fcllsv5o3tf9kbhw","bt2sevpq7gr4l9nk2rs6x7bpf","bycnteo1nswgjajhmvbmo3nh0","0421zdtq1ubjapbkyvh3k699z","5ukthu1xzlli7nf8gmo3665ry","3dtdyu0h8pozjs9tj5b869sy6","60d0i4jtiujjzw2vwtsafefr4","drgxhyyti591j7ksmrk6zuwnw","4dehw2mdedgcobf9zhvijl0t5","dz5zps63gbxp5myyzrc9z92pz","f0ffzw2sy8q9ba5jukhixd3a6","8t0vjvopwqyg6j0nestwt6fyh","dy623trvqq4cvdv38sr4q58cq","9iqh9rix6rw6qbk1pylpkv7w2","5o7ru0lg62b4yhz0x1oxbk2j3","5nelavgl9i8vdjqh6g50tfp93","abffcay8ga7fn36czpylhp8lt","6gxinx0kj3ihqahs05hlntgi9","ck6le21ojgx8cuq8pljec4wyb","bp046lttdgs1e7qv7c3ijlyuf","akomfad25k6xbfj6mh6iwwim0","997lxf1t87ur1ffizgl83e9zz","dje2eg4fju391wdgbe5u6clx6","94tk5zsodvhvlgqhjfqu4skzr","62xgbll0f89svjorj65mjmsyb","5csyxiashddwlojgulpgdxm6b","audbvo0lbv6sbeqatgtmjtaic","e2kigyvlciwvg85n1esrwbqry","alz9018ekdkr5er2836gqrbxb","29h77ojxav0qjkh8euoq88b4r","0hjln8c8nsca49gpugfxfz18g","2cl5ozyjiqfue0bzwys9s1ro3","emxx4s2lpt160v4dqsvsgz9ap","4w0meq26guhjxm1ml1ubil4b4"]} @ https://runtime-assets.adalo.com/static/js/main.79e9a9ca.js:1
[   84545ms] [WARNING] SKIPPING ERRONEOUS DEPENDENCY Error: Selector failed: {"type":"CURRENT_USER_SELECTOR"}
    at G (https://runtime-assets.adalo.com/static/js/main.79e9a9ca.js:2:468532)
    at t.getDependencies (https://runtime-assets.adalo.com/static/js/main.79e9a9ca.js:2:467260)
    at L.isManuallyPaginated (https://runtime-assets.adalo.com/static/js/main.79e9a9ca.js:2:348848)
    at L.render (https://runtime-assets.adalo.com/static/js/main.79e9a9ca.js:2:244984)
    at Ds (https://runtime-assets.adalo.com/static/js/main.79e9a9ca.js:2:4414574)
    at Ls (https://runtime-assets.adalo.com/static/js/main.79e9a9ca.js:2:4414370)
    at Ml (https://runtime-assets.adalo.com/static/js/main.79e9a9ca.js:2:4457902)
    at bu (https://runtime-assets.adalo.com/static/js/main.79e9a9ca.js:2:4446043)
    at vu (https://runtime-assets.adalo.com/static/js/main.79e9a9ca.js:2:4445971)
    at yu (https://runtime-assets.adalo.com/static/js/main.79e9a9ca.js:2:4445834)
    at uu (https://runtime-assets.adalo.com/static/js/main.79e9a9ca.js:2:4442950)
    at Wo (https://runtime-assets.adalo.com/static/js/main.79e9a9ca.js:2:4383545)
    at https://runtime-assets.adalo.com/static/js/main.79e9a9ca.js:2:4449428
    at Su (https://runtime-assets.adalo.com/static/js/main.79e9a9ca.js:2:4449433)
    at au (https://runtime-assets.adalo.com/static/js/main.79e9a9ca.js:2:4441891)
    at S (https://runtime-assets.adalo.com/static/js/main.79e9a9ca.js:2:4731959)
    at I (https://runtime-assets.adalo.com/static/js/main.79e9a9ca.js:2:4732493)
    at O.<computed> (https://runtime-assets.adalo.com/static/js/main.79e9a9ca.js:2:4028835)
    at D (https://runtime-assets.adalo.com/static/js/main.79e9a9ca.js:2:4028604)
    at MessagePort.P (https://runtime-assets.adalo.com/static/js/main.79e9a9ca.js:2:4028663) {"id":"7dreyduxg9ir4u4rhkd7kr07o","type":"binding","label":"name","source":{"type":"field","source":{"type":"data","source":null,"tableId":"t_80c852bba70544a6a98079124dfc8e10","dataType":"object","selector":{"type":"CURRENT_USER_SELECTOR"},"datasourceId":"4dba133b22784a13b18b1a791cfdd211"},"fieldId":"name","dataType":"text"},"bindingType":"libraryProp","childBindings":[],"siblingBindings":["ayotx6lhqnky41mxfo2kjmf1m","4dp782249h0711rfptxmxnusd","4mvcbyyuliu16qctjhix48n3p","8go2kx093yc9aq84obz0drpbn","3seiwl38vg3mupppxfl22pc9l","3fe5qxnpwys9a38imtxg72rs6","8emt3wss18kxafeq3ky4i6bnv","61ynvdvadst0xiqxwh6qaf0ig","auo12ynqkhthr6wafsoiivcz9","eqsrvb46v1cwfz2kmkzlw3f83","b3s4hvzs0o1qnb29akq9x4ccy","8kvegdbaklcu0jsi56tpdlt4o","5nzi2adqdpyyqy5v1izrzohw1","92qxmmj03fcllsv5o3tf9kbhw","bt2sevpq7gr4l9nk2rs6x7bpf","bycnteo1nswgjajhmvbmo3nh0","0421zdtq1ubjapbkyvh3k699z","5ukthu1xzlli7nf8gmo3665ry","3dtdyu0h8pozjs9tj5b869sy6","60d0i4jtiujjzw2vwtsafefr4","drgxhyyti591j7ksmrk6zuwnw","4dehw2mdedgcobf9zhvijl0t5","dz5zps63gbxp5myyzrc9z92pz","f0ffzw2sy8q9ba5jukhixd3a6","8t0vjvopwqyg6j0nestwt6fyh","02o8nb343950hbjoqc2inwpre","dy623trvqq4cvdv38sr4q58cq","9iqh9rix6rw6qbk1pylpkv7w2","5o7ru0lg62b4yhz0x1oxbk2j3","5nelavgl9i8vdjqh6g50tfp93","abffcay8ga7fn36czpylhp8lt","6gxinx0kj3ihqahs05hlntgi9","ck6le21ojgx8cuq8pljec4wyb","bp046lttdgs1e7qv7c3ijlyuf","akomfad25k6xbfj6mh6iwwim0","997lxf1t87ur1ffizgl83e9zz","dje2eg4fju391wdgbe5u6clx6","94tk5zsodvhvlgqhjfqu4skzr","62xgbll0f89svjorj65mjmsyb","5csyxiashddwlojgulpgdxm6b","audbvo0lbv6sbeqatgtmjtaic","e2kigyvlciwvg85n1esrwbqry","alz9018ekdkr5er2836gqrbxb","29h77ojxav0qjkh8euoq88b4r","0hjln8c8nsca49gpugfxfz18g","2cl5ozyjiqfue0bzwys9s1ro3","emxx4s2lpt160v4dqsvsgz9ap","4w0meq26guhjxm1ml1ubil4b4"]} @ https://runtime-assets.adalo.com/static/js/main.79e9a9ca.js:1
[   84545ms] [WARNING] SKIPPING ERRONEOUS DEPENDENCY Error: Selector failed: {"type":"SELECT_VALUE_SELECTOR","selectObjectId":"7w4vqjjkneryup0qx6nyd5sox"}
    at G (https://runtime-assets.adalo.com/static/js/main.79e9a9ca.js:2:468532)
    at t.getDependencies (https://runtime-assets.adalo.com/static/js/main.79e9a9ca.js:2:467260)
    at L.isManuallyPaginated (https://runtime-assets.adalo.com/static/js/main.79e9a9ca.js:2:348848)
    at L.render (https://runtime-assets.adalo.com/static/js/main.79e9a9ca.js:2:244984)
    at Ds (https://runtime-assets.adalo.com/static/js/main.79e9a9ca.js:2:4414574)
    at Ls (https://runtime-assets.adalo.com/static/js/main.79e9a9ca.js:2:4414370)
    at Ml (https://runtime-assets.adalo.com/static/js/main.79e9a9ca.js:2:4457902)
    at bu (https://runtime-assets.adalo.com/static/js/main.79e9a9ca.js:2:4446043)
    at vu (https://runtime-assets.adalo.com/static/js/main.79e9a9ca.js:2:4445971)
    at yu (https://runtime-assets.adalo.com/static/js/main.79e9a9ca.js:2:4445834)
    at uu (https://runtime-assets.adalo.com/static/js/main.79e9a9ca.js:2:4442950)
    at Wo (https://runtime-assets.adalo.com/static/js/main.79e9a9ca.js:2:4383545)
    at https://runtime-assets.adalo.com/static/js/main.79e9a9ca.js:2:4449428
    at Su (https://runtime-assets.adalo.com/static/js/main.79e9a9ca.js:2:4449433)
    at au (https://runtime-assets.adalo.com/static/js/main.79e9a9ca.js:2:4441891)
    at S (https://runtime-assets.adalo.com/static/js/main.79e9a9ca.js:2:4731959)
    at I (https://runtime-assets.adalo.com/static/js/main.79e9a9ca.js:2:4732493)
    at O.<computed> (https://runtime-assets.adalo.com/static/js/main.79e9a9ca.js:2:4028835)
    at D (https://runtime-assets.adalo.com/static/js/main.79e9a9ca.js:2:4028604)
    at MessagePort.P (https://runtime-assets.adalo.com/static/js/main.79e9a9ca.js:2:4028663) {"id":"9iqh9rix6rw6qbk1pylpkv7w2","type":"binding","label":"ID","format":{"type":"commas"},"source":{"type":"field","source":{"type":"data","tableId":"t_5idhcbl2zu1px4fff99qt26gw","dataType":"object","selector":{"type":"SELECT_VALUE_SELECTOR","selectObjectId":"7w4vqjjkneryup0qx6nyd5sox"},"datasourceId":"a1ab1856443b44fcbe8d838f7fcfa88b"},"fieldId":"id","dataType":"number"},"bindingType":"libraryProp","childBindings":[],"siblingBindings":["7dreyduxg9ir4u4rhkd7kr07o","ayotx6lhqnky41mxfo2kjmf1m","4dp782249h0711rfptxmxnusd","4mvcbyyuliu16qctjhix48n3p","8go2kx093yc9aq84obz0drpbn","3seiwl38vg3mupppxfl22pc9l","3fe5qxnpwys9a38imtxg72rs6","8emt3wss18kxafeq3ky4i6bnv","61ynvdvadst0xiqxwh6qaf0ig","auo12ynqkhthr6wafsoiivcz9","eqsrvb46v1cwfz2kmkzlw3f83","b3s4hvzs0o1qnb29akq9x4ccy","8kvegdbaklcu0jsi56tpdlt4o","5nzi2adqdpyyqy5v1izrzohw1","92qxmmj03fcllsv5o3tf9kbhw","bt2sevpq7gr4l9nk2rs6x7bpf","bycnteo1nswgjajhmvbmo3nh0","0421zdtq1ubjapbkyvh3k699z","5ukthu1xzlli7nf8gmo3665ry","3dtdyu0h8pozjs9tj5b869sy6","60d0i4jtiujjzw2vwtsafefr4","drgxhyyti591j7ksmrk6zuwnw","4dehw2mdedgcobf9zhvijl0t5","dz5zps63gbxp5myyzrc9z92pz","f0ffzw2sy8q9ba5jukhixd3a6","8t0vjvopwqyg6j0nestwt6fyh","02o8nb343950hbjoqc2inwpre","dy623trvqq4cvdv38sr4q58cq","5o7ru0lg62b4yhz0x1oxbk2j3","5nelavgl9i8vdjqh6g50tfp93","abffcay8ga7fn36czpylhp8lt","6gxinx0kj3ihqahs05hlntgi9","ck6le21ojgx8cuq8pljec4wyb","bp046lttdgs1e7qv7c3ijlyuf","akomfad25k6xbfj6mh6iwwim0","997lxf1t87ur1ffizgl83e9zz","dje2eg4fju391wdgbe5u6clx6","94tk5zsodvhvlgqhjfqu4skzr","62xgbll0f89svjorj65mjmsyb","5csyxiashddwlojgulpgdxm6b","audbvo0lbv6sbeqatgtmjtaic","e2kigyvlciwvg85n1esrwbqry","alz9018ekdkr5er2836gqrbxb","29h77ojxav0qjkh8euoq88b4r","0hjln8c8nsca49gpugfxfz18g","2cl5ozyjiqfue0bzwys9s1ro3","emxx4s2lpt160v4dqsvsgz9ap","4w0meq26guhjxm1ml1ubil4b4"]} @ https://runtime-assets.adalo.com/static/js/main.79e9a9ca.js:1
[   84546ms] [WARNING] SKIPPING ERRONEOUS DEPENDENCY Error: Selector failed: {"type":"SELECT_VALUE_SELECTOR","selectObjectId":"1d1eqqw7ub6ghlz5ltyfykwui"}
    at G (https://runtime-assets.adalo.com/static/js/main.79e9a9ca.js:2:468532)
    at t.getDependencies (https://runtime-assets.adalo.com/static/js/main.79e9a9ca.js:2:467260)
    at L.isManuallyPaginated (https://runtime-assets.adalo.com/static/js/main.79e9a9ca.js:2:348848)
    at L.render (https://runtime-assets.adalo.com/static/js/main.79e9a9ca.js:2:244984)
    at Ds (https://runtime-assets.adalo.com/static/js/main.79e9a9ca.js:2:4414574)
    at Ls (https://runtime-assets.adalo.com/static/js/main.79e9a9ca.js:2:4414370)
    at Ml (https://runtime-assets.adalo.com/static/js/main.79e9a9ca.js:2:4457902)
    at bu (https://runtime-assets.adalo.com/static/js/main.79e9a9ca.js:2:4446043)
    at vu (https://runtime-assets.adalo.com/static/js/main.79e9a9ca.js:2:4445971)
    at yu (https://runtime-assets.adalo.com/static/js/main.79e9a9ca.js:2:4445834)
    at uu (https://runtime-assets.adalo.com/static/js/main.79e9a9ca.js:2:4442950)
    at Wo (https://runtime-assets.adalo.com/static/js/main.79e9a9ca.js:2:4383545)
    at https://runtime-assets.adalo.com/static/js/main.79e9a9ca.js:2:4449428
    at Su (https://runtime-assets.adalo.com/static/js/main.79e9a9ca.js:2:4449433)
    at au (https://runtime-assets.adalo.com/static/js/main.79e9a9ca.js:2:4441891)
    at S (https://runtime-assets.adalo.com/static/js/main.79e9a9ca.js:2:4731959)
    at I (https://runtime-assets.adalo.com/static/js/main.79e9a9ca.js:2:4732493)
    at O.<computed> (https://runtime-assets.adalo.com/static/js/main.79e9a9ca.js:2:4028835)
    at D (https://runtime-assets.adalo.com/static/js/main.79e9a9ca.js:2:4028604)
    at MessagePort.P (https://runtime-assets.adalo.com/static/js/main.79e9a9ca.js:2:4028663) {"id":"5784tdv70verd4m24w9964bg7","type":"binding","label":"conference_name","source":{"type":"field","source":{"type":"data","tableId":"t_5fi9vn22j1ibyg3p7mizk8hlm","dataType":"object","selector":{"type":"SELECT_VALUE_SELECTOR","selectObjectId":"1d1eqqw7ub6ghlz5ltyfykwui"},"datasourceId":"a1ab1856443b44fcbe8d838f7fcfa88b"},"fieldId":"conference_name","dataType":"text"},"bindingType":"libraryProp"} @ https://runtime-assets.adalo.com/static/js/main.79e9a9ca.js:1
[   84546ms] [WARNING] SKIPPING ERRONEOUS DEPENDENCY Error: Selector failed: {"type":"SELECT_VALUE_SELECTOR","selectObjectId":"1d1eqqw7ub6ghlz5ltyfykwui"}
    at G (https://runtime-assets.adalo.com/static/js/main.79e9a9ca.js:2:468532)
    at t.getDependencies (https://runtime-assets.adalo.com/static/js/main.79e9a9ca.js:2:467260)
    at L.isManuallyPaginated (https://runtime-assets.adalo.com/static/js/main.79e9a9ca.js:2:348848)
    at L.render (https://runtime-assets.adalo.com/static/js/main.79e9a9ca.js:2:244984)
    at Ds (https://runtime-assets.adalo.com/static/js/main.79e9a9ca.js:2:4414574)
    at Ls (https://runtime-assets.adalo.com/static/js/main.79e9a9ca.js:2:4414370)
    at Ml (https://runtime-assets.adalo.com/static/js/main.79e9a9ca.js:2:4457902)
    at bu (https://runtime-assets.adalo.com/static/js/main.79e9a9ca.js:2:4446043)
    at vu (https://runtime-assets.adalo.com/static/js/main.79e9a9ca.js:2:4445971)
    at yu (https://runtime-assets.adalo.com/static/js/main.79e9a9ca.js:2:4445834)
    at uu (https://runtime-assets.adalo.com/static/js/main.79e9a9ca.js:2:4442950)
    at Wo (https://runtime-assets.adalo.com/static/js/main.79e9a9ca.js:2:4383545)
    at https://runtime-assets.adalo.com/static/js/main.79e9a9ca.js:2:4449428
    at Su (https://runtime-assets.adalo.com/static/js/main.79e9a9ca.js:2:4449433)
    at au (https://runtime-assets.adalo.com/static/js/main.79e9a9ca.js:2:4441891)
    at S (https://runtime-assets.adalo.com/static/js/main.79e9a9ca.js:2:4731959)
    at I (https://runtime-assets.adalo.com/static/js/main.79e9a9ca.js:2:4732493)
    at O.<computed> (https://runtime-assets.adalo.com/static/js/main.79e9a9ca.js:2:4028835)
    at D (https://runtime-assets.adalo.com/static/js/main.79e9a9ca.js:2:4028604)
    at MessagePort.P (https://runtime-assets.adalo.com/static/js/main.79e9a9ca.js:2:4028663) {"id":"2eo1n1hgrwy23q7u805um8qid","type":"binding","format":{"type":"commas"},"source":{"type":"field","source":{"type":"data","tableId":"t_5fi9vn22j1ibyg3p7mizk8hlm","dataType":"object","selector":{"type":"SELECT_VALUE_SELECTOR","selectObjectId":"1d1eqqw7ub6ghlz5ltyfykwui"},"datasourceId":"a1ab1856443b44fcbe8d838f7fcfa88b"},"fieldId":"rawconferencelist_id","dataType":"number"},"bindingType":"libraryProp"} @ https://runtime-assets.adalo.com/static/js/main.79e9a9ca.js:1
[   84547ms] [WARNING] SKIPPING ERRONEOUS DEPENDENCY Error: Selector failed: {"type":"SELECT_VALUE_SELECTOR","selectObjectId":"1d1eqqw7ub6ghlz5ltyfykwui"}
    at G (https://runtime-assets.adalo.com/static/js/main.79e9a9ca.js:2:468532)
    at t.getDependencies (https://runtime-assets.adalo.com/static/js/main.79e9a9ca.js:2:467260)
    at L.isManuallyPaginated (https://runtime-assets.adalo.com/static/js/main.79e9a9ca.js:2:348848)
    at L.render (https://runtime-assets.adalo.com/static/js/main.79e9a9ca.js:2:244984)
    at Ds (https://runtime-assets.adalo.com/static/js/main.79e9a9ca.js:2:4414574)
    at Ls (https://runtime-assets.adalo.com/static/js/main.79e9a9ca.js:2:4414370)
    at Ml (https://runtime-assets.adalo.com/static/js/main.79e9a9ca.js:2:4457902)
    at bu (https://runtime-assets.adalo.com/static/js/main.79e9a9ca.js:2:4446043)
    at vu (https://runtime-assets.adalo.com/static/js/main.79e9a9ca.js:2:4445971)
    at yu (https://runtime-assets.adalo.com/static/js/main.79e9a9ca.js:2:4445834)
    at uu (https://runtime-assets.adalo.com/static/js/main.79e9a9ca.js:2:4442950)
    at Wo (https://runtime-assets.adalo.com/static/js/main.79e9a9ca.js:2:4383545)
    at https://runtime-assets.adalo.com/static/js/main.79e9a9ca.js:2:4449428
    at Su (https://runtime-assets.adalo.com/static/js/main.79e9a9ca.js:2:4449433)
    at au (https://runtime-assets.adalo.com/static/js/main.79e9a9ca.js:2:4441891)
    at S (https://runtime-assets.adalo.com/static/js/main.79e9a9ca.js:2:4731959)
    at I (https://runtime-assets.adalo.com/static/js/main.79e9a9ca.js:2:4732493)
    at O.<computed> (https://runtime-assets.adalo.com/static/js/main.79e9a9ca.js:2:4028835)
    at D (https://runtime-assets.adalo.com/static/js/main.79e9a9ca.js:2:4028604)
    at MessagePort.P (https://runtime-assets.adalo.com/static/js/main.79e9a9ca.js:2:4028663) {"source":{"type":"field","source":{"type":"data","tableId":"t_5fi9vn22j1ibyg3p7mizk8hlm","dataType":"object","selector":{"type":"SELECT_VALUE_SELECTOR","selectObjectId":"1d1eqqw7ub6ghlz5ltyfykwui"},"datasourceId":"a1ab1856443b44fcbe8d838f7fcfa88b"},"fieldId":"rawconferencelist_id","dataType":"number"}} @ https://runtime-assets.adalo.com/static/js/main.79e9a9ca.js:1
[   84547ms] [WARNING] SKIPPING ERRONEOUS DEPENDENCY Error: Selector failed: {"type":"SELECT_VALUE_SELECTOR","selectObjectId":"1d1eqqw7ub6ghlz5ltyfykwui"}
    at G (https://runtime-assets.adalo.com/static/js/main.79e9a9ca.js:2:468532)
    at t.getDependencies (https://runtime-assets.adalo.com/static/js/main.79e9a9ca.js:2:467260)
    at L.isManuallyPaginated (https://runtime-assets.adalo.com/static/js/main.79e9a9ca.js:2:348848)
    at L.render (https://runtime-assets.adalo.com/static/js/main.79e9a9ca.js:2:244984)
    at Ds (https://runtime-assets.adalo.com/static/js/main.79e9a9ca.js:2:4414574)
    at Ls (https://runtime-assets.adalo.com/static/js/main.79e9a9ca.js:2:4414370)
    at Ml (https://runtime-assets.adalo.com/static/js/main.79e9a9ca.js:2:4457902)
    at bu (https://runtime-assets.adalo.com/static/js/main.79e9a9ca.js:2:4446043)
    at vu (https://runtime-assets.adalo.com/static/js/main.79e9a9ca.js:2:4445971)
    at yu (https://runtime-assets.adalo.com/static/js/main.79e9a9ca.js:2:4445834)
    at uu (https://runtime-assets.adalo.com/static/js/main.79e9a9ca.js:2:4442950)
    at Wo (https://runtime-assets.adalo.com/static/js/main.79e9a9ca.js:2:4383545)
    at https://runtime-assets.adalo.com/static/js/main.79e9a9ca.js:2:4449428
    at Su (https://runtime-assets.adalo.com/static/js/main.79e9a9ca.js:2:4449433)
    at au (https://runtime-assets.adalo.com/static/js/main.79e9a9ca.js:2:4441891)
    at S (https://runtime-assets.adalo.com/static/js/main.79e9a9ca.js:2:4731959)
    at I (https://runtime-assets.adalo.com/static/js/main.79e9a9ca.js:2:4732493)
    at O.<computed> (https://runtime-assets.adalo.com/static/js/main.79e9a9ca.js:2:4028835)
    at D (https://runtime-assets.adalo.com/static/js/main.79e9a9ca.js:2:4028604)
    at MessagePort.P (https://runtime-assets.adalo.com/static/js/main.79e9a9ca.js:2:4028663) {"source":{"type":"field","source":{"type":"data","tableId":"t_5fi9vn22j1ibyg3p7mizk8hlm","dataType":"object","selector":{"type":"SELECT_VALUE_SELECTOR","selectObjectId":"1d1eqqw7ub6ghlz5ltyfykwui"},"datasourceId":"a1ab1856443b44fcbe8d838f7fcfa88b"},"fieldId":"conference_name","dataType":"text"}} @ https://runtime-assets.adalo.com/static/js/main.79e9a9ca.js:1
[   84547ms] [WARNING] SKIPPING ERRONEOUS DEPENDENCY Error: Selector failed: {"type":"CURRENT_USER_SELECTOR"}
    at G (https://runtime-assets.adalo.com/static/js/main.79e9a9ca.js:2:468532)
    at t.getDependencies (https://runtime-assets.adalo.com/static/js/main.79e9a9ca.js:2:467260)
    at L.isManuallyPaginated (https://runtime-assets.adalo.com/static/js/main.79e9a9ca.js:2:348848)
    at L.render (https://runtime-assets.adalo.com/static/js/main.79e9a9ca.js:2:244984)
    at Ds (https://runtime-assets.adalo.com/static/js/main.79e9a9ca.js:2:4414574)
    at Ls (https://runtime-assets.adalo.com/static/js/main.79e9a9ca.js:2:4414370)
    at Ml (https://runtime-assets.adalo.com/static/js/main.79e9a9ca.js:2:4457902)
    at bu (https://runtime-assets.adalo.com/static/js/main.79e9a9ca.js:2:4446043)
    at vu (https://runtime-assets.adalo.com/static/js/main.79e9a9ca.js:2:4445971)
    at yu (https://runtime-assets.adalo.com/static/js/main.79e9a9ca.js:2:4445834)
    at uu (https://runtime-assets.adalo.com/static/js/main.79e9a9ca.js:2:4442950)
    at Wo (https://runtime-assets.adalo.com/static/js/main.79e9a9ca.js:2:4383545)
    at https://runtime-assets.adalo.com/static/js/main.79e9a9ca.js:2:4449428
    at Su (https://runtime-assets.adalo.com/static/js/main.79e9a9ca.js:2:4449433)
    at au (https://runtime-assets.adalo.com/static/js/main.79e9a9ca.js:2:4441891)
    at S (https://runtime-assets.adalo.com/static/js/main.79e9a9ca.js:2:4731959)
    at I (https://runtime-assets.adalo.com/static/js/main.79e9a9ca.js:2:4732493)
    at O.<computed> (https://runtime-assets.adalo.com/static/js/main.79e9a9ca.js:2:4028835)
    at D (https://runtime-assets.adalo.com/static/js/main.79e9a9ca.js:2:4028604)
    at MessagePort.P (https://runtime-assets.adalo.com/static/js/main.79e9a9ca.js:2:4028663) {"id":"en0xhfc9kfg4dbn1n2pekc207","type":"binding","source":{"type":"field","source":{"type":"data","source":null,"tableId":"t_80c852bba70544a6a98079124dfc8e10","dataType":"object","selector":{"type":"CURRENT_USER_SELECTOR"},"datasourceId":"4dba133b22784a13b18b1a791cfdd211"},"fieldId":"remaining_credits","dataType":"number"},"options":{},"comparator":"<","comparison":"1","bindingType":"libraryProp"} @ https://runtime-assets.adalo.com/static/js/main.79e9a9ca.js:1
[   84584ms] [WARNING] SKIPPING ERRONEOUS DEPENDENCY Error: Selector failed: {"type":"SELECT_VALUE_SELECTOR","selectObjectId":"3bmmor6uwgy9d932vmz7r1pag"}
    at G (https://runtime-assets.adalo.com/static/js/main.79e9a9ca.js:2:468532)
    at t.getDependencies (https://runtime-assets.adalo.com/static/js/main.79e9a9ca.js:2:467260)
    at J._getDependenciesWithoutTracing (https://runtime-assets.adalo.com/static/js/main.79e9a9ca.js:2:297148)
    at J.getDependencies (https://runtime-assets.adalo.com/static/js/main.79e9a9ca.js:2:594920)
    at J._setupWithoutTracing (https://runtime-assets.adalo.com/static/js/main.79e9a9ca.js:2:299863)
    at J.setup (https://runtime-assets.adalo.com/static/js/main.79e9a9ca.js:2:300624) {"id":"02o8nb343950hbjoqc2inwpre","type":"binding","label":"Lead_Score","source":{"type":"field","source":{"type":"data","tableId":"t_61ne992eubatuoqw8vephoi4k","dataType":"object","selector":{"type":"SELECT_VALUE_SELECTOR","selectObjectId":"3bmmor6uwgy9d932vmz7r1pag"},"datasourceId":"a1ab1856443b44fcbe8d838f7fcfa88b"},"fieldId":"Lead_Score","dataType":"text"},"bindingType":"libraryProp","childBindings":[],"siblingBindings":["7dreyduxg9ir4u4rhkd7kr07o","ayotx6lhqnky41mxfo2kjmf1m","4dp782249h0711rfptxmxnusd","4mvcbyyuliu16qctjhix48n3p","8go2kx093yc9aq84obz0drpbn","3seiwl38vg3mupppxfl22pc9l","3fe5qxnpwys9a38imtxg72rs6","8emt3wss18kxafeq3ky4i6bnv","61ynvdvadst0xiqxwh6qaf0ig","auo12ynqkhthr6wafsoiivcz9","eqsrvb46v1cwfz2kmkzlw3f83","b3s4hvzs0o1qnb29akq9x4ccy","8kvegdbaklcu0jsi56tpdlt4o","5nzi2adqdpyyqy5v1izrzohw1","92qxmmj03fcllsv5o3tf9kbhw","bt2sevpq7gr4l9nk2rs6x7bpf","bycnteo1nswgjajhmvbmo3nh0","0421zdtq1ubjapbkyvh3k699z","5ukthu1xzlli7nf8gmo3665ry","3dtdyu0h8pozjs9tj5b869sy6","60d0i4jtiujjzw2vwtsafefr4","drgxhyyti591j7ksmrk6zuwnw","4dehw2mdedgcobf9zhvijl0t5","dz5zps63gbxp5myyzrc9z92pz","f0ffzw2sy8q9ba5jukhixd3a6","8t0vjvopwqyg6j0nestwt6fyh","dy623trvqq4cvdv38sr4q58cq","9iqh9rix6rw6qbk1pylpkv7w2","5o7ru0lg62b4yhz0x1oxbk2j3","5nelavgl9i8vdjqh6g50tfp93","abffcay8ga7fn36czpylhp8lt","6gxinx0kj3ihqahs05hlntgi9","ck6le21ojgx8cuq8pljec4wyb","bp046lttdgs1e7qv7c3ijlyuf","akomfad25k6xbfj6mh6iwwim0","997lxf1t87ur1ffizgl83e9zz","dje2eg4fju391wdgbe5u6clx6","94tk5zsodvhvlgqhjfqu4skzr","62xgbll0f89svjorj65mjmsyb","5csyxiashddwlojgulpgdxm6b","audbvo0lbv6sbeqatgtmjtaic","e2kigyvlciwvg85n1esrwbqry","alz9018ekdkr5er2836gqrbxb","29h77ojxav0qjkh8euoq88b4r","0hjln8c8nsca49gpugfxfz18g","2cl5ozyjiqfue0bzwys9s1ro3","emxx4s2lpt160v4dqsvsgz9ap","4w0meq26guhjxm1ml1ubil4b4"]} @ https://runtime-assets.adalo.com/static/js/main.79e9a9ca.js:1
[   84585ms] [WARNING] SKIPPING ERRONEOUS DEPENDENCY Error: Selector failed: {"type":"CURRENT_USER_SELECTOR"}
    at G (https://runtime-assets.adalo.com/static/js/main.79e9a9ca.js:2:468532)
    at t.getDependencies (https://runtime-assets.adalo.com/static/js/main.79e9a9ca.js:2:467260)
    at J._getDependenciesWithoutTracing (https://runtime-assets.adalo.com/static/js/main.79e9a9ca.js:2:297148)
    at J.getDependencies (https://runtime-assets.adalo.com/static/js/main.79e9a9ca.js:2:594920)
    at J._setupWithoutTracing (https://runtime-assets.adalo.com/static/js/main.79e9a9ca.js:2:299863)
    at J.setup (https://runtime-assets.adalo.com/static/js/main.79e9a9ca.js:2:300624) {"id":"7dreyduxg9ir4u4rhkd7kr07o","type":"binding","label":"name","source":{"type":"field","source":{"type":"data","source":null,"tableId":"t_80c852bba70544a6a98079124dfc8e10","dataType":"object","selector":{"type":"CURRENT_USER_SELECTOR"},"datasourceId":"4dba133b22784a13b18b1a791cfdd211"},"fieldId":"name","dataType":"text"},"bindingType":"libraryProp","childBindings":[],"siblingBindings":["ayotx6lhqnky41mxfo2kjmf1m","4dp782249h0711rfptxmxnusd","4mvcbyyuliu16qctjhix48n3p","8go2kx093yc9aq84obz0drpbn","3seiwl38vg3mupppxfl22pc9l","3fe5qxnpwys9a38imtxg72rs6","8emt3wss18kxafeq3ky4i6bnv","61ynvdvadst0xiqxwh6qaf0ig","auo12ynqkhthr6wafsoiivcz9","eqsrvb46v1cwfz2kmkzlw3f83","b3s4hvzs0o1qnb29akq9x4ccy","8kvegdbaklcu0jsi56tpdlt4o","5nzi2adqdpyyqy5v1izrzohw1","92qxmmj03fcllsv5o3tf9kbhw","bt2sevpq7gr4l9nk2rs6x7bpf","bycnteo1nswgjajhmvbmo3nh0","0421zdtq1ubjapbkyvh3k699z","5ukthu1xzlli7nf8gmo3665ry","3dtdyu0h8pozjs9tj5b869sy6","60d0i4jtiujjzw2vwtsafefr4","drgxhyyti591j7ksmrk6zuwnw","4dehw2mdedgcobf9zhvijl0t5","dz5zps63gbxp5myyzrc9z92pz","f0ffzw2sy8q9ba5jukhixd3a6","8t0vjvopwqyg6j0nestwt6fyh","02o8nb343950hbjoqc2inwpre","dy623trvqq4cvdv38sr4q58cq","9iqh9rix6rw6qbk1pylpkv7w2","5o7ru0lg62b4yhz0x1oxbk2j3","5nelavgl9i8vdjqh6g50tfp93","abffcay8ga7fn36czpylhp8lt","6gxinx0kj3ihqahs05hlntgi9","ck6le21ojgx8cuq8pljec4wyb","bp046lttdgs1e7qv7c3ijlyuf","akomfad25k6xbfj6mh6iwwim0","997lxf1t87ur1ffizgl83e9zz","dje2eg4fju391wdgbe5u6clx6","94tk5zsodvhvlgqhjfqu4skzr","62xgbll0f89svjorj65mjmsyb","5csyxiashddwlojgulpgdxm6b","audbvo0lbv6sbeqatgtmjtaic","e2kigyvlciwvg85n1esrwbqry","alz9018ekdkr5er2836gqrbxb","29h77ojxav0qjkh8euoq88b4r","0hjln8c8nsca49gpugfxfz18g","2cl5ozyjiqfue0bzwys9s1ro3","emxx4s2lpt160v4dqsvsgz9ap","4w0meq26guhjxm1ml1ubil4b4"]} @ https://runtime-assets.adalo.com/static/js/main.79e9a9ca.js:1
[   84586ms] [WARNING] SKIPPING ERRONEOUS DEPENDENCY Error: Selector failed: {"type":"SELECT_VALUE_SELECTOR","selectObjectId":"7w4vqjjkneryup0qx6nyd5sox"}
    at G (https://runtime-assets.adalo.com/static/js/main.79e9a9ca.js:2:468532)
    at t.getDependencies (https://runtime-assets.adalo.com/static/js/main.79e9a9ca.js:2:467260)
    at J._getDependenciesWithoutTracing (https://runtime-assets.adalo.com/static/js/main.79e9a9ca.js:2:297148)
    at J.getDependencies (https://runtime-assets.adalo.com/static/js/main.79e9a9ca.js:2:594920)
    at J._setupWithoutTracing (https://runtime-assets.adalo.com/static/js/main.79e9a9ca.js:2:299863)
    at J.setup (https://runtime-assets.adalo.com/static/js/main.79e9a9ca.js:2:300624) {"id":"9iqh9rix6rw6qbk1pylpkv7w2","type":"binding","label":"ID","format":{"type":"commas"},"source":{"type":"field","source":{"type":"data","tableId":"t_5idhcbl2zu1px4fff99qt26gw","dataType":"object","selector":{"type":"SELECT_VALUE_SELECTOR","selectObjectId":"7w4vqjjkneryup0qx6nyd5sox"},"datasourceId":"a1ab1856443b44fcbe8d838f7fcfa88b"},"fieldId":"id","dataType":"number"},"bindingType":"libraryProp","childBindings":[],"siblingBindings":["7dreyduxg9ir4u4rhkd7kr07o","ayotx6lhqnky41mxfo2kjmf1m","4dp782249h0711rfptxmxnusd","4mvcbyyuliu16qctjhix48n3p","8go2kx093yc9aq84obz0drpbn","3seiwl38vg3mupppxfl22pc9l","3fe5qxnpwys9a38imtxg72rs6","8emt3wss18kxafeq3ky4i6bnv","61ynvdvadst0xiqxwh6qaf0ig","auo12ynqkhthr6wafsoiivcz9","eqsrvb46v1cwfz2kmkzlw3f83","b3s4hvzs0o1qnb29akq9x4ccy","8kvegdbaklcu0jsi56tpdlt4o","5nzi2adqdpyyqy5v1izrzohw1","92qxmmj03fcllsv5o3tf9kbhw","bt2sevpq7gr4l9nk2rs6x7bpf","bycnteo1nswgjajhmvbmo3nh0","0421zdtq1ubjapbkyvh3k699z","5ukthu1xzlli7nf8gmo3665ry","3dtdyu0h8pozjs9tj5b869sy6","60d0i4jtiujjzw2vwtsafefr4","drgxhyyti591j7ksmrk6zuwnw","4dehw2mdedgcobf9zhvijl0t5","dz5zps63gbxp5myyzrc9z92pz","f0ffzw2sy8q9ba5jukhixd3a6","8t0vjvopwqyg6j0nestwt6fyh","02o8nb343950hbjoqc2inwpre","dy623trvqq4cvdv38sr4q58cq","5o7ru0lg62b4yhz0x1oxbk2j3","5nelavgl9i8vdjqh6g50tfp93","abffcay8ga7fn36czpylhp8lt","6gxinx0kj3ihqahs05hlntgi9","ck6le21ojgx8cuq8pljec4wyb","bp046lttdgs1e7qv7c3ijlyuf","akomfad25k6xbfj6mh6iwwim0","997lxf1t87ur1ffizgl83e9zz","dje2eg4fju391wdgbe5u6clx6","94tk5zsodvhvlgqhjfqu4skzr","62xgbll0f89svjorj65mjmsyb","5csyxiashddwlojgulpgdxm6b","audbvo0lbv6sbeqatgtmjtaic","e2kigyvlciwvg85n1esrwbqry","alz9018ekdkr5er2836gqrbxb","29h77ojxav0qjkh8euoq88b4r","0hjln8c8nsca49gpugfxfz18g","2cl5ozyjiqfue0bzwys9s1ro3","emxx4s2lpt160v4dqsvsgz9ap","4w0meq26guhjxm1ml1ubil4b4"]} @ https://runtime-assets.adalo.com/static/js/main.79e9a9ca.js:1
[   84586ms] [WARNING] SKIPPING ERRONEOUS DEPENDENCY Error: Selector failed: {"type":"SELECT_VALUE_SELECTOR","selectObjectId":"1d1eqqw7ub6ghlz5ltyfykwui"}
    at G (https://runtime-assets.adalo.com/static/js/main.79e9a9ca.js:2:468532)
    at t.getDependencies (https://runtime-assets.adalo.com/static/js/main.79e9a9ca.js:2:467260)
    at J._getDependenciesWithoutTracing (https://runtime-assets.adalo.com/static/js/main.79e9a9ca.js:2:297148)
    at J.getDependencies (https://runtime-assets.adalo.com/static/js/main.79e9a9ca.js:2:594920)
    at J._setupWithoutTracing (https://runtime-assets.adalo.com/static/js/main.79e9a9ca.js:2:299863)
    at J.setup (https://runtime-assets.adalo.com/static/js/main.79e9a9ca.js:2:300624) {"id":"5784tdv70verd4m24w9964bg7","type":"binding","label":"conference_name","source":{"type":"field","source":{"type":"data","tableId":"t_5fi9vn22j1ibyg3p7mizk8hlm","dataType":"object","selector":{"type":"SELECT_VALUE_SELECTOR","selectObjectId":"1d1eqqw7ub6ghlz5ltyfykwui"},"datasourceId":"a1ab1856443b44fcbe8d838f7fcfa88b"},"fieldId":"conference_name","dataType":"text"},"bindingType":"libraryProp"} @ https://runtime-assets.adalo.com/static/js/main.79e9a9ca.js:1
[   84586ms] [WARNING] SKIPPING ERRONEOUS DEPENDENCY Error: Selector failed: {"type":"SELECT_VALUE_SELECTOR","selectObjectId":"1d1eqqw7ub6ghlz5ltyfykwui"}
    at G (https://runtime-assets.adalo.com/static/js/main.79e9a9ca.js:2:468532)
    at t.getDependencies (https://runtime-assets.adalo.com/static/js/main.79e9a9ca.js:2:467260)
    at J._getDependenciesWithoutTracing (https://runtime-assets.adalo.com/static/js/main.79e9a9ca.js:2:297148)
    at J.getDependencies (https://runtime-assets.adalo.com/static/js/main.79e9a9ca.js:2:594920)
    at J._setupWithoutTracing (https://runtime-assets.adalo.com/static/js/main.79e9a9ca.js:2:299863)
    at J.setup (https://runtime-assets.adalo.com/static/js/main.79e9a9ca.js:2:300624) {"id":"2eo1n1hgrwy23q7u805um8qid","type":"binding","format":{"type":"commas"},"source":{"type":"field","source":{"type":"data","tableId":"t_5fi9vn22j1ibyg3p7mizk8hlm","dataType":"object","selector":{"type":"SELECT_VALUE_SELECTOR","selectObjectId":"1d1eqqw7ub6ghlz5ltyfykwui"},"datasourceId":"a1ab1856443b44fcbe8d838f7fcfa88b"},"fieldId":"rawconferencelist_id","dataType":"number"},"bindingType":"libraryProp"} @ https://runtime-assets.adalo.com/static/js/main.79e9a9ca.js:1
[   84587ms] [WARNING] SKIPPING ERRONEOUS DEPENDENCY Error: Selector failed: {"type":"SELECT_VALUE_SELECTOR","selectObjectId":"1d1eqqw7ub6ghlz5ltyfykwui"}
    at G (https://runtime-assets.adalo.com/static/js/main.79e9a9ca.js:2:468532)
    at t.getDependencies (https://runtime-assets.adalo.com/static/js/main.79e9a9ca.js:2:467260)
    at J._getDependenciesWithoutTracing (https://runtime-assets.adalo.com/static/js/main.79e9a9ca.js:2:297148)
    at J.getDependencies (https://runtime-assets.adalo.com/static/js/main.79e9a9ca.js:2:594920)
    at J._setupWithoutTracing (https://runtime-assets.adalo.com/static/js/main.79e9a9ca.js:2:299863)
    at J.setup (https://runtime-assets.adalo.com/static/js/main.79e9a9ca.js:2:300624) {"source":{"type":"field","source":{"type":"data","tableId":"t_5fi9vn22j1ibyg3p7mizk8hlm","dataType":"object","selector":{"type":"SELECT_VALUE_SELECTOR","selectObjectId":"1d1eqqw7ub6ghlz5ltyfykwui"},"datasourceId":"a1ab1856443b44fcbe8d838f7fcfa88b"},"fieldId":"rawconferencelist_id","dataType":"number"}} @ https://runtime-assets.adalo.com/static/js/main.79e9a9ca.js:1
[   84587ms] [WARNING] SKIPPING ERRONEOUS DEPENDENCY Error: Selector failed: {"type":"SELECT_VALUE_SELECTOR","selectObjectId":"1d1eqqw7ub6ghlz5ltyfykwui"}
    at G (https://runtime-assets.adalo.com/static/js/main.79e9a9ca.js:2:468532)
    at t.getDependencies (https://runtime-assets.adalo.com/static/js/main.79e9a9ca.js:2:467260)
    at J._getDependenciesWithoutTracing (https://runtime-assets.adalo.com/static/js/main.79e9a9ca.js:2:297148)
    at J.getDependencies (https://runtime-assets.adalo.com/static/js/main.79e9a9ca.js:2:594920)
    at J._setupWithoutTracing (https://runtime-assets.adalo.com/static/js/main.79e9a9ca.js:2:299863)
    at J.setup (https://runtime-assets.adalo.com/static/js/main.79e9a9ca.js:2:300624) {"source":{"type":"field","source":{"type":"data","tableId":"t_5fi9vn22j1ibyg3p7mizk8hlm","dataType":"object","selector":{"type":"SELECT_VALUE_SELECTOR","selectObjectId":"1d1eqqw7ub6ghlz5ltyfykwui"},"datasourceId":"a1ab1856443b44fcbe8d838f7fcfa88b"},"fieldId":"conference_name","dataType":"text"}} @ https://runtime-assets.adalo.com/static/js/main.79e9a9ca.js:1
[   84587ms] [WARNING] SKIPPING ERRONEOUS DEPENDENCY Error: Selector failed: {"type":"CURRENT_USER_SELECTOR"}
    at G (https://runtime-assets.adalo.com/static/js/main.79e9a9ca.js:2:468532)
    at t.getDependencies (https://runtime-assets.adalo.com/static/js/main.79e9a9ca.js:2:467260)
    at J._getDependenciesWithoutTracing (https://runtime-assets.adalo.com/static/js/main.79e9a9ca.js:2:297148)
    at J.getDependencies (https://runtime-assets.adalo.com/static/js/main.79e9a9ca.js:2:594920)
    at J._setupWithoutTracing (https://runtime-assets.adalo.com/static/js/main.79e9a9ca.js:2:299863)
    at J.setup (https://runtime-assets.adalo.com/static/js/main.79e9a9ca.js:2:300624) {"id":"en0xhfc9kfg4dbn1n2pekc207","type":"binding","source":{"type":"field","source":{"type":"data","source":null,"tableId":"t_80c852bba70544a6a98079124dfc8e10","dataType":"object","selector":{"type":"CURRENT_USER_SELECTOR"},"datasourceId":"4dba133b22784a13b18b1a791cfdd211"},"fieldId":"remaining_credits","dataType":"number"},"options":{},"comparator":"<","comparison":"1","bindingType":"libraryProp"} @ https://runtime-assets.adalo.com/static/js/main.79e9a9ca.js:1
[   85165ms] [ERROR] Failed to load resource: the server responded with a status of 400 (Bad Request) @ https://database-red.adalo.com/databases/4dba133b22784a13b18b1a791cfdd211/tables/t_7cfhzw9ravcntcmv87pchvzyb?appId=bc42cf0d-5f14-4b90-bf2f-262a1cb9bf04&componentId=3ttxbity0qf2mn7bkvyvxhww7&bindingIds=0421zdtq1ubjapbkyvh3k699z&imageMeta=true&evaluateBindings=true&include=&counts=:0
[   85172ms] Uncaught (in promise) AxiosError: Request failed with status code 400
    at Ee (https://runtime-assets.adalo.com/static/js/main.79e9a9ca.js:1:17538)
    at g (https://runtime-assets.adalo.com/static/js/main.79e9a9ca.js:1:21986)
[   85288ms] [ERROR] Failed to load resource: the server responded with a status of 400 (Bad Request) @ https://database-red.adalo.com/databases/4dba133b22784a13b18b1a791cfdd211/tables/t_7u8fbbqzfe3e540rylci6hlu1?appId=bc42cf0d-5f14-4b90-bf2f-262a1cb9bf04&componentId=3ttxbity0qf2mn7bkvyvxhww7&bindingIds=bycnteo1nswgjajhmvbmo3nh0&imageMeta=true&evaluateBindings=true&include=&counts=:0
[   87283ms] [WARNING] SKIPPING ERRONEOUS DEPENDENCY Error: Selector failed: {"type":"SELECT_VALUE_SELECTOR","selectObjectId":"3bmmor6uwgy9d932vmz7r1pag"}
    at G (https://runtime-assets.adalo.com/static/js/main.79e9a9ca.js:2:468532)
    at t.getDependencies (https://runtime-assets.adalo.com/static/js/main.79e9a9ca.js:2:467260)
    at L.isManuallyPaginated (https://runtime-assets.adalo.com/static/js/main.79e9a9ca.js:2:348848)
    at L.render (https://runtime-assets.adalo.com/static/js/main.79e9a9ca.js:2:244984)
    at Ds (https://runtime-assets.adalo.com/static/js/main.79e9a9ca.js:2:4414574)
    at Ls (https://runtime-assets.adalo.com/static/js/main.79e9a9ca.js:2:4414370)
    at Ml (https://runtime-assets.adalo.com/static/js/main.79e9a9ca.js:2:4457902)
    at bu (https://runtime-assets.adalo.com/static/js/main.79e9a9ca.js:2:4446043)
    at vu (https://runtime-assets.adalo.com/static/js/main.79e9a9ca.js:2:4445971)
    at yu (https://runtime-assets.adalo.com/static/js/main.79e9a9ca.js:2:4445834)
    at uu (https://runtime-assets.adalo.com/static/js/main.79e9a9ca.js:2:4442950)
    at Wo (https://runtime-assets.adalo.com/static/js/main.79e9a9ca.js:2:4383545)
    at https://runtime-assets.adalo.com/static/js/main.79e9a9ca.js:2:4440547 {"id":"02o8nb343950hbjoqc2inwpre","type":"binding","label":"Lead_Score","source":{"type":"field","source":{"type":"data","tableId":"t_61ne992eubatuoqw8vephoi4k","dataType":"object","selector":{"type":"SELECT_VALUE_SELECTOR","selectObjectId":"3bmmor6uwgy9d932vmz7r1pag"},"datasourceId":"a1ab1856443b44fcbe8d838f7fcfa88b"},"fieldId":"Lead_Score","dataType":"text"},"bindingType":"libraryProp","childBindings":[],"siblingBindings":["7dreyduxg9ir4u4rhkd7kr07o","ayotx6lhqnky41mxfo2kjmf1m","4dp782249h0711rfptxmxnusd","4mvcbyyuliu16qctjhix48n3p","8go2kx093yc9aq84obz0drpbn","3seiwl38vg3mupppxfl22pc9l","3fe5qxnpwys9a38imtxg72rs6","8emt3wss18kxafeq3ky4i6bnv","61ynvdvadst0xiqxwh6qaf0ig","auo12ynqkhthr6wafsoiivcz9","eqsrvb46v1cwfz2kmkzlw3f83","b3s4hvzs0o1qnb29akq9x4ccy","8kvegdbaklcu0jsi56tpdlt4o","5nzi2adqdpyyqy5v1izrzohw1","92qxmmj03fcllsv5o3tf9kbhw","bt2sevpq7gr4l9nk2rs6x7bpf","bycnteo1nswgjajhmvbmo3nh0","0421zdtq1ubjapbkyvh3k699z","5ukthu1xzlli7nf8gmo3665ry","3dtdyu0h8pozjs9tj5b869sy6","60d0i4jtiujjzw2vwtsafefr4","drgxhyyti591j7ksmrk6zuwnw","4dehw2mdedgcobf9zhvijl0t5","dz5zps63gbxp5myyzrc9z92pz","f0ffzw2sy8q9ba5jukhixd3a6","8t0vjvopwqyg6j0nestwt6fyh","dy623trvqq4cvdv38sr4q58cq","9iqh9rix6rw6qbk1pylpkv7w2","5o7ru0lg62b4yhz0x1oxbk2j3","5nelavgl9i8vdjqh6g50tfp93","abffcay8ga7fn36czpylhp8lt","6gxinx0kj3ihqahs05hlntgi9","ck6le21ojgx8cuq8pljec4wyb","bp046lttdgs1e7qv7c3ijlyuf","akomfad25k6xbfj6mh6iwwim0","997lxf1t87ur1ffizgl83e9zz","dje2eg4fju391wdgbe5u6clx6","94tk5zsodvhvlgqhjfqu4skzr","62xgbll0f89svjorj65mjmsyb","5csyxiashddwlojgulpgdxm6b","audbvo0lbv6sbeqatgtmjtaic","e2kigyvlciwvg85n1esrwbqry","alz9018ekdkr5er2836gqrbxb","29h77ojxav0qjkh8euoq88b4r","0hjln8c8nsca49gpugfxfz18g","2cl5ozyjiqfue0bzwys9s1ro3","emxx4s2lpt160v4dqsvsgz9ap","4w0meq26guhjxm1ml1ubil4b4"]} @ https://runtime-assets.adalo.com/static/js/main.79e9a9ca.js:1
[   87284ms] [WARNING] SKIPPING ERRONEOUS DEPENDENCY Error: Selector failed: {"type":"CURRENT_USER_SELECTOR"}
    at G (https://runtime-assets.adalo.com/static/js/main.79e9a9ca.js:2:468532)
    at t.getDependencies (https://runtime-assets.adalo.com/static/js/main.79e9a9ca.js:2:467260)
    at L.isManuallyPaginated (https://runtime-assets.adalo.com/static/js/main.79e9a9ca.js:2:348848)
    at L.render (https://runtime-assets.adalo.com/static/js/main.79e9a9ca.js:2:244984)
    at Ds (https://runtime-assets.adalo.com/static/js/main.79e9a9ca.js:2:4414574)
    at Ls (https://runtime-assets.adalo.com/static/js/main.79e9a9ca.js:2:4414370)
    at Ml (https://runtime-assets.adalo.com/static/js/main.79e9a9ca.js:2:4457902)
    at bu (https://runtime-assets.adalo.com/static/js/main.79e9a9ca.js:2:4446043)
    at vu (https://runtime-assets.adalo.com/static/js/main.79e9a9ca.js:2:4445971)
    at yu (https://runtime-assets.adalo.com/static/js/main.79e9a9ca.js:2:4445834)
    at uu (https://runtime-assets.adalo.com/static/js/main.79e9a9ca.js:2:4442950)
    at Wo (https://runtime-assets.adalo.com/static/js/main.79e9a9ca.js:2:4383545)
    at https://runtime-assets.adalo.com/static/js/main.79e9a9ca.js:2:4440547 {"id":"7dreyduxg9ir4u4rhkd7kr07o","type":"binding","label":"name","source":{"type":"field","source":{"type":"data","source":null,"tableId":"t_80c852bba70544a6a98079124dfc8e10","dataType":"object","selector":{"type":"CURRENT_USER_SELECTOR"},"datasourceId":"4dba133b22784a13b18b1a791cfdd211"},"fieldId":"name","dataType":"text"},"bindingType":"libraryProp","childBindings":[],"siblingBindings":["ayotx6lhqnky41mxfo2kjmf1m","4dp782249h0711rfptxmxnusd","4mvcbyyuliu16qctjhix48n3p","8go2kx093yc9aq84obz0drpbn","3seiwl38vg3mupppxfl22pc9l","3fe5qxnpwys9a38imtxg72rs6","8emt3wss18kxafeq3ky4i6bnv","61ynvdvadst0xiqxwh6qaf0ig","auo12ynqkhthr6wafsoiivcz9","eqsrvb46v1cwfz2kmkzlw3f83","b3s4hvzs0o1qnb29akq9x4ccy","8kvegdbaklcu0jsi56tpdlt4o","5nzi2adqdpyyqy5v1izrzohw1","92qxmmj03fcllsv5o3tf9kbhw","bt2sevpq7gr4l9nk2rs6x7bpf","bycnteo1nswgjajhmvbmo3nh0","0421zdtq1ubjapbkyvh3k699z","5ukthu1xzlli7nf8gmo3665ry","3dtdyu0h8pozjs9tj5b869sy6","60d0i4jtiujjzw2vwtsafefr4","drgxhyyti591j7ksmrk6zuwnw","4dehw2mdedgcobf9zhvijl0t5","dz5zps63gbxp5myyzrc9z92pz","f0ffzw2sy8q9ba5jukhixd3a6","8t0vjvopwqyg6j0nestwt6fyh","02o8nb343950hbjoqc2inwpre","dy623trvqq4cvdv38sr4q58cq","9iqh9rix6rw6qbk1pylpkv7w2","5o7ru0lg62b4yhz0x1oxbk2j3","5nelavgl9i8vdjqh6g50tfp93","abffcay8ga7fn36czpylhp8lt","6gxinx0kj3ihqahs05hlntgi9","ck6le21ojgx8cuq8pljec4wyb","bp046lttdgs1e7qv7c3ijlyuf","akomfad25k6xbfj6mh6iwwim0","997lxf1t87ur1ffizgl83e9zz","dje2eg4fju391wdgbe5u6clx6","94tk5zsodvhvlgqhjfqu4skzr","62xgbll0f89svjorj65mjmsyb","5csyxiashddwlojgulpgdxm6b","audbvo0lbv6sbeqatgtmjtaic","e2kigyvlciwvg85n1esrwbqry","alz9018ekdkr5er2836gqrbxb","29h77ojxav0qjkh8euoq88b4r","0hjln8c8nsca49gpugfxfz18g","2cl5ozyjiqfue0bzwys9s1ro3","emxx4s2lpt160v4dqsvsgz9ap","4w0meq26guhjxm1ml1ubil4b4"]} @ https://runtime-assets.adalo.com/static/js/main.79e9a9ca.js:1
[   87285ms] [WARNING] SKIPPING ERRONEOUS DEPENDENCY Error: Selector failed: {"type":"SELECT_VALUE_SELECTOR","selectObjectId":"7w4vqjjkneryup0qx6nyd5sox"}
    at G (https://runtime-assets.adalo.com/static/js/main.79e9a9ca.js:2:468532)
    at t.getDependencies (https://runtime-assets.adalo.com/static/js/main.79e9a9ca.js:2:467260)
    at L.isManuallyPaginated (https://runtime-assets.adalo.com/static/js/main.79e9a9ca.js:2:348848)
    at L.render (https://runtime-assets.adalo.com/static/js/main.79e9a9ca.js:2:244984)
    at Ds (https://runtime-assets.adalo.com/static/js/main.79e9a9ca.js:2:4414574)
    at Ls (https://runtime-assets.adalo.com/static/js/main.79e9a9ca.js:2:4414370)
    at Ml (https://runtime-assets.adalo.com/static/js/main.79e9a9ca.js:2:4457902)
    at bu (https://runtime-assets.adalo.com/static/js/main.79e9a9ca.js:2:4446043)
    at vu (https://runtime-assets.adalo.com/static/js/main.79e9a9ca.js:2:4445971)
    at yu (https://runtime-assets.adalo.com/static/js/main.79e9a9ca.js:2:4445834)
    at uu (https://runtime-assets.adalo.com/static/js/main.79e9a9ca.js:2:4442950)
    at Wo (https://runtime-assets.adalo.com/static/js/main.79e9a9ca.js:2:4383545)
    at https://runtime-assets.adalo.com/static/js/main.79e9a9ca.js:2:4440547 {"id":"9iqh9rix6rw6qbk1pylpkv7w2","type":"binding","label":"ID","format":{"type":"commas"},"source":{"type":"field","source":{"type":"data","tableId":"t_5idhcbl2zu1px4fff99qt26gw","dataType":"object","selector":{"type":"SELECT_VALUE_SELECTOR","selectObjectId":"7w4vqjjkneryup0qx6nyd5sox"},"datasourceId":"a1ab1856443b44fcbe8d838f7fcfa88b"},"fieldId":"id","dataType":"number"},"bindingType":"libraryProp","childBindings":[],"siblingBindings":["7dreyduxg9ir4u4rhkd7kr07o","ayotx6lhqnky41mxfo2kjmf1m","4dp782249h0711rfptxmxnusd","4mvcbyyuliu16qctjhix48n3p","8go2kx093yc9aq84obz0drpbn","3seiwl38vg3mupppxfl22pc9l","3fe5qxnpwys9a38imtxg72rs6","8emt3wss18kxafeq3ky4i6bnv","61ynvdvadst0xiqxwh6qaf0ig","auo12ynqkhthr6wafsoiivcz9","eqsrvb46v1cwfz2kmkzlw3f83","b3s4hvzs0o1qnb29akq9x4ccy","8kvegdbaklcu0jsi56tpdlt4o","5nzi2adqdpyyqy5v1izrzohw1","92qxmmj03fcllsv5o3tf9kbhw","bt2sevpq7gr4l9nk2rs6x7bpf","bycnteo1nswgjajhmvbmo3nh0","0421zdtq1ubjapbkyvh3k699z","5ukthu1xzlli7nf8gmo3665ry","3dtdyu0h8pozjs9tj5b869sy6","60d0i4jtiujjzw2vwtsafefr4","drgxhyyti591j7ksmrk6zuwnw","4dehw2mdedgcobf9zhvijl0t5","dz5zps63gbxp5myyzrc9z92pz","f0ffzw2sy8q9ba5jukhixd3a6","8t0vjvopwqyg6j0nestwt6fyh","02o8nb343950hbjoqc2inwpre","dy623trvqq4cvdv38sr4q58cq","5o7ru0lg62b4yhz0x1oxbk2j3","5nelavgl9i8vdjqh6g50tfp93","abffcay8ga7fn36czpylhp8lt","6gxinx0kj3ihqahs05hlntgi9","ck6le21ojgx8cuq8pljec4wyb","bp046lttdgs1e7qv7c3ijlyuf","akomfad25k6xbfj6mh6iwwim0","997lxf1t87ur1ffizgl83e9zz","dje2eg4fju391wdgbe5u6clx6","94tk5zsodvhvlgqhjfqu4skzr","62xgbll0f89svjorj65mjmsyb","5csyxiashddwlojgulpgdxm6b","audbvo0lbv6sbeqatgtmjtaic","e2kigyvlciwvg85n1esrwbqry","alz9018ekdkr5er2836gqrbxb","29h77ojxav0qjkh8euoq88b4r","0hjln8c8nsca49gpugfxfz18g","2cl5ozyjiqfue0bzwys9s1ro3","emxx4s2lpt160v4dqsvsgz9ap","4w0meq26guhjxm1ml1ubil4b4"]} @ https://runtime-assets.adalo.com/static/js/main.79e9a9ca.js:1
[   87286ms] [WARNING] SKIPPING ERRONEOUS DEPENDENCY Error: Selector failed: {"type":"SELECT_VALUE_SELECTOR","selectObjectId":"1d1eqqw7ub6ghlz5ltyfykwui"}
    at G (https://runtime-assets.adalo.com/static/js/main.79e9a9ca.js:2:468532)
    at t.getDependencies (https://runtime-assets.adalo.com/static/js/main.79e9a9ca.js:2:467260)
    at L.isManuallyPaginated (https://runtime-assets.adalo.com/static/js/main.79e9a9ca.js:2:348848)
    at L.render (https://runtime-assets.adalo.com/static/js/main.79e9a9ca.js:2:244984)
    at Ds (https://runtime-assets.adalo.com/static/js/main.79e9a9ca.js:2:4414574)
    at Ls (https://runtime-assets.adalo.com/static/js/main.79e9a9ca.js:2:4414370)
    at Ml (https://runtime-assets.adalo.com/static/js/main.79e9a9ca.js:2:4457902)
    at bu (https://runtime-assets.adalo.com/static/js/main.79e9a9ca.js:2:4446043)
    at vu (https://runtime-assets.adalo.com/static/js/main.79e9a9ca.js:2:4445971)
    at yu (https://runtime-assets.adalo.com/static/js/main.79e9a9ca.js:2:4445834)
    at uu (https://runtime-assets.adalo.com/static/js/main.79e9a9ca.js:2:4442950)
    at Wo (https://runtime-assets.adalo.com/static/js/main.79e9a9ca.js:2:4383545)
    at https://runtime-assets.adalo.com/static/js/main.79e9a9ca.js:2:4440547 {"id":"5784tdv70verd4m24w9964bg7","type":"binding","label":"conference_name","source":{"type":"field","source":{"type":"data","tableId":"t_5fi9vn22j1ibyg3p7mizk8hlm","dataType":"object","selector":{"type":"SELECT_VALUE_SELECTOR","selectObjectId":"1d1eqqw7ub6ghlz5ltyfykwui"},"datasourceId":"a1ab1856443b44fcbe8d838f7fcfa88b"},"fieldId":"conference_name","dataType":"text"},"bindingType":"libraryProp"} @ https://runtime-assets.adalo.com/static/js/main.79e9a9ca.js:1
[   87286ms] [WARNING] SKIPPING ERRONEOUS DEPENDENCY Error: Selector failed: {"type":"SELECT_VALUE_SELECTOR","selectObjectId":"1d1eqqw7ub6ghlz5ltyfykwui"}
    at G (https://runtime-assets.adalo.com/static/js/main.79e9a9ca.js:2:468532)
    at t.getDependencies (https://runtime-assets.adalo.com/static/js/main.79e9a9ca.js:2:467260)
    at L.isManuallyPaginated (https://runtime-assets.adalo.com/static/js/main.79e9a9ca.js:2:348848)
    at L.render (https://runtime-assets.adalo.com/static/js/main.79e9a9ca.js:2:244984)
    at Ds (https://runtime-assets.adalo.com/static/js/main.79e9a9ca.js:2:4414574)
    at Ls (https://runtime-assets.adalo.com/static/js/main.79e9a9ca.js:2:4414370)
    at Ml (https://runtime-assets.adalo.com/static/js/main.79e9a9ca.js:2:4457902)
    at bu (https://runtime-assets.adalo.com/static/js/main.79e9a9ca.js:2:4446043)
    at vu (https://runtime-assets.adalo.com/static/js/main.79e9a9ca.js:2:4445971)
    at yu (https://runtime-assets.adalo.com/static/js/main.79e9a9ca.js:2:4445834)
    at uu (https://runtime-assets.adalo.com/static/js/main.79e9a9ca.js:2:4442950)
    at Wo (https://runtime-assets.adalo.com/static/js/main.79e9a9ca.js:2:4383545)
    at https://runtime-assets.adalo.com/static/js/main.79e9a9ca.js:2:4440547 {"id":"2eo1n1hgrwy23q7u805um8qid","type":"binding","format":{"type":"commas"},"source":{"type":"field","source":{"type":"data","tableId":"t_5fi9vn22j1ibyg3p7mizk8hlm","dataType":"object","selector":{"type":"SELECT_VALUE_SELECTOR","selectObjectId":"1d1eqqw7ub6ghlz5ltyfykwui"},"datasourceId":"a1ab1856443b44fcbe8d838f7fcfa88b"},"fieldId":"rawconferencelist_id","dataType":"number"},"bindingType":"libraryProp"} @ https://runtime-assets.adalo.com/static/js/main.79e9a9ca.js:1
[   87286ms] [WARNING] SKIPPING ERRONEOUS DEPENDENCY Error: Selector failed: {"type":"SELECT_VALUE_SELECTOR","selectObjectId":"1d1eqqw7ub6ghlz5ltyfykwui"}
    at G (https://runtime-assets.adalo.com/static/js/main.79e9a9ca.js:2:468532)
    at t.getDependencies (https://runtime-assets.adalo.com/static/js/main.79e9a9ca.js:2:467260)
    at L.isManuallyPaginated (https://runtime-assets.adalo.com/static/js/main.79e9a9ca.js:2:348848)
    at L.render (https://runtime-assets.adalo.com/static/js/main.79e9a9ca.js:2:244984)
    at Ds (https://runtime-assets.adalo.com/static/js/main.79e9a9ca.js:2:4414574)
    at Ls (https://runtime-assets.adalo.com/static/js/main.79e9a9ca.js:2:4414370)
    at Ml (https://runtime-assets.adalo.com/static/js/main.79e9a9ca.js:2:4457902)
    at bu (https://runtime-assets.adalo.com/static/js/main.79e9a9ca.js:2:4446043)
    at vu (https://runtime-assets.adalo.com/static/js/main.79e9a9ca.js:2:4445971)
    at yu (https://runtime-assets.adalo.com/static/js/main.79e9a9ca.js:2:4445834)
    at uu (https://runtime-assets.adalo.com/static/js/main.79e9a9ca.js:2:4442950)
    at Wo (https://runtime-assets.adalo.com/static/js/main.79e9a9ca.js:2:4383545)
    at https://runtime-assets.adalo.com/static/js/main.79e9a9ca.js:2:4440547 {"source":{"type":"field","source":{"type":"data","tableId":"t_5fi9vn22j1ibyg3p7mizk8hlm","dataType":"object","selector":{"type":"SELECT_VALUE_SELECTOR","selectObjectId":"1d1eqqw7ub6ghlz5ltyfykwui"},"datasourceId":"a1ab1856443b44fcbe8d838f7fcfa88b"},"fieldId":"rawconferencelist_id","dataType":"number"}} @ https://runtime-assets.adalo.com/static/js/main.79e9a9ca.js:1
[   87287ms] [WARNING] SKIPPING ERRONEOUS DEPENDENCY Error: Selector failed: {"type":"SELECT_VALUE_SELECTOR","selectObjectId":"1d1eqqw7ub6ghlz5ltyfykwui"}
    at G (https://runtime-assets.adalo.com/static/js/main.79e9a9ca.js:2:468532)
    at t.getDependencies (https://runtime-assets.adalo.com/static/js/main.79e9a9ca.js:2:467260)
    at L.isManuallyPaginated (https://runtime-assets.adalo.com/static/js/main.79e9a9ca.js:2:348848)
    at L.render (https://runtime-assets.adalo.com/static/js/main.79e9a9ca.js:2:244984)
    at Ds (https://runtime-assets.adalo.com/static/js/main.79e9a9ca.js:2:4414574)
    at Ls (https://runtime-assets.adalo.com/static/js/main.79e9a9ca.js:2:4414370)
    at Ml (https://runtime-assets.adalo.com/static/js/main.79e9a9ca.js:2:4457902)
    at bu (https://runtime-assets.adalo.com/static/js/main.79e9a9ca.js:2:4446043)
    at vu (https://runtime-assets.adalo.com/static/js/main.79e9a9ca.js:2:4445971)
    at yu (https://runtime-assets.adalo.com/static/js/main.79e9a9ca.js:2:4445834)
    at uu (https://runtime-assets.adalo.com/static/js/main.79e9a9ca.js:2:4442950)
    at Wo (https://runtime-assets.adalo.com/static/js/main.79e9a9ca.js:2:4383545)
    at https://runtime-assets.adalo.com/static/js/main.79e9a9ca.js:2:4440547 {"source":{"type":"field","source":{"type":"data","tableId":"t_5fi9vn22j1ibyg3p7mizk8hlm","dataType":"object","selector":{"type":"SELECT_VALUE_SELECTOR","selectObjectId":"1d1eqqw7ub6ghlz5ltyfykwui"},"datasourceId":"a1ab1856443b44fcbe8d838f7fcfa88b"},"fieldId":"conference_name","dataType":"text"}} @ https://runtime-assets.adalo.com/static/js/main.79e9a9ca.js:1
[   87287ms] [WARNING] SKIPPING ERRONEOUS DEPENDENCY Error: Selector failed: {"type":"CURRENT_USER_SELECTOR"}
    at G (https://runtime-assets.adalo.com/static/js/main.79e9a9ca.js:2:468532)
    at t.getDependencies (https://runtime-assets.adalo.com/static/js/main.79e9a9ca.js:2:467260)
    at L.isManuallyPaginated (https://runtime-assets.adalo.com/static/js/main.79e9a9ca.js:2:348848)
    at L.render (https://runtime-assets.adalo.com/static/js/main.79e9a9ca.js:2:244984)
    at Ds (https://runtime-assets.adalo.com/static/js/main.79e9a9ca.js:2:4414574)
    at Ls (https://runtime-assets.adalo.com/static/js/main.79e9a9ca.js:2:4414370)
    at Ml (https://runtime-assets.adalo.com/static/js/main.79e9a9ca.js:2:4457902)
    at bu (https://runtime-assets.adalo.com/static/js/main.79e9a9ca.js:2:4446043)
    at vu (https://runtime-assets.adalo.com/static/js/main.79e9a9ca.js:2:4445971)
    at yu (https://runtime-assets.adalo.com/static/js/main.79e9a9ca.js:2:4445834)
    at uu (https://runtime-assets.adalo.com/static/js/main.79e9a9ca.js:2:4442950)
    at Wo (https://runtime-assets.adalo.com/static/js/main.79e9a9ca.js:2:4383545)
    at https://runtime-assets.adalo.com/static/js/main.79e9a9ca.js:2:4440547 {"id":"en0xhfc9kfg4dbn1n2pekc207","type":"binding","source":{"type":"field","source":{"type":"data","source":null,"tableId":"t_80c852bba70544a6a98079124dfc8e10","dataType":"object","selector":{"type":"CURRENT_USER_SELECTOR"},"datasourceId":"4dba133b22784a13b18b1a791cfdd211"},"fieldId":"remaining_credits","dataType":"number"},"options":{},"comparator":"<","comparison":"1","bindingType":"libraryProp"} @ https://runtime-assets.adalo.com/static/js/main.79e9a9ca.js:1
[   87479ms] [WARNING] SKIPPING ERRONEOUS DEPENDENCY Error: Selector failed: {"type":"SELECT_VALUE_SELECTOR","selectObjectId":"3bmmor6uwgy9d932vmz7r1pag"}
    at G (https://runtime-assets.adalo.com/static/js/main.79e9a9ca.js:2:468532)
    at t.getDependencies (https://runtime-assets.adalo.com/static/js/main.79e9a9ca.js:2:467260)
    at L.isManuallyPaginated (https://runtime-assets.adalo.com/static/js/main.79e9a9ca.js:2:348848)
    at L.render (https://runtime-assets.adalo.com/static/js/main.79e9a9ca.js:2:244984)
    at Ds (https://runtime-assets.adalo.com/static/js/main.79e9a9ca.js:2:4414574)
    at Ls (https://runtime-assets.adalo.com/static/js/main.79e9a9ca.js:2:4414370)
    at Ml (https://runtime-assets.adalo.com/static/js/main.79e9a9ca.js:2:4457902)
    at bu (https://runtime-assets.adalo.com/static/js/main.79e9a9ca.js:2:4446043)
    at vu (https://runtime-assets.adalo.com/static/js/main.79e9a9ca.js:2:4445971)
    at yu (https://runtime-assets.adalo.com/static/js/main.79e9a9ca.js:2:4445834)
    at uu (https://runtime-assets.adalo.com/static/js/main.79e9a9ca.js:2:4442950)
    at Wo (https://runtime-assets.adalo.com/static/js/main.79e9a9ca.js:2:4383545)
    at https://runtime-assets.adalo.com/static/js/main.79e9a9ca.js:2:4440547 {"id":"02o8nb343950hbjoqc2inwpre","type":"binding","label":"Lead_Score","source":{"type":"field","source":{"type":"data","tableId":"t_61ne992eubatuoqw8vephoi4k","dataType":"object","selector":{"type":"SELECT_VALUE_SELECTOR","selectObjectId":"3bmmor6uwgy9d932vmz7r1pag"},"datasourceId":"a1ab1856443b44fcbe8d838f7fcfa88b"},"fieldId":"Lead_Score","dataType":"text"},"bindingType":"libraryProp","childBindings":[],"siblingBindings":["7dreyduxg9ir4u4rhkd7kr07o","ayotx6lhqnky41mxfo2kjmf1m","4dp782249h0711rfptxmxnusd","4mvcbyyuliu16qctjhix48n3p","8go2kx093yc9aq84obz0drpbn","3seiwl38vg3mupppxfl22pc9l","3fe5qxnpwys9a38imtxg72rs6","8emt3wss18kxafeq3ky4i6bnv","61ynvdvadst0xiqxwh6qaf0ig","auo12ynqkhthr6wafsoiivcz9","eqsrvb46v1cwfz2kmkzlw3f83","b3s4hvzs0o1qnb29akq9x4ccy","8kvegdbaklcu0jsi56tpdlt4o","5nzi2adqdpyyqy5v1izrzohw1","92qxmmj03fcllsv5o3tf9kbhw","bt2sevpq7gr4l9nk2rs6x7bpf","bycnteo1nswgjajhmvbmo3nh0","0421zdtq1ubjapbkyvh3k699z","5ukthu1xzlli7nf8gmo3665ry","3dtdyu0h8pozjs9tj5b869sy6","60d0i4jtiujjzw2vwtsafefr4","drgxhyyti591j7ksmrk6zuwnw","4dehw2mdedgcobf9zhvijl0t5","dz5zps63gbxp5myyzrc9z92pz","f0ffzw2sy8q9ba5jukhixd3a6","8t0vjvopwqyg6j0nestwt6fyh","dy623trvqq4cvdv38sr4q58cq","9iqh9rix6rw6qbk1pylpkv7w2","5o7ru0lg62b4yhz0x1oxbk2j3","5nelavgl9i8vdjqh6g50tfp93","abffcay8ga7fn36czpylhp8lt","6gxinx0kj3ihqahs05hlntgi9","ck6le21ojgx8cuq8pljec4wyb","bp046lttdgs1e7qv7c3ijlyuf","akomfad25k6xbfj6mh6iwwim0","997lxf1t87ur1ffizgl83e9zz","dje2eg4fju391wdgbe5u6clx6","94tk5zsodvhvlgqhjfqu4skzr","62xgbll0f89svjorj65mjmsyb","5csyxiashddwlojgulpgdxm6b","audbvo0lbv6sbeqatgtmjtaic","e2kigyvlciwvg85n1esrwbqry","alz9018ekdkr5er2836gqrbxb","29h77ojxav0qjkh8euoq88b4r","0hjln8c8nsca49gpugfxfz18g","2cl5ozyjiqfue0bzwys9s1ro3","emxx4s2lpt160v4dqsvsgz9ap","4w0meq26guhjxm1ml1ubil4b4"]} @ https://runtime-assets.adalo.com/static/js/main.79e9a9ca.js:1
[   87480ms] [WARNING] SKIPPING ERRONEOUS DEPENDENCY Error: Selector failed: {"type":"CURRENT_USER_SELECTOR"}
    at G (https://runtime-assets.adalo.com/static/js/main.79e9a9ca.js:2:468532)
    at t.getDependencies (https://runtime-assets.adalo.com/static/js/main.79e9a9ca.js:2:467260)
    at L.isManuallyPaginated (https://runtime-assets.adalo.com/static/js/main.79e9a9ca.js:2:348848)
    at L.render (https://runtime-assets.adalo.com/static/js/main.79e9a9ca.js:2:244984)
    at Ds (https://runtime-assets.adalo.com/static/js/main.79e9a9ca.js:2:4414574)
    at Ls (https://runtime-assets.adalo.com/static/js/main.79e9a9ca.js:2:4414370)
    at Ml (https://runtime-assets.adalo.com/static/js/main.79e9a9ca.js:2:4457902)
    at bu (https://runtime-assets.adalo.com/static/js/main.79e9a9ca.js:2:4446043)
    at vu (https://runtime-assets.adalo.com/static/js/main.79e9a9ca.js:2:4445971)
    at yu (https://runtime-assets.adalo.com/static/js/main.79e9a9ca.js:2:4445834)
    at uu (https://runtime-assets.adalo.com/static/js/main.79e9a9ca.js:2:4442950)
    at Wo (https://runtime-assets.adalo.com/static/js/main.79e9a9ca.js:2:4383545)
    at https://runtime-assets.adalo.com/static/js/main.79e9a9ca.js:2:4440547 {"id":"7dreyduxg9ir4u4rhkd7kr07o","type":"binding","label":"name","source":{"type":"field","source":{"type":"data","source":null,"tableId":"t_80c852bba70544a6a98079124dfc8e10","dataType":"object","selector":{"type":"CURRENT_USER_SELECTOR"},"datasourceId":"4dba133b22784a13b18b1a791cfdd211"},"fieldId":"name","dataType":"text"},"bindingType":"libraryProp","childBindings":[],"siblingBindings":["ayotx6lhqnky41mxfo2kjmf1m","4dp782249h0711rfptxmxnusd","4mvcbyyuliu16qctjhix48n3p","8go2kx093yc9aq84obz0drpbn","3seiwl38vg3mupppxfl22pc9l","3fe5qxnpwys9a38imtxg72rs6","8emt3wss18kxafeq3ky4i6bnv","61ynvdvadst0xiqxwh6qaf0ig","auo12ynqkhthr6wafsoiivcz9","eqsrvb46v1cwfz2kmkzlw3f83","b3s4hvzs0o1qnb29akq9x4ccy","8kvegdbaklcu0jsi56tpdlt4o","5nzi2adqdpyyqy5v1izrzohw1","92qxmmj03fcllsv5o3tf9kbhw","bt2sevpq7gr4l9nk2rs6x7bpf","bycnteo1nswgjajhmvbmo3nh0","0421zdtq1ubjapbkyvh3k699z","5ukthu1xzlli7nf8gmo3665ry","3dtdyu0h8pozjs9tj5b869sy6","60d0i4jtiujjzw2vwtsafefr4","drgxhyyti591j7ksmrk6zuwnw","4dehw2mdedgcobf9zhvijl0t5","dz5zps63gbxp5myyzrc9z92pz","f0ffzw2sy8q9ba5jukhixd3a6","8t0vjvopwqyg6j0nestwt6fyh","02o8nb343950hbjoqc2inwpre","dy623trvqq4cvdv38sr4q58cq","9iqh9rix6rw6qbk1pylpkv7w2","5o7ru0lg62b4yhz0x1oxbk2j3","5nelavgl9i8vdjqh6g50tfp93","abffcay8ga7fn36czpylhp8lt","6gxinx0kj3ihqahs05hlntgi9","ck6le21ojgx8cuq8pljec4wyb","bp046lttdgs1e7qv7c3ijlyuf","akomfad25k6xbfj6mh6iwwim0","997lxf1t87ur1ffizgl83e9zz","dje2eg4fju391wdgbe5u6clx6","94tk5zsodvhvlgqhjfqu4skzr","62xgbll0f89svjorj65mjmsyb","5csyxiashddwlojgulpgdxm6b","audbvo0lbv6sbeqatgtmjtaic","e2kigyvlciwvg85n1esrwbqry","alz9018ekdkr5er2836gqrbxb","29h77ojxav0qjkh8euoq88b4r","0hjln8c8nsca49gpugfxfz18g","2cl5ozyjiqfue0bzwys9s1ro3","emxx4s2lpt160v4dqsvsgz9ap","4w0meq26guhjxm1ml1ubil4b4"]} @ https://runtime-assets.adalo.com/static/js/main.79e9a9ca.js:1
[   87481ms] [WARNING] SKIPPING ERRONEOUS DEPENDENCY Error: Selector failed: {"type":"SELECT_VALUE_SELECTOR","selectObjectId":"7w4vqjjkneryup0qx6nyd5sox"}
    at G (https://runtime-assets.adalo.com/static/js/main.79e9a9ca.js:2:468532)
    at t.getDependencies (https://runtime-assets.adalo.com/static/js/main.79e9a9ca.js:2:467260)
    at L.isManuallyPaginated (https://runtime-assets.adalo.com/static/js/main.79e9a9ca.js:2:348848)
    at L.render (https://runtime-assets.adalo.com/static/js/main.79e9a9ca.js:2:244984)
    at Ds (https://runtime-assets.adalo.com/static/js/main.79e9a9ca.js:2:4414574)
    at Ls (https://runtime-assets.adalo.com/static/js/main.79e9a9ca.js:2:4414370)
    at Ml (https://runtime-assets.adalo.com/static/js/main.79e9a9ca.js:2:4457902)
    at bu (https://runtime-assets.adalo.com/static/js/main.79e9a9ca.js:2:4446043)
    at vu (https://runtime-assets.adalo.com/static/js/main.79e9a9ca.js:2:4445971)
    at yu (https://runtime-assets.adalo.com/static/js/main.79e9a9ca.js:2:4445834)
    at uu (https://runtime-assets.adalo.com/static/js/main.79e9a9ca.js:2:4442950)
    at Wo (https://runtime-assets.adalo.com/static/js/main.79e9a9ca.js:2:4383545)
    at https://runtime-assets.adalo.com/static/js/main.79e9a9ca.js:2:4440547 {"id":"9iqh9rix6rw6qbk1pylpkv7w2","type":"binding","label":"ID","format":{"type":"commas"},"source":{"type":"field","source":{"type":"data","tableId":"t_5idhcbl2zu1px4fff99qt26gw","dataType":"object","selector":{"type":"SELECT_VALUE_SELECTOR","selectObjectId":"7w4vqjjkneryup0qx6nyd5sox"},"datasourceId":"a1ab1856443b44fcbe8d838f7fcfa88b"},"fieldId":"id","dataType":"number"},"bindingType":"libraryProp","childBindings":[],"siblingBindings":["7dreyduxg9ir4u4rhkd7kr07o","ayotx6lhqnky41mxfo2kjmf1m","4dp782249h0711rfptxmxnusd","4mvcbyyuliu16qctjhix48n3p","8go2kx093yc9aq84obz0drpbn","3seiwl38vg3mupppxfl22pc9l","3fe5qxnpwys9a38imtxg72rs6","8emt3wss18kxafeq3ky4i6bnv","61ynvdvadst0xiqxwh6qaf0ig","auo12ynqkhthr6wafsoiivcz9","eqsrvb46v1cwfz2kmkzlw3f83","b3s4hvzs0o1qnb29akq9x4ccy","8kvegdbaklcu0jsi56tpdlt4o","5nzi2adqdpyyqy5v1izrzohw1","92qxmmj03fcllsv5o3tf9kbhw","bt2sevpq7gr4l9nk2rs6x7bpf","bycnteo1nswgjajhmvbmo3nh0","0421zdtq1ubjapbkyvh3k699z","5ukthu1xzlli7nf8gmo3665ry","3dtdyu0h8pozjs9tj5b869sy6","60d0i4jtiujjzw2vwtsafefr4","drgxhyyti591j7ksmrk6zuwnw","4dehw2mdedgcobf9zhvijl0t5","dz5zps63gbxp5myyzrc9z92pz","f0ffzw2sy8q9ba5jukhixd3a6","8t0vjvopwqyg6j0nestwt6fyh","02o8nb343950hbjoqc2inwpre","dy623trvqq4cvdv38sr4q58cq","5o7ru0lg62b4yhz0x1oxbk2j3","5nelavgl9i8vdjqh6g50tfp93","abffcay8ga7fn36czpylhp8lt","6gxinx0kj3ihqahs05hlntgi9","ck6le21ojgx8cuq8pljec4wyb","bp046lttdgs1e7qv7c3ijlyuf","akomfad25k6xbfj6mh6iwwim0","997lxf1t87ur1ffizgl83e9zz","dje2eg4fju391wdgbe5u6clx6","94tk5zsodvhvlgqhjfqu4skzr","62xgbll0f89svjorj65mjmsyb","5csyxiashddwlojgulpgdxm6b","audbvo0lbv6sbeqatgtmjtaic","e2kigyvlciwvg85n1esrwbqry","alz9018ekdkr5er2836gqrbxb","29h77ojxav0qjkh8euoq88b4r","0hjln8c8nsca49gpugfxfz18g","2cl5ozyjiqfue0bzwys9s1ro3","emxx4s2lpt160v4dqsvsgz9ap","4w0meq26guhjxm1ml1ubil4b4"]} @ https://runtime-assets.adalo.com/static/js/main.79e9a9ca.js:1
[   87482ms] [WARNING] SKIPPING ERRONEOUS DEPENDENCY Error: Selector failed: {"type":"SELECT_VALUE_SELECTOR","selectObjectId":"1d1eqqw7ub6ghlz5ltyfykwui"}
    at G (https://runtime-assets.adalo.com/static/js/main.79e9a9ca.js:2:468532)
    at t.getDependencies (https://runtime-assets.adalo.com/static/js/main.79e9a9ca.js:2:467260)
    at L.isManuallyPaginated (https://runtime-assets.adalo.com/static/js/main.79e9a9ca.js:2:348848)
    at L.render (https://runtime-assets.adalo.com/static/js/main.79e9a9ca.js:2:244984)
    at Ds (https://runtime-assets.adalo.com/static/js/main.79e9a9ca.js:2:4414574)
    at Ls (https://runtime-assets.adalo.com/static/js/main.79e9a9ca.js:2:4414370)
    at Ml (https://runtime-assets.adalo.com/static/js/main.79e9a9ca.js:2:4457902)
    at bu (https://runtime-assets.adalo.com/static/js/main.79e9a9ca.js:2:4446043)
    at vu (https://runtime-assets.adalo.com/static/js/main.79e9a9ca.js:2:4445971)
    at yu (https://runtime-assets.adalo.com/static/js/main.79e9a9ca.js:2:4445834)
    at uu (https://runtime-assets.adalo.com/static/js/main.79e9a9ca.js:2:4442950)
    at Wo (https://runtime-assets.adalo.com/static/js/main.79e9a9ca.js:2:4383545)
    at https://runtime-assets.adalo.com/static/js/main.79e9a9ca.js:2:4440547 {"id":"5784tdv70verd4m24w9964bg7","type":"binding","label":"conference_name","source":{"type":"field","source":{"type":"data","tableId":"t_5fi9vn22j1ibyg3p7mizk8hlm","dataType":"object","selector":{"type":"SELECT_VALUE_SELECTOR","selectObjectId":"1d1eqqw7ub6ghlz5ltyfykwui"},"datasourceId":"a1ab1856443b44fcbe8d838f7fcfa88b"},"fieldId":"conference_name","dataType":"text"},"bindingType":"libraryProp"} @ https://runtime-assets.adalo.com/static/js/main.79e9a9ca.js:1
[   87482ms] [WARNING] SKIPPING ERRONEOUS DEPENDENCY Error: Selector failed: {"type":"SELECT_VALUE_SELECTOR","selectObjectId":"1d1eqqw7ub6ghlz5ltyfykwui"}
    at G (https://runtime-assets.adalo.com/static/js/main.79e9a9ca.js:2:468532)
    at t.getDependencies (https://runtime-assets.adalo.com/static/js/main.79e9a9ca.js:2:467260)
    at L.isManuallyPaginated (https://runtime-assets.adalo.com/static/js/main.79e9a9ca.js:2:348848)
    at L.render (https://runtime-assets.adalo.com/static/js/main.79e9a9ca.js:2:244984)
    at Ds (https://runtime-assets.adalo.com/static/js/main.79e9a9ca.js:2:4414574)
    at Ls (https://runtime-assets.adalo.com/static/js/main.79e9a9ca.js:2:4414370)
    at Ml (https://runtime-assets.adalo.com/static/js/main.79e9a9ca.js:2:4457902)
    at bu (https://runtime-assets.adalo.com/static/js/main.79e9a9ca.js:2:4446043)
    at vu (https://runtime-assets.adalo.com/static/js/main.79e9a9ca.js:2:4445971)
    at yu (https://runtime-assets.adalo.com/static/js/main.79e9a9ca.js:2:4445834)
    at uu (https://runtime-assets.adalo.com/static/js/main.79e9a9ca.js:2:4442950)
    at Wo (https://runtime-assets.adalo.com/static/js/main.79e9a9ca.js:2:4383545)
    at https://runtime-assets.adalo.com/static/js/main.79e9a9ca.js:2:4440547 {"id":"2eo1n1hgrwy23q7u805um8qid","type":"binding","format":{"type":"commas"},"source":{"type":"field","source":{"type":"data","tableId":"t_5fi9vn22j1ibyg3p7mizk8hlm","dataType":"object","selector":{"type":"SELECT_VALUE_SELECTOR","selectObjectId":"1d1eqqw7ub6ghlz5ltyfykwui"},"datasourceId":"a1ab1856443b44fcbe8d838f7fcfa88b"},"fieldId":"rawconferencelist_id","dataType":"number"},"bindingType":"libraryProp"} @ https://runtime-assets.adalo.com/static/js/main.79e9a9ca.js:1
[   87483ms] [WARNING] SKIPPING ERRONEOUS DEPENDENCY Error: Selector failed: {"type":"SELECT_VALUE_SELECTOR","selectObjectId":"1d1eqqw7ub6ghlz5ltyfykwui"}
    at G (https://runtime-assets.adalo.com/static/js/main.79e9a9ca.js:2:468532)
    at t.getDependencies (https://runtime-assets.adalo.com/static/js/main.79e9a9ca.js:2:467260)
    at L.isManuallyPaginated (https://runtime-assets.adalo.com/static/js/main.79e9a9ca.js:2:348848)
    at L.render (https://runtime-assets.adalo.com/static/js/main.79e9a9ca.js:2:244984)
    at Ds (https://runtime-assets.adalo.com/static/js/main.79e9a9ca.js:2:4414574)
    at Ls (https://runtime-assets.adalo.com/static/js/main.79e9a9ca.js:2:4414370)
    at Ml (https://runtime-assets.adalo.com/static/js/main.79e9a9ca.js:2:4457902)
    at bu (https://runtime-assets.adalo.com/static/js/main.79e9a9ca.js:2:4446043)
    at vu (https://runtime-assets.adalo.com/static/js/main.79e9a9ca.js:2:4445971)
    at yu (https://runtime-assets.adalo.com/static/js/main.79e9a9ca.js:2:4445834)
    at uu (https://runtime-assets.adalo.com/static/js/main.79e9a9ca.js:2:4442950)
    at Wo (https://runtime-assets.adalo.com/static/js/main.79e9a9ca.js:2:4383545)
    at https://runtime-assets.adalo.com/static/js/main.79e9a9ca.js:2:4440547 {"source":{"type":"field","source":{"type":"data","tableId":"t_5fi9vn22j1ibyg3p7mizk8hlm","dataType":"object","selector":{"type":"SELECT_VALUE_SELECTOR","selectObjectId":"1d1eqqw7ub6ghlz5ltyfykwui"},"datasourceId":"a1ab1856443b44fcbe8d838f7fcfa88b"},"fieldId":"rawconferencelist_id","dataType":"number"}} @ https://runtime-assets.adalo.com/static/js/main.79e9a9ca.js:1
[   87483ms] [WARNING] SKIPPING ERRONEOUS DEPENDENCY Error: Selector failed: {"type":"SELECT_VALUE_SELECTOR","selectObjectId":"1d1eqqw7ub6ghlz5ltyfykwui"}
    at G (https://runtime-assets.adalo.com/static/js/main.79e9a9ca.js:2:468532)
    at t.getDependencies (https://runtime-assets.adalo.com/static/js/main.79e9a9ca.js:2:467260)
    at L.isManuallyPaginated (https://runtime-assets.adalo.com/static/js/main.79e9a9ca.js:2:348848)
    at L.render (https://runtime-assets.adalo.com/static/js/main.79e9a9ca.js:2:244984)
    at Ds (https://runtime-assets.adalo.com/static/js/main.79e9a9ca.js:2:4414574)
    at Ls (https://runtime-assets.adalo.com/static/js/main.79e9a9ca.js:2:4414370)
    at Ml (https://runtime-assets.adalo.com/static/js/main.79e9a9ca.js:2:4457902)
    at bu (https://runtime-assets.adalo.com/static/js/main.79e9a9ca.js:2:4446043)
    at vu (https://runtime-assets.adalo.com/static/js/main.79e9a9ca.js:2:4445971)
    at yu (https://runtime-assets.adalo.com/static/js/main.79e9a9ca.js:2:4445834)
    at uu (https://runtime-assets.adalo.com/static/js/main.79e9a9ca.js:2:4442950)
    at Wo (https://runtime-assets.adalo.com/static/js/main.79e9a9ca.js:2:4383545)
    at https://runtime-assets.adalo.com/static/js/main.79e9a9ca.js:2:4440547 {"source":{"type":"field","source":{"type":"data","tableId":"t_5fi9vn22j1ibyg3p7mizk8hlm","dataType":"object","selector":{"type":"SELECT_VALUE_SELECTOR","selectObjectId":"1d1eqqw7ub6ghlz5ltyfykwui"},"datasourceId":"a1ab1856443b44fcbe8d838f7fcfa88b"},"fieldId":"conference_name","dataType":"text"}} @ https://runtime-assets.adalo.com/static/js/main.79e9a9ca.js:1
[   87483ms] [WARNING] SKIPPING ERRONEOUS DEPENDENCY Error: Selector failed: {"type":"CURRENT_USER_SELECTOR"}
    at G (https://runtime-assets.adalo.com/static/js/main.79e9a9ca.js:2:468532)
    at t.getDependencies (https://runtime-assets.adalo.com/static/js/main.79e9a9ca.js:2:467260)
    at L.isManuallyPaginated (https://runtime-assets.adalo.com/static/js/main.79e9a9ca.js:2:348848)
    at L.render (https://runtime-assets.adalo.com/static/js/main.79e9a9ca.js:2:244984)
    at Ds (https://runtime-assets.adalo.com/static/js/main.79e9a9ca.js:2:4414574)
    at Ls (https://runtime-assets.adalo.com/static/js/main.79e9a9ca.js:2:4414370)
    at Ml (https://runtime-assets.adalo.com/static/js/main.79e9a9ca.js:2:4457902)
    at bu (https://runtime-assets.adalo.com/static/js/main.79e9a9ca.js:2:4446043)
    at vu (https://runtime-assets.adalo.com/static/js/main.79e9a9ca.js:2:4445971)
    at yu (https://runtime-assets.adalo.com/static/js/main.79e9a9ca.js:2:4445834)
    at uu (https://runtime-assets.adalo.com/static/js/main.79e9a9ca.js:2:4442950)
    at Wo (https://runtime-assets.adalo.com/static/js/main.79e9a9ca.js:2:4383545)
    at https://runtime-assets.adalo.com/static/js/main.79e9a9ca.js:2:4440547 {"id":"en0xhfc9kfg4dbn1n2pekc207","type":"binding","source":{"type":"field","source":{"type":"data","source":null,"tableId":"t_80c852bba70544a6a98079124dfc8e10","dataType":"object","selector":{"type":"CURRENT_USER_SELECTOR"},"datasourceId":"4dba133b22784a13b18b1a791cfdd211"},"fieldId":"remaining_credits","dataType":"number"},"options":{},"comparator":"<","comparison":"1","bindingType":"libraryProp"} @ https://runtime-assets.adalo.com/static/js/main.79e9a9ca.js:1
