[    1747ms] [WARNING] No deep link configuration found for alias "honeycombicp" @ https://runtime-assets.adalo.com/static/js/main.79e9a9ca.js:1
[    2396ms] [WARNING] SKIPPING ERRONEOUS DEPENDENCY Error: Selector failed: {"type":"CURRENT_USER_SELECTOR"}
    at G (https://runtime-assets.adalo.com/static/js/main.79e9a9ca.js:2:468532)
    at t.getDependencies (https://runtime-assets.adalo.com/static/js/main.79e9a9ca.js:2:467260)
    at J._getDependenciesWithoutTracing (https://runtime-assets.adalo.com/static/js/main.79e9a9ca.js:2:297148)
    at J.getDependencies (https://runtime-assets.adalo.com/static/js/main.79e9a9ca.js:2:594920)
    at J._setupWithoutTracing (https://runtime-assets.adalo.com/static/js/main.79e9a9ca.js:2:299863)
    at J.setup (https://runtime-assets.adalo.com/static/js/main.79e9a9ca.js:2:300624) {"id":"9l1trjd9is1eiosf1k9ne032z","type":"binding","source":{"type":"data","source":null,"tableId":"t_f934e091a4be46508109b6e772230b90","dataType":"object","selector":{"type":"CURRENT_USER_SELECTOR"},"datasourceId":"a1ab1856443b44fcbe8d838f7fcfa88b"},"options":{},"comparator":"!=","bindingType":"libraryProp"} @ https://runtime-assets.adalo.com/static/js/main.79e9a9ca.js:1
[    2397ms] [WARNING] SKIPPING ERRONEOUS DEPENDENCY Error: Selector failed: {"type":"CURRENT_USER_SELECTOR"}
    at G (https://runtime-assets.adalo.com/static/js/main.79e9a9ca.js:2:468532)
    at t.getDependencies (https://runtime-assets.adalo.com/static/js/main.79e9a9ca.js:2:467260)
    at J._getDependenciesWithoutTracing (https://runtime-assets.adalo.com/static/js/main.79e9a9ca.js:2:297148)
    at J.getDependencies (https://runtime-assets.adalo.com/static/js/main.79e9a9ca.js:2:594920)
    at J._setupWithoutTracing (https://runtime-assets.adalo.com/static/js/main.79e9a9ca.js:2:299933)
    at async J.setup (https://runtime-assets.adalo.com/static/js/main.79e9a9ca.js:2:300613) {"id":"9l1trjd9is1eiosf1k9ne032z","type":"binding","source":{"type":"data","source":null,"tableId":"t_f934e091a4be46508109b6e772230b90","dataType":"object","selector":{"type":"CURRENT_USER_SELECTOR"},"datasourceId":"a1ab1856443b44fcbe8d838f7fcfa88b"},"options":{},"comparator":"!=","bindingType":"libraryProp"} @ https://runtime-assets.adalo.com/static/js/main.79e9a9ca.js:1
[    2398ms] [WARNING] SKIPPING ERRONEOUS DEPENDENCY Error: Selector failed: {"type":"CURRENT_USER_SELECTOR"}
    at G (https://runtime-assets.adalo.com/static/js/main.79e9a9ca.js:2:468532)
    at t.getDependencies (https://runtime-assets.adalo.com/static/js/main.79e9a9ca.js:2:467260)
    at J._getDependenciesWithoutTracing (https://runtime-assets.adalo.com/static/js/main.79e9a9ca.js:2:297148)
    at J.getDependencies (https://runtime-assets.adalo.com/static/js/main.79e9a9ca.js:2:594920)
    at J.checkPagination (https://runtime-assets.adalo.com/static/js/main.79e9a9ca.js:2:302067)
    at J._setupWithoutTracing (https://runtime-assets.adalo.com/static/js/main.79e9a9ca.js:2:300501)
    at async J.setup (https://runtime-assets.adalo.com/static/js/main.79e9a9ca.js:2:300613) {"id":"9l1trjd9is1eiosf1k9ne032z","type":"binding","source":{"type":"data","source":null,"tableId":"t_f934e091a4be46508109b6e772230b90","dataType":"object","selector":{"type":"CURRENT_USER_SELECTOR"},"datasourceId":"a1ab1856443b44fcbe8d838f7fcfa88b"},"options":{},"comparator":"!=","bindingType":"libraryProp"} @ https://runtime-assets.adalo.com/static/js/main.79e9a9ca.js:1
[   30612ms] [WARNING] Animated: `useNativeDriver` is not supported because the native animated module is missing. Falling back to JS-based animation. To resolve this, add `RCTAnimation` module to this app, or remove `useNativeDriver`. Make sure to run `bundle exec pod install` first. Read more about autolinking: https://github.com/react-native-community/cli/blob/master/docs/autolinking.md @ https://runtime-assets.adalo.com/static/js/main.79e9a9ca.js:1
[   33811ms] [WARNING] SKIPPING ERRONEOUS DEPENDENCY Error: Selector failed: {"type":"SELECT_VALUE_SELECTOR","selectObjectId":"3bmmor6uwgy9d932vmz7r1pag"}
    at G (https://runtime-assets.adalo.com/static/js/main.79e9a9ca.js:2:468532)
    at t.getDependencies (https://runtime-assets.adalo.com/static/js/main.79e9a9ca.js:2:467260)
    at J._getDependenciesWithoutTracing (https://runtime-assets.adalo.com/static/js/main.79e9a9ca.js:2:297148)
    at J.getDependencies (https://runtime-assets.adalo.com/static/js/main.79e9a9ca.js:2:594920)
    at J._setupWithoutTracing (https://runtime-assets.adalo.com/static/js/main.79e9a9ca.js:2:299863)
    at J.setup (https://runtime-assets.adalo.com/static/js/main.79e9a9ca.js:2:300624) {"id":"02o8nb343950hbjoqc2inwpre","type":"binding","label":"Lead_Score","source":{"type":"field","source":{"type":"data","tableId":"t_61ne992eubatuoqw8vephoi4k","dataType":"object","selector":{"type":"SELECT_VALUE_SELECTOR","selectObjectId":"3bmmor6uwgy9d932vmz7r1pag"},"datasourceId":"a1ab1856443b44fcbe8d838f7fcfa88b"},"fieldId":"Lead_Score","dataType":"text"},"bindingType":"libraryProp","childBindings":[],"siblingBindings":["7dreyduxg9ir4u4rhkd7kr07o","ayotx6lhqnky41mxfo2kjmf1m","4dp782249h0711rfptxmxnusd","4mvcbyyuliu16qctjhix48n3p","8go2kx093yc9aq84obz0drpbn","3seiwl38vg3mupppxfl22pc9l","3fe5qxnpwys9a38imtxg72rs6","8emt3wss18kxafeq3ky4i6bnv","61ynvdvadst0xiqxwh6qaf0ig","auo12ynqkhthr6wafsoiivcz9","eqsrvb46v1cwfz2kmkzlw3f83","b3s4hvzs0o1qnb29akq9x4ccy","8kvegdbaklcu0jsi56tpdlt4o","5nzi2adqdpyyqy5v1izrzohw1","92qxmmj03fcllsv5o3tf9kbhw","bt2sevpq7gr4l9nk2rs6x7bpf","bycnteo1nswgjajhmvbmo3nh0","0421zdtq1ubjapbkyvh3k699z","5ukthu1xzlli7nf8gmo3665ry","3dtdyu0h8pozjs9tj5b869sy6","60d0i4jtiujjzw2vwtsafefr4","drgxhyyti591j7ksmrk6zuwnw","4dehw2mdedgcobf9zhvijl0t5","dz5zps63gbxp5myyzrc9z92pz","f0ffzw2sy8q9ba5jukhixd3a6","8t0vjvopwqyg6j0nestwt6fyh","dy623trvqq4cvdv38sr4q58cq","9iqh9rix6rw6qbk1pylpkv7w2","5o7ru0lg62b4yhz0x1oxbk2j3","5nelavgl9i8vdjqh6g50tfp93","abffcay8ga7fn36czpylhp8lt","6gxinx0kj3ihqahs05hlntgi9","ck6le21ojgx8cuq8pljec4wyb","bp046lttdgs1e7qv7c3ijlyuf","akomfad25k6xbfj6mh6iwwim0","997lxf1t87ur1ffizgl83e9zz","dje2eg4fju391wdgbe5u6clx6","94tk5zsodvhvlgqhjfqu4skzr","62xgbll0f89svjorj65mjmsyb","5csyxiashddwlojgulpgdxm6b","audbvo0lbv6sbeqatgtmjtaic","e2kigyvlciwvg85n1esrwbqry","alz9018ekdkr5er2836gqrbxb","29h77ojxav0qjkh8euoq88b4r","0hjln8c8nsca49gpugfxfz18g","2cl5ozyjiqfue0bzwys9s1ro3","emxx4s2lpt160v4dqsvsgz9ap","4w0meq26guhjxm1ml1ubil4b4"]} @ https://runtime-assets.adalo.com/static/js/main.79e9a9ca.js:1
[   33814ms] [WARNING] SKIPPING ERRONEOUS DEPENDENCY Error: Selector failed: {"type":"CURRENT_USER_SELECTOR"}
    at G (https://runtime-assets.adalo.com/static/js/main.79e9a9ca.js:2:468532)
    at t.getDependencies (https://runtime-assets.adalo.com/static/js/main.79e9a9ca.js:2:467260)
    at J._getDependenciesWithoutTracing (https://runtime-assets.adalo.com/static/js/main.79e9a9ca.js:2:297148)
    at J.getDependencies (https://runtime-assets.adalo.com/static/js/main.79e9a9ca.js:2:594920)
    at J._setupWithoutTracing (https://runtime-assets.adalo.com/static/js/main.79e9a9ca.js:2:299863)
    at J.setup (https://runtime-assets.adalo.com/static/js/main.79e9a9ca.js:2:300624) {"id":"7dreyduxg9ir4u4rhkd7kr07o","type":"binding","label":"name","source":{"type":"field","source":{"type":"data","source":null,"tableId":"t_80c852bba70544a6a98079124dfc8e10","dataType":"object","selector":{"type":"CURRENT_USER_SELECTOR"},"datasourceId":"4dba133b22784a13b18b1a791cfdd211"},"fieldId":"name","dataType":"text"},"bindingType":"libraryProp","childBindings":[],"siblingBindings":["ayotx6lhqnky41mxfo2kjmf1m","4dp782249h0711rfptxmxnusd","4mvcbyyuliu16qctjhix48n3p","8go2kx093yc9aq84obz0drpbn","3seiwl38vg3mupppxfl22pc9l","3fe5qxnpwys9a38imtxg72rs6","8emt3wss18kxafeq3ky4i6bnv","61ynvdvadst0xiqxwh6qaf0ig","auo12ynqkhthr6wafsoiivcz9","eqsrvb46v1cwfz2kmkzlw3f83","b3s4hvzs0o1qnb29akq9x4ccy","8kvegdbaklcu0jsi56tpdlt4o","5nzi2adqdpyyqy5v1izrzohw1","92qxmmj03fcllsv5o3tf9kbhw","bt2sevpq7gr4l9nk2rs6x7bpf","bycnteo1nswgjajhmvbmo3nh0","0421zdtq1ubjapbkyvh3k699z","5ukthu1xzlli7nf8gmo3665ry","3dtdyu0h8pozjs9tj5b869sy6","60d0i4jtiujjzw2vwtsafefr4","drgxhyyti591j7ksmrk6zuwnw","4dehw2mdedgcobf9zhvijl0t5","dz5zps63gbxp5myyzrc9z92pz","f0ffzw2sy8q9ba5jukhixd3a6","8t0vjvopwqyg6j0nestwt6fyh","02o8nb343950hbjoqc2inwpre","dy623trvqq4cvdv38sr4q58cq","9iqh9rix6rw6qbk1pylpkv7w2","5o7ru0lg62b4yhz0x1oxbk2j3","5nelavgl9i8vdjqh6g50tfp93","abffcay8ga7fn36czpylhp8lt","6gxinx0kj3ihqahs05hlntgi9","ck6le21ojgx8cuq8pljec4wyb","bp046lttdgs1e7qv7c3ijlyuf","akomfad25k6xbfj6mh6iwwim0","997lxf1t87ur1ffizgl83e9zz","dje2eg4fju391wdgbe5u6clx6","94tk5zsodvhvlgqhjfqu4skzr","62xgbll0f89svjorj65mjmsyb","5csyxiashddwlojgulpgdxm6b","audbvo0lbv6sbeqatgtmjtaic","e2kigyvlciwvg85n1esrwbqry","alz9018ekdkr5er2836gqrbxb","29h77ojxav0qjkh8euoq88b4r","0hjln8c8nsca49gpugfxfz18g","2cl5ozyjiqfue0bzwys9s1ro3","emxx4s2lpt160v4dqsvsgz9ap","4w0meq26guhjxm1ml1ubil4b4"]} @ https://runtime-assets.adalo.com/static/js/main.79e9a9ca.js:1
[   33815ms] [WARNING] SKIPPING ERRONEOUS DEPENDENCY Error: Selector failed: {"type":"SELECT_VALUE_SELECTOR","selectObjectId":"7w4vqjjkneryup0qx6nyd5sox"}
    at G (https://runtime-assets.adalo.com/static/js/main.79e9a9ca.js:2:468532)
    at t.getDependencies (https://runtime-assets.adalo.com/static/js/main.79e9a9ca.js:2:467260)
    at J._getDependenciesWithoutTracing (https://runtime-assets.adalo.com/static/js/main.79e9a9ca.js:2:297148)
    at J.getDependencies (https://runtime-assets.adalo.com/static/js/main.79e9a9ca.js:2:594920)
    at J._setupWithoutTracing (https://runtime-assets.adalo.com/static/js/main.79e9a9ca.js:2:299863)
    at J.setup (https://runtime-assets.adalo.com/static/js/main.79e9a9ca.js:2:300624) {"id":"9iqh9rix6rw6qbk1pylpkv7w2","type":"binding","label":"ID","format":{"type":"commas"},"source":{"type":"field","source":{"type":"data","tableId":"t_5idhcbl2zu1px4fff99qt26gw","dataType":"object","selector":{"type":"SELECT_VALUE_SELECTOR","selectObjectId":"7w4vqjjkneryup0qx6nyd5sox"},"datasourceId":"a1ab1856443b44fcbe8d838f7fcfa88b"},"fieldId":"id","dataType":"number"},"bindingType":"libraryProp","childBindings":[],"siblingBindings":["7dreyduxg9ir4u4rhkd7kr07o","ayotx6lhqnky41mxfo2kjmf1m","4dp782249h0711rfptxmxnusd","4mvcbyyuliu16qctjhix48n3p","8go2kx093yc9aq84obz0drpbn","3seiwl38vg3mupppxfl22pc9l","3fe5qxnpwys9a38imtxg72rs6","8emt3wss18kxafeq3ky4i6bnv","61ynvdvadst0xiqxwh6qaf0ig","auo12ynqkhthr6wafsoiivcz9","eqsrvb46v1cwfz2kmkzlw3f83","b3s4hvzs0o1qnb29akq9x4ccy","8kvegdbaklcu0jsi56tpdlt4o","5nzi2adqdpyyqy5v1izrzohw1","92qxmmj03fcllsv5o3tf9kbhw","bt2sevpq7gr4l9nk2rs6x7bpf","bycnteo1nswgjajhmvbmo3nh0","0421zdtq1ubjapbkyvh3k699z","5ukthu1xzlli7nf8gmo3665ry","3dtdyu0h8pozjs9tj5b869sy6","60d0i4jtiujjzw2vwtsafefr4","drgxhyyti591j7ksmrk6zuwnw","4dehw2mdedgcobf9zhvijl0t5","dz5zps63gbxp5myyzrc9z92pz","f0ffzw2sy8q9ba5jukhixd3a6","8t0vjvopwqyg6j0nestwt6fyh","02o8nb343950hbjoqc2inwpre","dy623trvqq4cvdv38sr4q58cq","5o7ru0lg62b4yhz0x1oxbk2j3","5nelavgl9i8vdjqh6g50tfp93","abffcay8ga7fn36czpylhp8lt","6gxinx0kj3ihqahs05hlntgi9","ck6le21ojgx8cuq8pljec4wyb","bp046lttdgs1e7qv7c3ijlyuf","akomfad25k6xbfj6mh6iwwim0","997lxf1t87ur1ffizgl83e9zz","dje2eg4fju391wdgbe5u6clx6","94tk5zsodvhvlgqhjfqu4skzr","62xgbll0f89svjorj65mjmsyb","5csyxiashddwlojgulpgdxm6b","audbvo0lbv6sbeqatgtmjtaic","e2kigyvlciwvg85n1esrwbqry","alz9018ekdkr5er2836gqrbxb","29h77ojxav0qjkh8euoq88b4r","0hjln8c8nsca49gpugfxfz18g","2cl5ozyjiqfue0bzwys9s1ro3","emxx4s2lpt160v4dqsvsgz9ap","4w0meq26guhjxm1ml1ubil4b4"]} @ https://runtime-assets.adalo.com/static/js/main.79e9a9ca.js:1
[   33817ms] [WARNING] SKIPPING ERRONEOUS DEPENDENCY Error: Selector failed: {"type":"SELECT_VALUE_SELECTOR","selectObjectId":"1d1eqqw7ub6ghlz5ltyfykwui"}
    at G (https://runtime-assets.adalo.com/static/js/main.79e9a9ca.js:2:468532)
    at t.getDependencies (https://runtime-assets.adalo.com/static/js/main.79e9a9ca.js:2:467260)
    at J._getDependenciesWithoutTracing (https://runtime-assets.adalo.com/static/js/main.79e9a9ca.js:2:297148)
    at J.getDependencies (https://runtime-assets.adalo.com/static/js/main.79e9a9ca.js:2:594920)
    at J._setupWithoutTracing (https://runtime-assets.adalo.com/static/js/main.79e9a9ca.js:2:299863)
    at J.setup (https://runtime-assets.adalo.com/static/js/main.79e9a9ca.js:2:300624) {"id":"5784tdv70verd4m24w9964bg7","type":"binding","label":"conference_name","source":{"type":"field","source":{"type":"data","tableId":"t_5fi9vn22j1ibyg3p7mizk8hlm","dataType":"object","selector":{"type":"SELECT_VALUE_SELECTOR","selectObjectId":"1d1eqqw7ub6ghlz5ltyfykwui"},"datasourceId":"a1ab1856443b44fcbe8d838f7fcfa88b"},"fieldId":"conference_name","dataType":"text"},"bindingType":"libraryProp"} @ https://runtime-assets.adalo.com/static/js/main.79e9a9ca.js:1
[   33817ms] [WARNING] SKIPPING ERRONEOUS DEPENDENCY Error: Selector failed: {"type":"SELECT_VALUE_SELECTOR","selectObjectId":"1d1eqqw7ub6ghlz5ltyfykwui"}
    at G (https://runtime-assets.adalo.com/static/js/main.79e9a9ca.js:2:468532)
    at t.getDependencies (https://runtime-assets.adalo.com/static/js/main.79e9a9ca.js:2:467260)
    at J._getDependenciesWithoutTracing (https://runtime-assets.adalo.com/static/js/main.79e9a9ca.js:2:297148)
    at J.getDependencies (https://runtime-assets.adalo.com/static/js/main.79e9a9ca.js:2:594920)
    at J._setupWithoutTracing (https://runtime-assets.adalo.com/static/js/main.79e9a9ca.js:2:299863)
    at J.setup (https://runtime-assets.adalo.com/static/js/main.79e9a9ca.js:2:300624) {"id":"2eo1n1hgrwy23q7u805um8qid","type":"binding","format":{"type":"commas"},"source":{"type":"field","source":{"type":"data","tableId":"t_5fi9vn22j1ibyg3p7mizk8hlm","dataType":"object","selector":{"type":"SELECT_VALUE_SELECTOR","selectObjectId":"1d1eqqw7ub6ghlz5ltyfykwui"},"datasourceId":"a1ab1856443b44fcbe8d838f7fcfa88b"},"fieldId":"rawconferencelist_id","dataType":"number"},"bindingType":"libraryProp"} @ https://runtime-assets.adalo.com/static/js/main.79e9a9ca.js:1
[   33817ms] [WARNING] SKIPPING ERRONEOUS DEPENDENCY Error: Selector failed: {"type":"SELECT_VALUE_SELECTOR","selectObjectId":"1d1eqqw7ub6ghlz5ltyfykwui"}
    at G (https://runtime-assets.adalo.com/static/js/main.79e9a9ca.js:2:468532)
    at t.getDependencies (https://runtime-assets.adalo.com/static/js/main.79e9a9ca.js:2:467260)
    at J._getDependenciesWithoutTracing (https://runtime-assets.adalo.com/static/js/main.79e9a9ca.js:2:297148)
    at J.getDependencies (https://runtime-assets.adalo.com/static/js/main.79e9a9ca.js:2:594920)
    at J._setupWithoutTracing (https://runtime-assets.adalo.com/static/js/main.79e9a9ca.js:2:299863)
    at J.setup (https://runtime-assets.adalo.com/static/js/main.79e9a9ca.js:2:300624) {"source":{"type":"field","source":{"type":"data","tableId":"t_5fi9vn22j1ibyg3p7mizk8hlm","dataType":"object","selector":{"type":"SELECT_VALUE_SELECTOR","selectObjectId":"1d1eqqw7ub6ghlz5ltyfykwui"},"datasourceId":"a1ab1856443b44fcbe8d838f7fcfa88b"},"fieldId":"rawconferencelist_id","dataType":"number"}} @ https://runtime-assets.adalo.com/static/js/main.79e9a9ca.js:1
[   33817ms] [WARNING] SKIPPING ERRONEOUS DEPENDENCY Error: Selector failed: {"type":"SELECT_VALUE_SELECTOR","selectObjectId":"1d1eqqw7ub6ghlz5ltyfykwui"}
    at G (https://runtime-assets.adalo.com/static/js/main.79e9a9ca.js:2:468532)
    at t.getDependencies (https://runtime-assets.adalo.com/static/js/main.79e9a9ca.js:2:467260)
    at J._getDependenciesWithoutTracing (https://runtime-assets.adalo.com/static/js/main.79e9a9ca.js:2:297148)
    at J.getDependencies (https://runtime-assets.adalo.com/static/js/main.79e9a9ca.js:2:594920)
    at J._setupWithoutTracing (https://runtime-assets.adalo.com/static/js/main.79e9a9ca.js:2:299863)
    at J.setup (https://runtime-assets.adalo.com/static/js/main.79e9a9ca.js:2:300624) {"source":{"type":"field","source":{"type":"data","tableId":"t_5fi9vn22j1ibyg3p7mizk8hlm","dataType":"object","selector":{"type":"SELECT_VALUE_SELECTOR","selectObjectId":"1d1eqqw7ub6ghlz5ltyfykwui"},"datasourceId":"a1ab1856443b44fcbe8d838f7fcfa88b"},"fieldId":"conference_name","dataType":"text"}} @ https://runtime-assets.adalo.com/static/js/main.79e9a9ca.js:1
[   33817ms] [WARNING] SKIPPING ERRONEOUS DEPENDENCY Error: Selector failed: {"type":"CURRENT_USER_SELECTOR"}
    at G (https://runtime-assets.adalo.com/static/js/main.79e9a9ca.js:2:468532)
    at t.getDependencies (https://runtime-assets.adalo.com/static/js/main.79e9a9ca.js:2:467260)
    at J._getDependenciesWithoutTracing (https://runtime-assets.adalo.com/static/js/main.79e9a9ca.js:2:297148)
    at J.getDependencies (https://runtime-assets.adalo.com/static/js/main.79e9a9ca.js:2:594920)
    at J._setupWithoutTracing (https://runtime-assets.adalo.com/static/js/main.79e9a9ca.js:2:299863)
    at J.setup (https://runtime-assets.adalo.com/static/js/main.79e9a9ca.js:2:300624) {"id":"en0xhfc9kfg4dbn1n2pekc207","type":"binding","source":{"type":"field","source":{"type":"data","source":null,"tableId":"t_80c852bba70544a6a98079124dfc8e10","dataType":"object","selector":{"type":"CURRENT_USER_SELECTOR"},"datasourceId":"4dba133b22784a13b18b1a791cfdd211"},"fieldId":"remaining_credits","dataType":"number"},"options":{},"comparator":"<","comparison":"1","bindingType":"libraryProp"} @ https://runtime-assets.adalo.com/static/js/main.79e9a9ca.js:1
[   34536ms] [ERROR] Failed to load resource: the server responded with a status of 400 (Bad Request) @ https://database-red.adalo.com/databases/4dba133b22784a13b18b1a791cfdd211/tables/t_7cfhzw9ravcntcmv87pchvzyb?appId=bc42cf0d-5f14-4b90-bf2f-262a1cb9bf04&componentId=3ttxbity0qf2mn7bkvyvxhww7&bindingIds=0421zdtq1ubjapbkyvh3k699z&imageMeta=true&evaluateBindings=true&include=&counts=:0
[   34543ms] Uncaught (in promise) AxiosError: Request failed with status code 400
    at Ee (https://runtime-assets.adalo.com/static/js/main.79e9a9ca.js:1:17538)
    at g (https://runtime-assets.adalo.com/static/js/main.79e9a9ca.js:1:21986)
[   34715ms] [ERROR] Failed to load resource: the server responded with a status of 400 (Bad Request) @ https://database-red.adalo.com/databases/4dba133b22784a13b18b1a791cfdd211/tables/t_7u8fbbqzfe3e540rylci6hlu1?appId=bc42cf0d-5f14-4b90-bf2f-262a1cb9bf04&componentId=3ttxbity0qf2mn7bkvyvxhww7&bindingIds=bycnteo1nswgjajhmvbmo3nh0&imageMeta=true&evaluateBindings=true&include=&counts=:0
[   37067ms] [WARNING] SKIPPING ERRONEOUS DEPENDENCY Error: Selector failed: {"type":"SELECT_VALUE_SELECTOR","selectObjectId":"3bmmor6uwgy9d932vmz7r1pag"}
    at G (https://runtime-assets.adalo.com/static/js/main.79e9a9ca.js:2:468532)
    at t.getDependencies (https://runtime-assets.adalo.com/static/js/main.79e9a9ca.js:2:467260)
    at L.isManuallyPaginated (https://runtime-assets.adalo.com/static/js/main.79e9a9ca.js:2:348848)
    at L.render (https://runtime-assets.adalo.com/static/js/main.79e9a9ca.js:2:244984)
    at Ds (https://runtime-assets.adalo.com/static/js/main.79e9a9ca.js:2:4414574)
    at Ls (https://runtime-assets.adalo.com/static/js/main.79e9a9ca.js:2:4414370)
    at Ml (https://runtime-assets.adalo.com/static/js/main.79e9a9ca.js:2:4457902)
    at bu (https://runtime-assets.adalo.com/static/js/main.79e9a9ca.js:2:4446043)
    at vu (https://runtime-assets.adalo.com/static/js/main.79e9a9ca.js:2:4445971)
    at yu (https://runtime-assets.adalo.com/static/js/main.79e9a9ca.js:2:4445834)
    at uu (https://runtime-assets.adalo.com/static/js/main.79e9a9ca.js:2:4442950)
    at Wo (https://runtime-assets.adalo.com/static/js/main.79e9a9ca.js:2:4383545)
    at https://runtime-assets.adalo.com/static/js/main.79e9a9ca.js:2:4440547 {"id":"02o8nb343950hbjoqc2inwpre","type":"binding","label":"Lead_Score","source":{"type":"field","source":{"type":"data","tableId":"t_61ne992eubatuoqw8vephoi4k","dataType":"object","selector":{"type":"SELECT_VALUE_SELECTOR","selectObjectId":"3bmmor6uwgy9d932vmz7r1pag"},"datasourceId":"a1ab1856443b44fcbe8d838f7fcfa88b"},"fieldId":"Lead_Score","dataType":"text"},"bindingType":"libraryProp","childBindings":[],"siblingBindings":["7dreyduxg9ir4u4rhkd7kr07o","ayotx6lhqnky41mxfo2kjmf1m","4dp782249h0711rfptxmxnusd","4mvcbyyuliu16qctjhix48n3p","8go2kx093yc9aq84obz0drpbn","3seiwl38vg3mupppxfl22pc9l","3fe5qxnpwys9a38imtxg72rs6","8emt3wss18kxafeq3ky4i6bnv","61ynvdvadst0xiqxwh6qaf0ig","auo12ynqkhthr6wafsoiivcz9","eqsrvb46v1cwfz2kmkzlw3f83","b3s4hvzs0o1qnb29akq9x4ccy","8kvegdbaklcu0jsi56tpdlt4o","5nzi2adqdpyyqy5v1izrzohw1","92qxmmj03fcllsv5o3tf9kbhw","bt2sevpq7gr4l9nk2rs6x7bpf","bycnteo1nswgjajhmvbmo3nh0","0421zdtq1ubjapbkyvh3k699z","5ukthu1xzlli7nf8gmo3665ry","3dtdyu0h8pozjs9tj5b869sy6","60d0i4jtiujjzw2vwtsafefr4","drgxhyyti591j7ksmrk6zuwnw","4dehw2mdedgcobf9zhvijl0t5","dz5zps63gbxp5myyzrc9z92pz","f0ffzw2sy8q9ba5jukhixd3a6","8t0vjvopwqyg6j0nestwt6fyh","dy623trvqq4cvdv38sr4q58cq","9iqh9rix6rw6qbk1pylpkv7w2","5o7ru0lg62b4yhz0x1oxbk2j3","5nelavgl9i8vdjqh6g50tfp93","abffcay8ga7fn36czpylhp8lt","6gxinx0kj3ihqahs05hlntgi9","ck6le21ojgx8cuq8pljec4wyb","bp046lttdgs1e7qv7c3ijlyuf","akomfad25k6xbfj6mh6iwwim0","997lxf1t87ur1ffizgl83e9zz","dje2eg4fju391wdgbe5u6clx6","94tk5zsodvhvlgqhjfqu4skzr","62xgbll0f89svjorj65mjmsyb","5csyxiashddwlojgulpgdxm6b","audbvo0lbv6sbeqatgtmjtaic","e2kigyvlciwvg85n1esrwbqry","alz9018ekdkr5er2836gqrbxb","29h77ojxav0qjkh8euoq88b4r","0hjln8c8nsca49gpugfxfz18g","2cl5ozyjiqfue0bzwys9s1ro3","emxx4s2lpt160v4dqsvsgz9ap","4w0meq26guhjxm1ml1ubil4b4"]} @ https://runtime-assets.adalo.com/static/js/main.79e9a9ca.js:1
[   37069ms] [WARNING] SKIPPING ERRONEOUS DEPENDENCY Error: Selector failed: {"type":"CURRENT_USER_SELECTOR"}
    at G (https://runtime-assets.adalo.com/static/js/main.79e9a9ca.js:2:468532)
    at t.getDependencies (https://runtime-assets.adalo.com/static/js/main.79e9a9ca.js:2:467260)
    at L.isManuallyPaginated (https://runtime-assets.adalo.com/static/js/main.79e9a9ca.js:2:348848)
    at L.render (https://runtime-assets.adalo.com/static/js/main.79e9a9ca.js:2:244984)
    at Ds (https://runtime-assets.adalo.com/static/js/main.79e9a9ca.js:2:4414574)
    at Ls (https://runtime-assets.adalo.com/static/js/main.79e9a9ca.js:2:4414370)
    at Ml (https://runtime-assets.adalo.com/static/js/main.79e9a9ca.js:2:4457902)
    at bu (https://runtime-assets.adalo.com/static/js/main.79e9a9ca.js:2:4446043)
    at vu (https://runtime-assets.adalo.com/static/js/main.79e9a9ca.js:2:4445971)
    at yu (https://runtime-assets.adalo.com/static/js/main.79e9a9ca.js:2:4445834)
    at uu (https://runtime-assets.adalo.com/static/js/main.79e9a9ca.js:2:4442950)
    at Wo (https://runtime-assets.adalo.com/static/js/main.79e9a9ca.js:2:4383545)
    at https://runtime-assets.adalo.com/static/js/main.79e9a9ca.js:2:4440547 {"id":"7dreyduxg9ir4u4rhkd7kr07o","type":"binding","label":"name","source":{"type":"field","source":{"type":"data","source":null,"tableId":"t_80c852bba70544a6a98079124dfc8e10","dataType":"object","selector":{"type":"CURRENT_USER_SELECTOR"},"datasourceId":"4dba133b22784a13b18b1a791cfdd211"},"fieldId":"name","dataType":"text"},"bindingType":"libraryProp","childBindings":[],"siblingBindings":["ayotx6lhqnky41mxfo2kjmf1m","4dp782249h0711rfptxmxnusd","4mvcbyyuliu16qctjhix48n3p","8go2kx093yc9aq84obz0drpbn","3seiwl38vg3mupppxfl22pc9l","3fe5qxnpwys9a38imtxg72rs6","8emt3wss18kxafeq3ky4i6bnv","61ynvdvadst0xiqxwh6qaf0ig","auo12ynqkhthr6wafsoiivcz9","eqsrvb46v1cwfz2kmkzlw3f83","b3s4hvzs0o1qnb29akq9x4ccy","8kvegdbaklcu0jsi56tpdlt4o","5nzi2adqdpyyqy5v1izrzohw1","92qxmmj03fcllsv5o3tf9kbhw","bt2sevpq7gr4l9nk2rs6x7bpf","bycnteo1nswgjajhmvbmo3nh0","0421zdtq1ubjapbkyvh3k699z","5ukthu1xzlli7nf8gmo3665ry","3dtdyu0h8pozjs9tj5b869sy6","60d0i4jtiujjzw2vwtsafefr4","drgxhyyti591j7ksmrk6zuwnw","4dehw2mdedgcobf9zhvijl0t5","dz5zps63gbxp5myyzrc9z92pz","f0ffzw2sy8q9ba5jukhixd3a6","8t0vjvopwqyg6j0nestwt6fyh","02o8nb343950hbjoqc2inwpre","dy623trvqq4cvdv38sr4q58cq","9iqh9rix6rw6qbk1pylpkv7w2","5o7ru0lg62b4yhz0x1oxbk2j3","5nelavgl9i8vdjqh6g50tfp93","abffcay8ga7fn36czpylhp8lt","6gxinx0kj3ihqahs05hlntgi9","ck6le21ojgx8cuq8pljec4wyb","bp046lttdgs1e7qv7c3ijlyuf","akomfad25k6xbfj6mh6iwwim0","997lxf1t87ur1ffizgl83e9zz","dje2eg4fju391wdgbe5u6clx6","94tk5zsodvhvlgqhjfqu4skzr","62xgbll0f89svjorj65mjmsyb","5csyxiashddwlojgulpgdxm6b","audbvo0lbv6sbeqatgtmjtaic","e2kigyvlciwvg85n1esrwbqry","alz9018ekdkr5er2836gqrbxb","29h77ojxav0qjkh8euoq88b4r","0hjln8c8nsca49gpugfxfz18g","2cl5ozyjiqfue0bzwys9s1ro3","emxx4s2lpt160v4dqsvsgz9ap","4w0meq26guhjxm1ml1ubil4b4"]} @ https://runtime-assets.adalo.com/static/js/main.79e9a9ca.js:1
[   37069ms] [WARNING] SKIPPING ERRONEOUS DEPENDENCY Error: Selector failed: {"type":"SELECT_VALUE_SELECTOR","selectObjectId":"7w4vqjjkneryup0qx6nyd5sox"}
    at G (https://runtime-assets.adalo.com/static/js/main.79e9a9ca.js:2:468532)
    at t.getDependencies (https://runtime-assets.adalo.com/static/js/main.79e9a9ca.js:2:467260)
    at L.isManuallyPaginated (https://runtime-assets.adalo.com/static/js/main.79e9a9ca.js:2:348848)
    at L.render (https://runtime-assets.adalo.com/static/js/main.79e9a9ca.js:2:244984)
    at Ds (https://runtime-assets.adalo.com/static/js/main.79e9a9ca.js:2:4414574)
    at Ls (https://runtime-assets.adalo.com/static/js/main.79e9a9ca.js:2:4414370)
    at Ml (https://runtime-assets.adalo.com/static/js/main.79e9a9ca.js:2:4457902)
    at bu (https://runtime-assets.adalo.com/static/js/main.79e9a9ca.js:2:4446043)
    at vu (https://runtime-assets.adalo.com/static/js/main.79e9a9ca.js:2:4445971)
    at yu (https://runtime-assets.adalo.com/static/js/main.79e9a9ca.js:2:4445834)
    at uu (https://runtime-assets.adalo.com/static/js/main.79e9a9ca.js:2:4442950)
    at Wo (https://runtime-assets.adalo.com/static/js/main.79e9a9ca.js:2:4383545)
    at https://runtime-assets.adalo.com/static/js/main.79e9a9ca.js:2:4440547 {"id":"9iqh9rix6rw6qbk1pylpkv7w2","type":"binding","label":"ID","format":{"type":"commas"},"source":{"type":"field","source":{"type":"data","tableId":"t_5idhcbl2zu1px4fff99qt26gw","dataType":"object","selector":{"type":"SELECT_VALUE_SELECTOR","selectObjectId":"7w4vqjjkneryup0qx6nyd5sox"},"datasourceId":"a1ab1856443b44fcbe8d838f7fcfa88b"},"fieldId":"id","dataType":"number"},"bindingType":"libraryProp","childBindings":[],"siblingBindings":["7dreyduxg9ir4u4rhkd7kr07o","ayotx6lhqnky41mxfo2kjmf1m","4dp782249h0711rfptxmxnusd","4mvcbyyuliu16qctjhix48n3p","8go2kx093yc9aq84obz0drpbn","3seiwl38vg3mupppxfl22pc9l","3fe5qxnpwys9a38imtxg72rs6","8emt3wss18kxafeq3ky4i6bnv","61ynvdvadst0xiqxwh6qaf0ig","auo12ynqkhthr6wafsoiivcz9","eqsrvb46v1cwfz2kmkzlw3f83","b3s4hvzs0o1qnb29akq9x4ccy","8kvegdbaklcu0jsi56tpdlt4o","5nzi2adqdpyyqy5v1izrzohw1","92qxmmj03fcllsv5o3tf9kbhw","bt2sevpq7gr4l9nk2rs6x7bpf","bycnteo1nswgjajhmvbmo3nh0","0421zdtq1ubjapbkyvh3k699z","5ukthu1xzlli7nf8gmo3665ry","3dtdyu0h8pozjs9tj5b869sy6","60d0i4jtiujjzw2vwtsafefr4","drgxhyyti591j7ksmrk6zuwnw","4dehw2mdedgcobf9zhvijl0t5","dz5zps63gbxp5myyzrc9z92pz","f0ffzw2sy8q9ba5jukhixd3a6","8t0vjvopwqyg6j0nestwt6fyh","02o8nb343950hbjoqc2inwpre","dy623trvqq4cvdv38sr4q58cq","5o7ru0lg62b4yhz0x1oxbk2j3","5nelavgl9i8vdjqh6g50tfp93","abffcay8ga7fn36czpylhp8lt","6gxinx0kj3ihqahs05hlntgi9","ck6le21ojgx8cuq8pljec4wyb","bp046lttdgs1e7qv7c3ijlyuf","akomfad25k6xbfj6mh6iwwim0","997lxf1t87ur1ffizgl83e9zz","dje2eg4fju391wdgbe5u6clx6","94tk5zsodvhvlgqhjfqu4skzr","62xgbll0f89svjorj65mjmsyb","5csyxiashddwlojgulpgdxm6b","audbvo0lbv6sbeqatgtmjtaic","e2kigyvlciwvg85n1esrwbqry","alz9018ekdkr5er2836gqrbxb","29h77ojxav0qjkh8euoq88b4r","0hjln8c8nsca49gpugfxfz18g","2cl5ozyjiqfue0bzwys9s1ro3","emxx4s2lpt160v4dqsvsgz9ap","4w0meq26guhjxm1ml1ubil4b4"]} @ https://runtime-assets.adalo.com/static/js/main.79e9a9ca.js:1
[   37070ms] [WARNING] SKIPPING ERRONEOUS DEPENDENCY Error: Selector failed: {"type":"SELECT_VALUE_SELECTOR","selectObjectId":"1d1eqqw7ub6ghlz5ltyfykwui"}
    at G (https://runtime-assets.adalo.com/static/js/main.79e9a9ca.js:2:468532)
    at t.getDependencies (https://runtime-assets.adalo.com/static/js/main.79e9a9ca.js:2:467260)
    at L.isManuallyPaginated (https://runtime-assets.adalo.com/static/js/main.79e9a9ca.js:2:348848)
    at L.render (https://runtime-assets.adalo.com/static/js/main.79e9a9ca.js:2:244984)
    at Ds (https://runtime-assets.adalo.com/static/js/main.79e9a9ca.js:2:4414574)
    at Ls (https://runtime-assets.adalo.com/static/js/main.79e9a9ca.js:2:4414370)
    at Ml (https://runtime-assets.adalo.com/static/js/main.79e9a9ca.js:2:4457902)
    at bu (https://runtime-assets.adalo.com/static/js/main.79e9a9ca.js:2:4446043)
    at vu (https://runtime-assets.adalo.com/static/js/main.79e9a9ca.js:2:4445971)
    at yu (https://runtime-assets.adalo.com/static/js/main.79e9a9ca.js:2:4445834)
    at uu (https://runtime-assets.adalo.com/static/js/main.79e9a9ca.js:2:4442950)
    at Wo (https://runtime-assets.adalo.com/static/js/main.79e9a9ca.js:2:4383545)
    at https://runtime-assets.adalo.com/static/js/main.79e9a9ca.js:2:4440547 {"id":"5784tdv70verd4m24w9964bg7","type":"binding","label":"conference_name","source":{"type":"field","source":{"type":"data","tableId":"t_5fi9vn22j1ibyg3p7mizk8hlm","dataType":"object","selector":{"type":"SELECT_VALUE_SELECTOR","selectObjectId":"1d1eqqw7ub6ghlz5ltyfykwui"},"datasourceId":"a1ab1856443b44fcbe8d838f7fcfa88b"},"fieldId":"conference_name","dataType":"text"},"bindingType":"libraryProp"} @ https://runtime-assets.adalo.com/static/js/main.79e9a9ca.js:1
[   37070ms] [WARNING] SKIPPING ERRONEOUS DEPENDENCY Error: Selector failed: {"type":"SELECT_VALUE_SELECTOR","selectObjectId":"1d1eqqw7ub6ghlz5ltyfykwui"}
    at G (https://runtime-assets.adalo.com/static/js/main.79e9a9ca.js:2:468532)
    at t.getDependencies (https://runtime-assets.adalo.com/static/js/main.79e9a9ca.js:2:467260)
    at L.isManuallyPaginated (https://runtime-assets.adalo.com/static/js/main.79e9a9ca.js:2:348848)
    at L.render (https://runtime-assets.adalo.com/static/js/main.79e9a9ca.js:2:244984)
    at Ds (https://runtime-assets.adalo.com/static/js/main.79e9a9ca.js:2:4414574)
    at Ls (https://runtime-assets.adalo.com/static/js/main.79e9a9ca.js:2:4414370)
    at Ml (https://runtime-assets.adalo.com/static/js/main.79e9a9ca.js:2:4457902)
    at bu (https://runtime-assets.adalo.com/static/js/main.79e9a9ca.js:2:4446043)
    at vu (https://runtime-assets.adalo.com/static/js/main.79e9a9ca.js:2:4445971)
    at yu (https://runtime-assets.adalo.com/static/js/main.79e9a9ca.js:2:4445834)
    at uu (https://runtime-assets.adalo.com/static/js/main.79e9a9ca.js:2:4442950)
    at Wo (https://runtime-assets.adalo.com/static/js/main.79e9a9ca.js:2:4383545)
    at https://runtime-assets.adalo.com/static/js/main.79e9a9ca.js:2:4440547 {"id":"2eo1n1hgrwy23q7u805um8qid","type":"binding","format":{"type":"commas"},"source":{"type":"field","source":{"type":"data","tableId":"t_5fi9vn22j1ibyg3p7mizk8hlm","dataType":"object","selector":{"type":"SELECT_VALUE_SELECTOR","selectObjectId":"1d1eqqw7ub6ghlz5ltyfykwui"},"datasourceId":"a1ab1856443b44fcbe8d838f7fcfa88b"},"fieldId":"rawconferencelist_id","dataType":"number"},"bindingType":"libraryProp"} @ https://runtime-assets.adalo.com/static/js/main.79e9a9ca.js:1
[   37071ms] [WARNING] SKIPPING ERRONEOUS DEPENDENCY Error: Selector failed: {"type":"SELECT_VALUE_SELECTOR","selectObjectId":"1d1eqqw7ub6ghlz5ltyfykwui"}
    at G (https://runtime-assets.adalo.com/static/js/main.79e9a9ca.js:2:468532)
    at t.getDependencies (https://runtime-assets.adalo.com/static/js/main.79e9a9ca.js:2:467260)
    at L.isManuallyPaginated (https://runtime-assets.adalo.com/static/js/main.79e9a9ca.js:2:348848)
    at L.render (https://runtime-assets.adalo.com/static/js/main.79e9a9ca.js:2:244984)
    at Ds (https://runtime-assets.adalo.com/static/js/main.79e9a9ca.js:2:4414574)
    at Ls (https://runtime-assets.adalo.com/static/js/main.79e9a9ca.js:2:4414370)
    at Ml (https://runtime-assets.adalo.com/static/js/main.79e9a9ca.js:2:4457902)
    at bu (https://runtime-assets.adalo.com/static/js/main.79e9a9ca.js:2:4446043)
    at vu (https://runtime-assets.adalo.com/static/js/main.79e9a9ca.js:2:4445971)
    at yu (https://runtime-assets.adalo.com/static/js/main.79e9a9ca.js:2:4445834)
    at uu (https://runtime-assets.adalo.com/static/js/main.79e9a9ca.js:2:4442950)
    at Wo (https://runtime-assets.adalo.com/static/js/main.79e9a9ca.js:2:4383545)
    at https://runtime-assets.adalo.com/static/js/main.79e9a9ca.js:2:4440547 {"source":{"type":"field","source":{"type":"data","tableId":"t_5fi9vn22j1ibyg3p7mizk8hlm","dataType":"object","selector":{"type":"SELECT_VALUE_SELECTOR","selectObjectId":"1d1eqqw7ub6ghlz5ltyfykwui"},"datasourceId":"a1ab1856443b44fcbe8d838f7fcfa88b"},"fieldId":"rawconferencelist_id","dataType":"number"}} @ https://runtime-assets.adalo.com/static/js/main.79e9a9ca.js:1
[   37071ms] [WARNING] SKIPPING ERRONEOUS DEPENDENCY Error: Selector failed: {"type":"SELECT_VALUE_SELECTOR","selectObjectId":"1d1eqqw7ub6ghlz5ltyfykwui"}
    at G (https://runtime-assets.adalo.com/static/js/main.79e9a9ca.js:2:468532)
    at t.getDependencies (https://runtime-assets.adalo.com/static/js/main.79e9a9ca.js:2:467260)
    at L.isManuallyPaginated (https://runtime-assets.adalo.com/static/js/main.79e9a9ca.js:2:348848)
    at L.render (https://runtime-assets.adalo.com/static/js/main.79e9a9ca.js:2:244984)
    at Ds (https://runtime-assets.adalo.com/static/js/main.79e9a9ca.js:2:4414574)
    at Ls (https://runtime-assets.adalo.com/static/js/main.79e9a9ca.js:2:4414370)
    at Ml (https://runtime-assets.adalo.com/static/js/main.79e9a9ca.js:2:4457902)
    at bu (https://runtime-assets.adalo.com/static/js/main.79e9a9ca.js:2:4446043)
    at vu (https://runtime-assets.adalo.com/static/js/main.79e9a9ca.js:2:4445971)
    at yu (https://runtime-assets.adalo.com/static/js/main.79e9a9ca.js:2:4445834)
    at uu (https://runtime-assets.adalo.com/static/js/main.79e9a9ca.js:2:4442950)
    at Wo (https://runtime-assets.adalo.com/static/js/main.79e9a9ca.js:2:4383545)
    at https://runtime-assets.adalo.com/static/js/main.79e9a9ca.js:2:4440547 {"source":{"type":"field","source":{"type":"data","tableId":"t_5fi9vn22j1ibyg3p7mizk8hlm","dataType":"object","selector":{"type":"SELECT_VALUE_SELECTOR","selectObjectId":"1d1eqqw7ub6ghlz5ltyfykwui"},"datasourceId":"a1ab1856443b44fcbe8d838f7fcfa88b"},"fieldId":"conference_name","dataType":"text"}} @ https://runtime-assets.adalo.com/static/js/main.79e9a9ca.js:1
[   37071ms] [WARNING] SKIPPING ERRONEOUS DEPENDENCY Error: Selector failed: {"type":"CURRENT_USER_SELECTOR"}
    at G (https://runtime-assets.adalo.com/static/js/main.79e9a9ca.js:2:468532)
    at t.getDependencies (https://runtime-assets.adalo.com/static/js/main.79e9a9ca.js:2:467260)
    at L.isManuallyPaginated (https://runtime-assets.adalo.com/static/js/main.79e9a9ca.js:2:348848)
    at L.render (https://runtime-assets.adalo.com/static/js/main.79e9a9ca.js:2:244984)
    at Ds (https://runtime-assets.adalo.com/static/js/main.79e9a9ca.js:2:4414574)
    at Ls (https://runtime-assets.adalo.com/static/js/main.79e9a9ca.js:2:4414370)
    at Ml (https://runtime-assets.adalo.com/static/js/main.79e9a9ca.js:2:4457902)
    at bu (https://runtime-assets.adalo.com/static/js/main.79e9a9ca.js:2:4446043)
    at vu (https://runtime-assets.adalo.com/static/js/main.79e9a9ca.js:2:4445971)
    at yu (https://runtime-assets.adalo.com/static/js/main.79e9a9ca.js:2:4445834)
    at uu (https://runtime-assets.adalo.com/static/js/main.79e9a9ca.js:2:4442950)
    at Wo (https://runtime-assets.adalo.com/static/js/main.79e9a9ca.js:2:4383545)
    at https://runtime-assets.adalo.com/static/js/main.79e9a9ca.js:2:4440547 {"id":"en0xhfc9kfg4dbn1n2pekc207","type":"binding","source":{"type":"field","source":{"type":"data","source":null,"tableId":"t_80c852bba70544a6a98079124dfc8e10","dataType":"object","selector":{"type":"CURRENT_USER_SELECTOR"},"datasourceId":"4dba133b22784a13b18b1a791cfdd211"},"fieldId":"remaining_credits","dataType":"number"},"options":{},"comparator":"<","comparison":"1","bindingType":"libraryProp"} @ https://runtime-assets.adalo.com/static/js/main.79e9a9ca.js:1
[   37145ms] [WARNING] SKIPPING ERRONEOUS DEPENDENCY Error: Selector failed: {"type":"SELECT_VALUE_SELECTOR","selectObjectId":"3bmmor6uwgy9d932vmz7r1pag"}
    at G (https://runtime-assets.adalo.com/static/js/main.79e9a9ca.js:2:468532)
    at t.getDependencies (https://runtime-assets.adalo.com/static/js/main.79e9a9ca.js:2:467260)
    at L.isManuallyPaginated (https://runtime-assets.adalo.com/static/js/main.79e9a9ca.js:2:348848)
    at L.getCurrentPageItems (https://runtime-assets.adalo.com/static/js/main.79e9a9ca.js:2:243407)
    at L.componentDidMount (https://runtime-assets.adalo.com/static/js/main.79e9a9ca.js:2:244442)
    at wl (https://runtime-assets.adalo.com/static/js/main.79e9a9ca.js:2:4437772)
    at bl (https://runtime-assets.adalo.com/static/js/main.79e9a9ca.js:2:4437545)
    at _l (https://runtime-assets.adalo.com/static/js/main.79e9a9ca.js:2:4437081)
    at https://runtime-assets.adalo.com/static/js/main.79e9a9ca.js:2:4448918
    at Su (https://runtime-assets.adalo.com/static/js/main.79e9a9ca.js:2:4449433)
    at uu (https://runtime-assets.adalo.com/static/js/main.79e9a9ca.js:2:4443152)
    at Wo (https://runtime-assets.adalo.com/static/js/main.79e9a9ca.js:2:4383545)
    at https://runtime-assets.adalo.com/static/js/main.79e9a9ca.js:2:4440547 {"id":"02o8nb343950hbjoqc2inwpre","type":"binding","label":"Lead_Score","source":{"type":"field","source":{"type":"data","tableId":"t_61ne992eubatuoqw8vephoi4k","dataType":"object","selector":{"type":"SELECT_VALUE_SELECTOR","selectObjectId":"3bmmor6uwgy9d932vmz7r1pag"},"datasourceId":"a1ab1856443b44fcbe8d838f7fcfa88b"},"fieldId":"Lead_Score","dataType":"text"},"bindingType":"libraryProp","childBindings":[],"siblingBindings":["7dreyduxg9ir4u4rhkd7kr07o","ayotx6lhqnky41mxfo2kjmf1m","4dp782249h0711rfptxmxnusd","4mvcbyyuliu16qctjhix48n3p","8go2kx093yc9aq84obz0drpbn","3seiwl38vg3mupppxfl22pc9l","3fe5qxnpwys9a38imtxg72rs6","8emt3wss18kxafeq3ky4i6bnv","61ynvdvadst0xiqxwh6qaf0ig","auo12ynqkhthr6wafsoiivcz9","eqsrvb46v1cwfz2kmkzlw3f83","b3s4hvzs0o1qnb29akq9x4ccy","8kvegdbaklcu0jsi56tpdlt4o","5nzi2adqdpyyqy5v1izrzohw1","92qxmmj03fcllsv5o3tf9kbhw","bt2sevpq7gr4l9nk2rs6x7bpf","bycnteo1nswgjajhmvbmo3nh0","0421zdtq1ubjapbkyvh3k699z","5ukthu1xzlli7nf8gmo3665ry","3dtdyu0h8pozjs9tj5b869sy6","60d0i4jtiujjzw2vwtsafefr4","drgxhyyti591j7ksmrk6zuwnw","4dehw2mdedgcobf9zhvijl0t5","dz5zps63gbxp5myyzrc9z92pz","f0ffzw2sy8q9ba5jukhixd3a6","8t0vjvopwqyg6j0nestwt6fyh","dy623trvqq4cvdv38sr4q58cq","9iqh9rix6rw6qbk1pylpkv7w2","5o7ru0lg62b4yhz0x1oxbk2j3","5nelavgl9i8vdjqh6g50tfp93","abffcay8ga7fn36czpylhp8lt","6gxinx0kj3ihqahs05hlntgi9","ck6le21ojgx8cuq8pljec4wyb","bp046lttdgs1e7qv7c3ijlyuf","akomfad25k6xbfj6mh6iwwim0","997lxf1t87ur1ffizgl83e9zz","dje2eg4fju391wdgbe5u6clx6","94tk5zsodvhvlgqhjfqu4skzr","62xgbll0f89svjorj65mjmsyb","5csyxiashddwlojgulpgdxm6b","audbvo0lbv6sbeqatgtmjtaic","e2kigyvlciwvg85n1esrwbqry","alz9018ekdkr5er2836gqrbxb","29h77ojxav0qjkh8euoq88b4r","0hjln8c8nsca49gpugfxfz18g","2cl5ozyjiqfue0bzwys9s1ro3","emxx4s2lpt160v4dqsvsgz9ap","4w0meq26guhjxm1ml1ubil4b4"]} @ https://runtime-assets.adalo.com/static/js/main.79e9a9ca.js:1
[   37147ms] [WARNING] SKIPPING ERRONEOUS DEPENDENCY Error: Selector failed: {"type":"CURRENT_USER_SELECTOR"}
    at G (https://runtime-assets.adalo.com/static/js/main.79e9a9ca.js:2:468532)
    at t.getDependencies (https://runtime-assets.adalo.com/static/js/main.79e9a9ca.js:2:467260)
    at L.isManuallyPaginated (https://runtime-assets.adalo.com/static/js/main.79e9a9ca.js:2:348848)
    at L.getCurrentPageItems (https://runtime-assets.adalo.com/static/js/main.79e9a9ca.js:2:243407)
    at L.componentDidMount (https://runtime-assets.adalo.com/static/js/main.79e9a9ca.js:2:244442)
    at wl (https://runtime-assets.adalo.com/static/js/main.79e9a9ca.js:2:4437772)
    at bl (https://runtime-assets.adalo.com/static/js/main.79e9a9ca.js:2:4437545)
    at _l (https://runtime-assets.adalo.com/static/js/main.79e9a9ca.js:2:4437081)
    at https://runtime-assets.adalo.com/static/js/main.79e9a9ca.js:2:4448918
    at Su (https://runtime-assets.adalo.com/static/js/main.79e9a9ca.js:2:4449433)
    at uu (https://runtime-assets.adalo.com/static/js/main.79e9a9ca.js:2:4443152)
    at Wo (https://runtime-assets.adalo.com/static/js/main.79e9a9ca.js:2:4383545)
    at https://runtime-assets.adalo.com/static/js/main.79e9a9ca.js:2:4440547 {"id":"7dreyduxg9ir4u4rhkd7kr07o","type":"binding","label":"name","source":{"type":"field","source":{"type":"data","source":null,"tableId":"t_80c852bba70544a6a98079124dfc8e10","dataType":"object","selector":{"type":"CURRENT_USER_SELECTOR"},"datasourceId":"4dba133b22784a13b18b1a791cfdd211"},"fieldId":"name","dataType":"text"},"bindingType":"libraryProp","childBindings":[],"siblingBindings":["ayotx6lhqnky41mxfo2kjmf1m","4dp782249h0711rfptxmxnusd","4mvcbyyuliu16qctjhix48n3p","8go2kx093yc9aq84obz0drpbn","3seiwl38vg3mupppxfl22pc9l","3fe5qxnpwys9a38imtxg72rs6","8emt3wss18kxafeq3ky4i6bnv","61ynvdvadst0xiqxwh6qaf0ig","auo12ynqkhthr6wafsoiivcz9","eqsrvb46v1cwfz2kmkzlw3f83","b3s4hvzs0o1qnb29akq9x4ccy","8kvegdbaklcu0jsi56tpdlt4o","5nzi2adqdpyyqy5v1izrzohw1","92qxmmj03fcllsv5o3tf9kbhw","bt2sevpq7gr4l9nk2rs6x7bpf","bycnteo1nswgjajhmvbmo3nh0","0421zdtq1ubjapbkyvh3k699z","5ukthu1xzlli7nf8gmo3665ry","3dtdyu0h8pozjs9tj5b869sy6","60d0i4jtiujjzw2vwtsafefr4","drgxhyyti591j7ksmrk6zuwnw","4dehw2mdedgcobf9zhvijl0t5","dz5zps63gbxp5myyzrc9z92pz","f0ffzw2sy8q9ba5jukhixd3a6","8t0vjvopwqyg6j0nestwt6fyh","02o8nb343950hbjoqc2inwpre","dy623trvqq4cvdv38sr4q58cq","9iqh9rix6rw6qbk1pylpkv7w2","5o7ru0lg62b4yhz0x1oxbk2j3","5nelavgl9i8vdjqh6g50tfp93","abffcay8ga7fn36czpylhp8lt","6gxinx0kj3ihqahs05hlntgi9","ck6le21ojgx8cuq8pljec4wyb","bp046lttdgs1e7qv7c3ijlyuf","akomfad25k6xbfj6mh6iwwim0","997lxf1t87ur1ffizgl83e9zz","dje2eg4fju391wdgbe5u6clx6","94tk5zsodvhvlgqhjfqu4skzr","62xgbll0f89svjorj65mjmsyb","5csyxiashddwlojgulpgdxm6b","audbvo0lbv6sbeqatgtmjtaic","e2kigyvlciwvg85n1esrwbqry","alz9018ekdkr5er2836gqrbxb","29h77ojxav0qjkh8euoq88b4r","0hjln8c8nsca49gpugfxfz18g","2cl5ozyjiqfue0bzwys9s1ro3","emxx4s2lpt160v4dqsvsgz9ap","4w0meq26guhjxm1ml1ubil4b4"]} @ https://runtime-assets.adalo.com/static/js/main.79e9a9ca.js:1
[   37147ms] [WARNING] SKIPPING ERRONEOUS DEPENDENCY Error: Selector failed: {"type":"SELECT_VALUE_SELECTOR","selectObjectId":"7w4vqjjkneryup0qx6nyd5sox"}
    at G (https://runtime-assets.adalo.com/static/js/main.79e9a9ca.js:2:468532)
    at t.getDependencies (https://runtime-assets.adalo.com/static/js/main.79e9a9ca.js:2:467260)
    at L.isManuallyPaginated (https://runtime-assets.adalo.com/static/js/main.79e9a9ca.js:2:348848)
    at L.getCurrentPageItems (https://runtime-assets.adalo.com/static/js/main.79e9a9ca.js:2:243407)
    at L.componentDidMount (https://runtime-assets.adalo.com/static/js/main.79e9a9ca.js:2:244442)
    at wl (https://runtime-assets.adalo.com/static/js/main.79e9a9ca.js:2:4437772)
    at bl (https://runtime-assets.adalo.com/static/js/main.79e9a9ca.js:2:4437545)
    at _l (https://runtime-assets.adalo.com/static/js/main.79e9a9ca.js:2:4437081)
    at https://runtime-assets.adalo.com/static/js/main.79e9a9ca.js:2:4448918
    at Su (https://runtime-assets.adalo.com/static/js/main.79e9a9ca.js:2:4449433)
    at uu (https://runtime-assets.adalo.com/static/js/main.79e9a9ca.js:2:4443152)
    at Wo (https://runtime-assets.adalo.com/static/js/main.79e9a9ca.js:2:4383545)
    at https://runtime-assets.adalo.com/static/js/main.79e9a9ca.js:2:4440547 {"id":"9iqh9rix6rw6qbk1pylpkv7w2","type":"binding","label":"ID","format":{"type":"commas"},"source":{"type":"field","source":{"type":"data","tableId":"t_5idhcbl2zu1px4fff99qt26gw","dataType":"object","selector":{"type":"SELECT_VALUE_SELECTOR","selectObjectId":"7w4vqjjkneryup0qx6nyd5sox"},"datasourceId":"a1ab1856443b44fcbe8d838f7fcfa88b"},"fieldId":"id","dataType":"number"},"bindingType":"libraryProp","childBindings":[],"siblingBindings":["7dreyduxg9ir4u4rhkd7kr07o","ayotx6lhqnky41mxfo2kjmf1m","4dp782249h0711rfptxmxnusd","4mvcbyyuliu16qctjhix48n3p","8go2kx093yc9aq84obz0drpbn","3seiwl38vg3mupppxfl22pc9l","3fe5qxnpwys9a38imtxg72rs6","8emt3wss18kxafeq3ky4i6bnv","61ynvdvadst0xiqxwh6qaf0ig","auo12ynqkhthr6wafsoiivcz9","eqsrvb46v1cwfz2kmkzlw3f83","b3s4hvzs0o1qnb29akq9x4ccy","8kvegdbaklcu0jsi56tpdlt4o","5nzi2adqdpyyqy5v1izrzohw1","92qxmmj03fcllsv5o3tf9kbhw","bt2sevpq7gr4l9nk2rs6x7bpf","bycnteo1nswgjajhmvbmo3nh0","0421zdtq1ubjapbkyvh3k699z","5ukthu1xzlli7nf8gmo3665ry","3dtdyu0h8pozjs9tj5b869sy6","60d0i4jtiujjzw2vwtsafefr4","drgxhyyti591j7ksmrk6zuwnw","4dehw2mdedgcobf9zhvijl0t5","dz5zps63gbxp5myyzrc9z92pz","f0ffzw2sy8q9ba5jukhixd3a6","8t0vjvopwqyg6j0nestwt6fyh","02o8nb343950hbjoqc2inwpre","dy623trvqq4cvdv38sr4q58cq","5o7ru0lg62b4yhz0x1oxbk2j3","5nelavgl9i8vdjqh6g50tfp93","abffcay8ga7fn36czpylhp8lt","6gxinx0kj3ihqahs05hlntgi9","ck6le21ojgx8cuq8pljec4wyb","bp046lttdgs1e7qv7c3ijlyuf","akomfad25k6xbfj6mh6iwwim0","997lxf1t87ur1ffizgl83e9zz","dje2eg4fju391wdgbe5u6clx6","94tk5zsodvhvlgqhjfqu4skzr","62xgbll0f89svjorj65mjmsyb","5csyxiashddwlojgulpgdxm6b","audbvo0lbv6sbeqatgtmjtaic","e2kigyvlciwvg85n1esrwbqry","alz9018ekdkr5er2836gqrbxb","29h77ojxav0qjkh8euoq88b4r","0hjln8c8nsca49gpugfxfz18g","2cl5ozyjiqfue0bzwys9s1ro3","emxx4s2lpt160v4dqsvsgz9ap","4w0meq26guhjxm1ml1ubil4b4"]} @ https://runtime-assets.adalo.com/static/js/main.79e9a9ca.js:1
[   37148ms] [WARNING] SKIPPING ERRONEOUS DEPENDENCY Error: Selector failed: {"type":"SELECT_VALUE_SELECTOR","selectObjectId":"1d1eqqw7ub6ghlz5ltyfykwui"}
    at G (https://runtime-assets.adalo.com/static/js/main.79e9a9ca.js:2:468532)
    at t.getDependencies (https://runtime-assets.adalo.com/static/js/main.79e9a9ca.js:2:467260)
    at L.isManuallyPaginated (https://runtime-assets.adalo.com/static/js/main.79e9a9ca.js:2:348848)
    at L.getCurrentPageItems (https://runtime-assets.adalo.com/static/js/main.79e9a9ca.js:2:243407)
    at L.componentDidMount (https://runtime-assets.adalo.com/static/js/main.79e9a9ca.js:2:244442)
    at wl (https://runtime-assets.adalo.com/static/js/main.79e9a9ca.js:2:4437772)
    at bl (https://runtime-assets.adalo.com/static/js/main.79e9a9ca.js:2:4437545)
    at _l (https://runtime-assets.adalo.com/static/js/main.79e9a9ca.js:2:4437081)
    at https://runtime-assets.adalo.com/static/js/main.79e9a9ca.js:2:4448918
    at Su (https://runtime-assets.adalo.com/static/js/main.79e9a9ca.js:2:4449433)
    at uu (https://runtime-assets.adalo.com/static/js/main.79e9a9ca.js:2:4443152)
    at Wo (https://runtime-assets.adalo.com/static/js/main.79e9a9ca.js:2:4383545)
    at https://runtime-assets.adalo.com/static/js/main.79e9a9ca.js:2:4440547 {"id":"5784tdv70verd4m24w9964bg7","type":"binding","label":"conference_name","source":{"type":"field","source":{"type":"data","tableId":"t_5fi9vn22j1ibyg3p7mizk8hlm","dataType":"object","selector":{"type":"SELECT_VALUE_SELECTOR","selectObjectId":"1d1eqqw7ub6ghlz5ltyfykwui"},"datasourceId":"a1ab1856443b44fcbe8d838f7fcfa88b"},"fieldId":"conference_name","dataType":"text"},"bindingType":"libraryProp"} @ https://runtime-assets.adalo.com/static/js/main.79e9a9ca.js:1
[   37148ms] [WARNING] SKIPPING ERRONEOUS DEPENDENCY Error: Selector failed: {"type":"SELECT_VALUE_SELECTOR","selectObjectId":"1d1eqqw7ub6ghlz5ltyfykwui"}
    at G (https://runtime-assets.adalo.com/static/js/main.79e9a9ca.js:2:468532)
    at t.getDependencies (https://runtime-assets.adalo.com/static/js/main.79e9a9ca.js:2:467260)
    at L.isManuallyPaginated (https://runtime-assets.adalo.com/static/js/main.79e9a9ca.js:2:348848)
    at L.getCurrentPageItems (https://runtime-assets.adalo.com/static/js/main.79e9a9ca.js:2:243407)
    at L.componentDidMount (https://runtime-assets.adalo.com/static/js/main.79e9a9ca.js:2:244442)
    at wl (https://runtime-assets.adalo.com/static/js/main.79e9a9ca.js:2:4437772)
    at bl (https://runtime-assets.adalo.com/static/js/main.79e9a9ca.js:2:4437545)
    at _l (https://runtime-assets.adalo.com/static/js/main.79e9a9ca.js:2:4437081)
    at https://runtime-assets.adalo.com/static/js/main.79e9a9ca.js:2:4448918
    at Su (https://runtime-assets.adalo.com/static/js/main.79e9a9ca.js:2:4449433)
    at uu (https://runtime-assets.adalo.com/static/js/main.79e9a9ca.js:2:4443152)
    at Wo (https://runtime-assets.adalo.com/static/js/main.79e9a9ca.js:2:4383545)
    at https://runtime-assets.adalo.com/static/js/main.79e9a9ca.js:2:4440547 {"id":"2eo1n1hgrwy23q7u805um8qid","type":"binding","format":{"type":"commas"},"source":{"type":"field","source":{"type":"data","tableId":"t_5fi9vn22j1ibyg3p7mizk8hlm","dataType":"object","selector":{"type":"SELECT_VALUE_SELECTOR","selectObjectId":"1d1eqqw7ub6ghlz5ltyfykwui"},"datasourceId":"a1ab1856443b44fcbe8d838f7fcfa88b"},"fieldId":"rawconferencelist_id","dataType":"number"},"bindingType":"libraryProp"} @ https://runtime-assets.adalo.com/static/js/main.79e9a9ca.js:1
[   37148ms] [WARNING] SKIPPING ERRONEOUS DEPENDENCY Error: Selector failed: {"type":"SELECT_VALUE_SELECTOR","selectObjectId":"1d1eqqw7ub6ghlz5ltyfykwui"}
    at G (https://runtime-assets.adalo.com/static/js/main.79e9a9ca.js:2:468532)
    at t.getDependencies (https://runtime-assets.adalo.com/static/js/main.79e9a9ca.js:2:467260)
    at L.isManuallyPaginated (https://runtime-assets.adalo.com/static/js/main.79e9a9ca.js:2:348848)
    at L.getCurrentPageItems (https://runtime-assets.adalo.com/static/js/main.79e9a9ca.js:2:243407)
    at L.componentDidMount (https://runtime-assets.adalo.com/static/js/main.79e9a9ca.js:2:244442)
    at wl (https://runtime-assets.adalo.com/static/js/main.79e9a9ca.js:2:4437772)
    at bl (https://runtime-assets.adalo.com/static/js/main.79e9a9ca.js:2:4437545)
    at _l (https://runtime-assets.adalo.com/static/js/main.79e9a9ca.js:2:4437081)
    at https://runtime-assets.adalo.com/static/js/main.79e9a9ca.js:2:4448918
    at Su (https://runtime-assets.adalo.com/static/js/main.79e9a9ca.js:2:4449433)
    at uu (https://runtime-assets.adalo.com/static/js/main.79e9a9ca.js:2:4443152)
    at Wo (https://runtime-assets.adalo.com/static/js/main.79e9a9ca.js:2:4383545)
    at https://runtime-assets.adalo.com/static/js/main.79e9a9ca.js:2:4440547 {"source":{"type":"field","source":{"type":"data","tableId":"t_5fi9vn22j1ibyg3p7mizk8hlm","dataType":"object","selector":{"type":"SELECT_VALUE_SELECTOR","selectObjectId":"1d1eqqw7ub6ghlz5ltyfykwui"},"datasourceId":"a1ab1856443b44fcbe8d838f7fcfa88b"},"fieldId":"rawconferencelist_id","dataType":"number"}} @ https://runtime-assets.adalo.com/static/js/main.79e9a9ca.js:1
[   37148ms] [WARNING] SKIPPING ERRONEOUS DEPENDENCY Error: Selector failed: {"type":"SELECT_VALUE_SELECTOR","selectObjectId":"1d1eqqw7ub6ghlz5ltyfykwui"}
    at G (https://runtime-assets.adalo.com/static/js/main.79e9a9ca.js:2:468532)
    at t.getDependencies (https://runtime-assets.adalo.com/static/js/main.79e9a9ca.js:2:467260)
    at L.isManuallyPaginated (https://runtime-assets.adalo.com/static/js/main.79e9a9ca.js:2:348848)
    at L.getCurrentPageItems (https://runtime-assets.adalo.com/static/js/main.79e9a9ca.js:2:243407)
    at L.componentDidMount (https://runtime-assets.adalo.com/static/js/main.79e9a9ca.js:2:244442)
    at wl (https://runtime-assets.adalo.com/static/js/main.79e9a9ca.js:2:4437772)
    at bl (https://runtime-assets.adalo.com/static/js/main.79e9a9ca.js:2:4437545)
    at _l (https://runtime-assets.adalo.com/static/js/main.79e9a9ca.js:2:4437081)
    at https://runtime-assets.adalo.com/static/js/main.79e9a9ca.js:2:4448918
    at Su (https://runtime-assets.adalo.com/static/js/main.79e9a9ca.js:2:4449433)
    at uu (https://runtime-assets.adalo.com/static/js/main.79e9a9ca.js:2:4443152)
    at Wo (https://runtime-assets.adalo.com/static/js/main.79e9a9ca.js:2:4383545)
    at https://runtime-assets.adalo.com/static/js/main.79e9a9ca.js:2:4440547 {"source":{"type":"field","source":{"type":"data","tableId":"t_5fi9vn22j1ibyg3p7mizk8hlm","dataType":"object","selector":{"type":"SELECT_VALUE_SELECTOR","selectObjectId":"1d1eqqw7ub6ghlz5ltyfykwui"},"datasourceId":"a1ab1856443b44fcbe8d838f7fcfa88b"},"fieldId":"conference_name","dataType":"text"}} @ https://runtime-assets.adalo.com/static/js/main.79e9a9ca.js:1
[   37149ms] [WARNING] SKIPPING ERRONEOUS DEPENDENCY Error: Selector failed: {"type":"CURRENT_USER_SELECTOR"}
    at G (https://runtime-assets.adalo.com/static/js/main.79e9a9ca.js:2:468532)
    at t.getDependencies (https://runtime-assets.adalo.com/static/js/main.79e9a9ca.js:2:467260)
    at L.isManuallyPaginated (https://runtime-assets.adalo.com/static/js/main.79e9a9ca.js:2:348848)
    at L.getCurrentPageItems (https://runtime-assets.adalo.com/static/js/main.79e9a9ca.js:2:243407)
    at L.componentDidMount (https://runtime-assets.adalo.com/static/js/main.79e9a9ca.js:2:244442)
    at wl (https://runtime-assets.adalo.com/static/js/main.79e9a9ca.js:2:4437772)
    at bl (https://runtime-assets.adalo.com/static/js/main.79e9a9ca.js:2:4437545)
    at _l (https://runtime-assets.adalo.com/static/js/main.79e9a9ca.js:2:4437081)
    at https://runtime-assets.adalo.com/static/js/main.79e9a9ca.js:2:4448918
    at Su (https://runtime-assets.adalo.com/static/js/main.79e9a9ca.js:2:4449433)
    at uu (https://runtime-assets.adalo.com/static/js/main.79e9a9ca.js:2:4443152)
    at Wo (https://runtime-assets.adalo.com/static/js/main.79e9a9ca.js:2:4383545)
    at https://runtime-assets.adalo.com/static/js/main.79e9a9ca.js:2:4440547 {"id":"en0xhfc9kfg4dbn1n2pekc207","type":"binding","source":{"type":"field","source":{"type":"data","source":null,"tableId":"t_80c852bba70544a6a98079124dfc8e10","dataType":"object","selector":{"type":"CURRENT_USER_SELECTOR"},"datasourceId":"4dba133b22784a13b18b1a791cfdd211"},"fieldId":"remaining_credits","dataType":"number"},"options":{},"comparator":"<","comparison":"1","bindingType":"libraryProp"} @ https://runtime-assets.adalo.com/static/js/main.79e9a9ca.js:1
[   37204ms] [WARNING] SKIPPING ERRONEOUS DEPENDENCY Error: Selector failed: {"type":"SELECT_VALUE_SELECTOR","selectObjectId":"3bmmor6uwgy9d932vmz7r1pag"}
    at G (https://runtime-assets.adalo.com/static/js/main.79e9a9ca.js:2:468532)
    at t.getDependencies (https://runtime-assets.adalo.com/static/js/main.79e9a9ca.js:2:467260)
    at L.isManuallyPaginated (https://runtime-assets.adalo.com/static/js/main.79e9a9ca.js:2:348848)
    at L.render (https://runtime-assets.adalo.com/static/js/main.79e9a9ca.js:2:244984)
    at Ds (https://runtime-assets.adalo.com/static/js/main.79e9a9ca.js:2:4414574)
    at Ls (https://runtime-assets.adalo.com/static/js/main.79e9a9ca.js:2:4414370)
    at Ml (https://runtime-assets.adalo.com/static/js/main.79e9a9ca.js:2:4457902)
    at bu (https://runtime-assets.adalo.com/static/js/main.79e9a9ca.js:2:4446043)
    at vu (https://runtime-assets.adalo.com/static/js/main.79e9a9ca.js:2:4445971)
    at yu (https://runtime-assets.adalo.com/static/js/main.79e9a9ca.js:2:4445834)
    at uu (https://runtime-assets.adalo.com/static/js/main.79e9a9ca.js:2:4442950)
    at Wo (https://runtime-assets.adalo.com/static/js/main.79e9a9ca.js:2:4383545)
    at https://runtime-assets.adalo.com/static/js/main.79e9a9ca.js:2:4440547 {"id":"02o8nb343950hbjoqc2inwpre","type":"binding","label":"Lead_Score","source":{"type":"field","source":{"type":"data","tableId":"t_61ne992eubatuoqw8vephoi4k","dataType":"object","selector":{"type":"SELECT_VALUE_SELECTOR","selectObjectId":"3bmmor6uwgy9d932vmz7r1pag"},"datasourceId":"a1ab1856443b44fcbe8d838f7fcfa88b"},"fieldId":"Lead_Score","dataType":"text"},"bindingType":"libraryProp","childBindings":[],"siblingBindings":["7dreyduxg9ir4u4rhkd7kr07o","ayotx6lhqnky41mxfo2kjmf1m","4dp782249h0711rfptxmxnusd","4mvcbyyuliu16qctjhix48n3p","8go2kx093yc9aq84obz0drpbn","3seiwl38vg3mupppxfl22pc9l","3fe5qxnpwys9a38imtxg72rs6","8emt3wss18kxafeq3ky4i6bnv","61ynvdvadst0xiqxwh6qaf0ig","auo12ynqkhthr6wafsoiivcz9","eqsrvb46v1cwfz2kmkzlw3f83","b3s4hvzs0o1qnb29akq9x4ccy","8kvegdbaklcu0jsi56tpdlt4o","5nzi2adqdpyyqy5v1izrzohw1","92qxmmj03fcllsv5o3tf9kbhw","bt2sevpq7gr4l9nk2rs6x7bpf","bycnteo1nswgjajhmvbmo3nh0","0421zdtq1ubjapbkyvh3k699z","5ukthu1xzlli7nf8gmo3665ry","3dtdyu0h8pozjs9tj5b869sy6","60d0i4jtiujjzw2vwtsafefr4","drgxhyyti591j7ksmrk6zuwnw","4dehw2mdedgcobf9zhvijl0t5","dz5zps63gbxp5myyzrc9z92pz","f0ffzw2sy8q9ba5jukhixd3a6","8t0vjvopwqyg6j0nestwt6fyh","dy623trvqq4cvdv38sr4q58cq","9iqh9rix6rw6qbk1pylpkv7w2","5o7ru0lg62b4yhz0x1oxbk2j3","5nelavgl9i8vdjqh6g50tfp93","abffcay8ga7fn36czpylhp8lt","6gxinx0kj3ihqahs05hlntgi9","ck6le21ojgx8cuq8pljec4wyb","bp046lttdgs1e7qv7c3ijlyuf","akomfad25k6xbfj6mh6iwwim0","997lxf1t87ur1ffizgl83e9zz","dje2eg4fju391wdgbe5u6clx6","94tk5zsodvhvlgqhjfqu4skzr","62xgbll0f89svjorj65mjmsyb","5csyxiashddwlojgulpgdxm6b","audbvo0lbv6sbeqatgtmjtaic","e2kigyvlciwvg85n1esrwbqry","alz9018ekdkr5er2836gqrbxb","29h77ojxav0qjkh8euoq88b4r","0hjln8c8nsca49gpugfxfz18g","2cl5ozyjiqfue0bzwys9s1ro3","emxx4s2lpt160v4dqsvsgz9ap","4w0meq26guhjxm1ml1ubil4b4"]} @ https://runtime-assets.adalo.com/static/js/main.79e9a9ca.js:1
[   37206ms] [WARNING] SKIPPING ERRONEOUS DEPENDENCY Error: Selector failed: {"type":"CURRENT_USER_SELECTOR"}
    at G (https://runtime-assets.adalo.com/static/js/main.79e9a9ca.js:2:468532)
    at t.getDependencies (https://runtime-assets.adalo.com/static/js/main.79e9a9ca.js:2:467260)
    at L.isManuallyPaginated (https://runtime-assets.adalo.com/static/js/main.79e9a9ca.js:2:348848)
    at L.render (https://runtime-assets.adalo.com/static/js/main.79e9a9ca.js:2:244984)
    at Ds (https://runtime-assets.adalo.com/static/js/main.79e9a9ca.js:2:4414574)
    at Ls (https://runtime-assets.adalo.com/static/js/main.79e9a9ca.js:2:4414370)
    at Ml (https://runtime-assets.adalo.com/static/js/main.79e9a9ca.js:2:4457902)
    at bu (https://runtime-assets.adalo.com/static/js/main.79e9a9ca.js:2:4446043)
    at vu (https://runtime-assets.adalo.com/static/js/main.79e9a9ca.js:2:4445971)
    at yu (https://runtime-assets.adalo.com/static/js/main.79e9a9ca.js:2:4445834)
    at uu (https://runtime-assets.adalo.com/static/js/main.79e9a9ca.js:2:4442950)
    at Wo (https://runtime-assets.adalo.com/static/js/main.79e9a9ca.js:2:4383545)
    at https://runtime-assets.adalo.com/static/js/main.79e9a9ca.js:2:4440547 {"id":"7dreyduxg9ir4u4rhkd7kr07o","type":"binding","label":"name","source":{"type":"field","source":{"type":"data","source":null,"tableId":"t_80c852bba70544a6a98079124dfc8e10","dataType":"object","selector":{"type":"CURRENT_USER_SELECTOR"},"datasourceId":"4dba133b22784a13b18b1a791cfdd211"},"fieldId":"name","dataType":"text"},"bindingType":"libraryProp","childBindings":[],"siblingBindings":["ayotx6lhqnky41mxfo2kjmf1m","4dp782249h0711rfptxmxnusd","4mvcbyyuliu16qctjhix48n3p","8go2kx093yc9aq84obz0drpbn","3seiwl38vg3mupppxfl22pc9l","3fe5qxnpwys9a38imtxg72rs6","8emt3wss18kxafeq3ky4i6bnv","61ynvdvadst0xiqxwh6qaf0ig","auo12ynqkhthr6wafsoiivcz9","eqsrvb46v1cwfz2kmkzlw3f83","b3s4hvzs0o1qnb29akq9x4ccy","8kvegdbaklcu0jsi56tpdlt4o","5nzi2adqdpyyqy5v1izrzohw1","92qxmmj03fcllsv5o3tf9kbhw","bt2sevpq7gr4l9nk2rs6x7bpf","bycnteo1nswgjajhmvbmo3nh0","0421zdtq1ubjapbkyvh3k699z","5ukthu1xzlli7nf8gmo3665ry","3dtdyu0h8pozjs9tj5b869sy6","60d0i4jtiujjzw2vwtsafefr4","drgxhyyti591j7ksmrk6zuwnw","4dehw2mdedgcobf9zhvijl0t5","dz5zps63gbxp5myyzrc9z92pz","f0ffzw2sy8q9ba5jukhixd3a6","8t0vjvopwqyg6j0nestwt6fyh","02o8nb343950hbjoqc2inwpre","dy623trvqq4cvdv38sr4q58cq","9iqh9rix6rw6qbk1pylpkv7w2","5o7ru0lg62b4yhz0x1oxbk2j3","5nelavgl9i8vdjqh6g50tfp93","abffcay8ga7fn36czpylhp8lt","6gxinx0kj3ihqahs05hlntgi9","ck6le21ojgx8cuq8pljec4wyb","bp046lttdgs1e7qv7c3ijlyuf","akomfad25k6xbfj6mh6iwwim0","997lxf1t87ur1ffizgl83e9zz","dje2eg4fju391wdgbe5u6clx6","94tk5zsodvhvlgqhjfqu4skzr","62xgbll0f89svjorj65mjmsyb","5csyxiashddwlojgulpgdxm6b","audbvo0lbv6sbeqatgtmjtaic","e2kigyvlciwvg85n1esrwbqry","alz9018ekdkr5er2836gqrbxb","29h77ojxav0qjkh8euoq88b4r","0hjln8c8nsca49gpugfxfz18g","2cl5ozyjiqfue0bzwys9s1ro3","emxx4s2lpt160v4dqsvsgz9ap","4w0meq26guhjxm1ml1ubil4b4"]} @ https://runtime-assets.adalo.com/static/js/main.79e9a9ca.js:1
[   37206ms] [WARNING] SKIPPING ERRONEOUS DEPENDENCY Error: Selector failed: {"type":"SELECT_VALUE_SELECTOR","selectObjectId":"7w4vqjjkneryup0qx6nyd5sox"}
    at G (https://runtime-assets.adalo.com/static/js/main.79e9a9ca.js:2:468532)
    at t.getDependencies (https://runtime-assets.adalo.com/static/js/main.79e9a9ca.js:2:467260)
    at L.isManuallyPaginated (https://runtime-assets.adalo.com/static/js/main.79e9a9ca.js:2:348848)
    at L.render (https://runtime-assets.adalo.com/static/js/main.79e9a9ca.js:2:244984)
    at Ds (https://runtime-assets.adalo.com/static/js/main.79e9a9ca.js:2:4414574)
    at Ls (https://runtime-assets.adalo.com/static/js/main.79e9a9ca.js:2:4414370)
    at Ml (https://runtime-assets.adalo.com/static/js/main.79e9a9ca.js:2:4457902)
    at bu (https://runtime-assets.adalo.com/static/js/main.79e9a9ca.js:2:4446043)
    at vu (https://runtime-assets.adalo.com/static/js/main.79e9a9ca.js:2:4445971)
    at yu (https://runtime-assets.adalo.com/static/js/main.79e9a9ca.js:2:4445834)
    at uu (https://runtime-assets.adalo.com/static/js/main.79e9a9ca.js:2:4442950)
    at Wo (https://runtime-assets.adalo.com/static/js/main.79e9a9ca.js:2:4383545)
    at https://runtime-assets.adalo.com/static/js/main.79e9a9ca.js:2:4440547 {"id":"9iqh9rix6rw6qbk1pylpkv7w2","type":"binding","label":"ID","format":{"type":"commas"},"source":{"type":"field","source":{"type":"data","tableId":"t_5idhcbl2zu1px4fff99qt26gw","dataType":"object","selector":{"type":"SELECT_VALUE_SELECTOR","selectObjectId":"7w4vqjjkneryup0qx6nyd5sox"},"datasourceId":"a1ab1856443b44fcbe8d838f7fcfa88b"},"fieldId":"id","dataType":"number"},"bindingType":"libraryProp","childBindings":[],"siblingBindings":["7dreyduxg9ir4u4rhkd7kr07o","ayotx6lhqnky41mxfo2kjmf1m","4dp782249h0711rfptxmxnusd","4mvcbyyuliu16qctjhix48n3p","8go2kx093yc9aq84obz0drpbn","3seiwl38vg3mupppxfl22pc9l","3fe5qxnpwys9a38imtxg72rs6","8emt3wss18kxafeq3ky4i6bnv","61ynvdvadst0xiqxwh6qaf0ig","auo12ynqkhthr6wafsoiivcz9","eqsrvb46v1cwfz2kmkzlw3f83","b3s4hvzs0o1qnb29akq9x4ccy","8kvegdbaklcu0jsi56tpdlt4o","5nzi2adqdpyyqy5v1izrzohw1","92qxmmj03fcllsv5o3tf9kbhw","bt2sevpq7gr4l9nk2rs6x7bpf","bycnteo1nswgjajhmvbmo3nh0","0421zdtq1ubjapbkyvh3k699z","5ukthu1xzlli7nf8gmo3665ry","3dtdyu0h8pozjs9tj5b869sy6","60d0i4jtiujjzw2vwtsafefr4","drgxhyyti591j7ksmrk6zuwnw","4dehw2mdedgcobf9zhvijl0t5","dz5zps63gbxp5myyzrc9z92pz","f0ffzw2sy8q9ba5jukhixd3a6","8t0vjvopwqyg6j0nestwt6fyh","02o8nb343950hbjoqc2inwpre","dy623trvqq4cvdv38sr4q58cq","5o7ru0lg62b4yhz0x1oxbk2j3","5nelavgl9i8vdjqh6g50tfp93","abffcay8ga7fn36czpylhp8lt","6gxinx0kj3ihqahs05hlntgi9","ck6le21ojgx8cuq8pljec4wyb","bp046lttdgs1e7qv7c3ijlyuf","akomfad25k6xbfj6mh6iwwim0","997lxf1t87ur1ffizgl83e9zz","dje2eg4fju391wdgbe5u6clx6","94tk5zsodvhvlgqhjfqu4skzr","62xgbll0f89svjorj65mjmsyb","5csyxiashddwlojgulpgdxm6b","audbvo0lbv6sbeqatgtmjtaic","e2kigyvlciwvg85n1esrwbqry","alz9018ekdkr5er2836gqrbxb","29h77ojxav0qjkh8euoq88b4r","0hjln8c8nsca49gpugfxfz18g","2cl5ozyjiqfue0bzwys9s1ro3","emxx4s2lpt160v4dqsvsgz9ap","4w0meq26guhjxm1ml1ubil4b4"]} @ https://runtime-assets.adalo.com/static/js/main.79e9a9ca.js:1
[   37207ms] [WARNING] SKIPPING ERRONEOUS DEPENDENCY Error: Selector failed: {"type":"SELECT_VALUE_SELECTOR","selectObjectId":"1d1eqqw7ub6ghlz5ltyfykwui"}
    at G (https://runtime-assets.adalo.com/static/js/main.79e9a9ca.js:2:468532)
    at t.getDependencies (https://runtime-assets.adalo.com/static/js/main.79e9a9ca.js:2:467260)
    at L.isManuallyPaginated (https://runtime-assets.adalo.com/static/js/main.79e9a9ca.js:2:348848)
    at L.render (https://runtime-assets.adalo.com/static/js/main.79e9a9ca.js:2:244984)
    at Ds (https://runtime-assets.adalo.com/static/js/main.79e9a9ca.js:2:4414574)
    at Ls (https://runtime-assets.adalo.com/static/js/main.79e9a9ca.js:2:4414370)
    at Ml (https://runtime-assets.adalo.com/static/js/main.79e9a9ca.js:2:4457902)
    at bu (https://runtime-assets.adalo.com/static/js/main.79e9a9ca.js:2:4446043)
    at vu (https://runtime-assets.adalo.com/static/js/main.79e9a9ca.js:2:4445971)
    at yu (https://runtime-assets.adalo.com/static/js/main.79e9a9ca.js:2:4445834)
    at uu (https://runtime-assets.adalo.com/static/js/main.79e9a9ca.js:2:4442950)
    at Wo (https://runtime-assets.adalo.com/static/js/main.79e9a9ca.js:2:4383545)
    at https://runtime-assets.adalo.com/static/js/main.79e9a9ca.js:2:4440547 {"id":"5784tdv70verd4m24w9964bg7","type":"binding","label":"conference_name","source":{"type":"field","source":{"type":"data","tableId":"t_5fi9vn22j1ibyg3p7mizk8hlm","dataType":"object","selector":{"type":"SELECT_VALUE_SELECTOR","selectObjectId":"1d1eqqw7ub6ghlz5ltyfykwui"},"datasourceId":"a1ab1856443b44fcbe8d838f7fcfa88b"},"fieldId":"conference_name","dataType":"text"},"bindingType":"libraryProp"} @ https://runtime-assets.adalo.com/static/js/main.79e9a9ca.js:1
[   37208ms] [WARNING] SKIPPING ERRONEOUS DEPENDENCY Error: Selector failed: {"type":"SELECT_VALUE_SELECTOR","selectObjectId":"1d1eqqw7ub6ghlz5ltyfykwui"}
    at G (https://runtime-assets.adalo.com/static/js/main.79e9a9ca.js:2:468532)
    at t.getDependencies (https://runtime-assets.adalo.com/static/js/main.79e9a9ca.js:2:467260)
    at L.isManuallyPaginated (https://runtime-assets.adalo.com/static/js/main.79e9a9ca.js:2:348848)
    at L.render (https://runtime-assets.adalo.com/static/js/main.79e9a9ca.js:2:244984)
    at Ds (https://runtime-assets.adalo.com/static/js/main.79e9a9ca.js:2:4414574)
    at Ls (https://runtime-assets.adalo.com/static/js/main.79e9a9ca.js:2:4414370)
    at Ml (https://runtime-assets.adalo.com/static/js/main.79e9a9ca.js:2:4457902)
    at bu (https://runtime-assets.adalo.com/static/js/main.79e9a9ca.js:2:4446043)
    at vu (https://runtime-assets.adalo.com/static/js/main.79e9a9ca.js:2:4445971)
    at yu (https://runtime-assets.adalo.com/static/js/main.79e9a9ca.js:2:4445834)
    at uu (https://runtime-assets.adalo.com/static/js/main.79e9a9ca.js:2:4442950)
    at Wo (https://runtime-assets.adalo.com/static/js/main.79e9a9ca.js:2:4383545)
    at https://runtime-assets.adalo.com/static/js/main.79e9a9ca.js:2:4440547 {"id":"2eo1n1hgrwy23q7u805um8qid","type":"binding","format":{"type":"commas"},"source":{"type":"field","source":{"type":"data","tableId":"t_5fi9vn22j1ibyg3p7mizk8hlm","dataType":"object","selector":{"type":"SELECT_VALUE_SELECTOR","selectObjectId":"1d1eqqw7ub6ghlz5ltyfykwui"},"datasourceId":"a1ab1856443b44fcbe8d838f7fcfa88b"},"fieldId":"rawconferencelist_id","dataType":"number"},"bindingType":"libraryProp"} @ https://runtime-assets.adalo.com/static/js/main.79e9a9ca.js:1
[   37208ms] [WARNING] SKIPPING ERRONEOUS DEPENDENCY Error: Selector failed: {"type":"SELECT_VALUE_SELECTOR","selectObjectId":"1d1eqqw7ub6ghlz5ltyfykwui"}
    at G (https://runtime-assets.adalo.com/static/js/main.79e9a9ca.js:2:468532)
    at t.getDependencies (https://runtime-assets.adalo.com/static/js/main.79e9a9ca.js:2:467260)
    at L.isManuallyPaginated (https://runtime-assets.adalo.com/static/js/main.79e9a9ca.js:2:348848)
    at L.render (https://runtime-assets.adalo.com/static/js/main.79e9a9ca.js:2:244984)
    at Ds (https://runtime-assets.adalo.com/static/js/main.79e9a9ca.js:2:4414574)
    at Ls (https://runtime-assets.adalo.com/static/js/main.79e9a9ca.js:2:4414370)
    at Ml (https://runtime-assets.adalo.com/static/js/main.79e9a9ca.js:2:4457902)
    at bu (https://runtime-assets.adalo.com/static/js/main.79e9a9ca.js:2:4446043)
    at vu (https://runtime-assets.adalo.com/static/js/main.79e9a9ca.js:2:4445971)
    at yu (https://runtime-assets.adalo.com/static/js/main.79e9a9ca.js:2:4445834)
    at uu (https://runtime-assets.adalo.com/static/js/main.79e9a9ca.js:2:4442950)
    at Wo (https://runtime-assets.adalo.com/static/js/main.79e9a9ca.js:2:4383545)
    at https://runtime-assets.adalo.com/static/js/main.79e9a9ca.js:2:4440547 {"source":{"type":"field","source":{"type":"data","tableId":"t_5fi9vn22j1ibyg3p7mizk8hlm","dataType":"object","selector":{"type":"SELECT_VALUE_SELECTOR","selectObjectId":"1d1eqqw7ub6ghlz5ltyfykwui"},"datasourceId":"a1ab1856443b44fcbe8d838f7fcfa88b"},"fieldId":"rawconferencelist_id","dataType":"number"}} @ https://runtime-assets.adalo.com/static/js/main.79e9a9ca.js:1
[   37208ms] [WARNING] SKIPPING ERRONEOUS DEPENDENCY Error: Selector failed: {"type":"SELECT_VALUE_SELECTOR","selectObjectId":"1d1eqqw7ub6ghlz5ltyfykwui"}
    at G (https://runtime-assets.adalo.com/static/js/main.79e9a9ca.js:2:468532)
    at t.getDependencies (https://runtime-assets.adalo.com/static/js/main.79e9a9ca.js:2:467260)
    at L.isManuallyPaginated (https://runtime-assets.adalo.com/static/js/main.79e9a9ca.js:2:348848)
    at L.render (https://runtime-assets.adalo.com/static/js/main.79e9a9ca.js:2:244984)
    at Ds (https://runtime-assets.adalo.com/static/js/main.79e9a9ca.js:2:4414574)
    at Ls (https://runtime-assets.adalo.com/static/js/main.79e9a9ca.js:2:4414370)
    at Ml (https://runtime-assets.adalo.com/static/js/main.79e9a9ca.js:2:4457902)
    at bu (https://runtime-assets.adalo.com/static/js/main.79e9a9ca.js:2:4446043)
    at vu (https://runtime-assets.adalo.com/static/js/main.79e9a9ca.js:2:4445971)
    at yu (https://runtime-assets.adalo.com/static/js/main.79e9a9ca.js:2:4445834)
    at uu (https://runtime-assets.adalo.com/static/js/main.79e9a9ca.js:2:4442950)
    at Wo (https://runtime-assets.adalo.com/static/js/main.79e9a9ca.js:2:4383545)
    at https://runtime-assets.adalo.com/static/js/main.79e9a9ca.js:2:4440547 {"source":{"type":"field","source":{"type":"data","tableId":"t_5fi9vn22j1ibyg3p7mizk8hlm","dataType":"object","selector":{"type":"SELECT_VALUE_SELECTOR","selectObjectId":"1d1eqqw7ub6ghlz5ltyfykwui"},"datasourceId":"a1ab1856443b44fcbe8d838f7fcfa88b"},"fieldId":"conference_name","dataType":"text"}} @ https://runtime-assets.adalo.com/static/js/main.79e9a9ca.js:1
[   37208ms] [WARNING] SKIPPING ERRONEOUS DEPENDENCY Error: Selector failed: {"type":"CURRENT_USER_SELECTOR"}
    at G (https://runtime-assets.adalo.com/static/js/main.79e9a9ca.js:2:468532)
    at t.getDependencies (https://runtime-assets.adalo.com/static/js/main.79e9a9ca.js:2:467260)
    at L.isManuallyPaginated (https://runtime-assets.adalo.com/static/js/main.79e9a9ca.js:2:348848)
    at L.render (https://runtime-assets.adalo.com/static/js/main.79e9a9ca.js:2:244984)
    at Ds (https://runtime-assets.adalo.com/static/js/main.79e9a9ca.js:2:4414574)
    at Ls (https://runtime-assets.adalo.com/static/js/main.79e9a9ca.js:2:4414370)
    at Ml (https://runtime-assets.adalo.com/static/js/main.79e9a9ca.js:2:4457902)
    at bu (https://runtime-assets.adalo.com/static/js/main.79e9a9ca.js:2:4446043)
    at vu (https://runtime-assets.adalo.com/static/js/main.79e9a9ca.js:2:4445971)
    at yu (https://runtime-assets.adalo.com/static/js/main.79e9a9ca.js:2:4445834)
    at uu (https://runtime-assets.adalo.com/static/js/main.79e9a9ca.js:2:4442950)
    at Wo (https://runtime-assets.adalo.com/static/js/main.79e9a9ca.js:2:4383545)
    at https://runtime-assets.adalo.com/static/js/main.79e9a9ca.js:2:4440547 {"id":"en0xhfc9kfg4dbn1n2pekc207","type":"binding","source":{"type":"field","source":{"type":"data","source":null,"tableId":"t_80c852bba70544a6a98079124dfc8e10","dataType":"object","selector":{"type":"CURRENT_USER_SELECTOR"},"datasourceId":"4dba133b22784a13b18b1a791cfdd211"},"fieldId":"remaining_credits","dataType":"number"},"options":{},"comparator":"<","comparison":"1","bindingType":"libraryProp"} @ https://runtime-assets.adalo.com/static/js/main.79e9a9ca.js:1
[   44972ms] [WARNING] SKIPPING ERRONEOUS DEPENDENCY Error: Selector failed: {"type":"SELECT_VALUE_SELECTOR","selectObjectId":"3bmmor6uwgy9d932vmz7r1pag"}
    at G (https://runtime-assets.adalo.com/static/js/main.79e9a9ca.js:2:468532)
    at t.getDependencies (https://runtime-assets.adalo.com/static/js/main.79e9a9ca.js:2:467260)
    at L.isManuallyPaginated (https://runtime-assets.adalo.com/static/js/main.79e9a9ca.js:2:348848)
    at L.render (https://runtime-assets.adalo.com/static/js/main.79e9a9ca.js:2:244984)
    at Ds (https://runtime-assets.adalo.com/static/js/main.79e9a9ca.js:2:4414574)
    at Ls (https://runtime-assets.adalo.com/static/js/main.79e9a9ca.js:2:4414370)
    at Ml (https://runtime-assets.adalo.com/static/js/main.79e9a9ca.js:2:4457902)
    at bu (https://runtime-assets.adalo.com/static/js/main.79e9a9ca.js:2:4446043)
    at vu (https://runtime-assets.adalo.com/static/js/main.79e9a9ca.js:2:4445971)
    at yu (https://runtime-assets.adalo.com/static/js/main.79e9a9ca.js:2:4445834)
    at au (https://runtime-assets.adalo.com/static/js/main.79e9a9ca.js:2:4440938)
    at S (https://runtime-assets.adalo.com/static/js/main.79e9a9ca.js:2:4731959)
    at I (https://runtime-assets.adalo.com/static/js/main.79e9a9ca.js:2:4732493)
    at O.<computed> (https://runtime-assets.adalo.com/static/js/main.79e9a9ca.js:2:4028835)
    at D (https://runtime-assets.adalo.com/static/js/main.79e9a9ca.js:2:4028604)
    at MessagePort.P (https://runtime-assets.adalo.com/static/js/main.79e9a9ca.js:2:4028663) {"id":"02o8nb343950hbjoqc2inwpre","type":"binding","label":"Lead_Score","source":{"type":"field","source":{"type":"data","tableId":"t_61ne992eubatuoqw8vephoi4k","dataType":"object","selector":{"type":"SELECT_VALUE_SELECTOR","selectObjectId":"3bmmor6uwgy9d932vmz7r1pag"},"datasourceId":"a1ab1856443b44fcbe8d838f7fcfa88b"},"fieldId":"Lead_Score","dataType":"text"},"bindingType":"libraryProp","childBindings":[],"siblingBindings":["7dreyduxg9ir4u4rhkd7kr07o","ayotx6lhqnky41mxfo2kjmf1m","4dp782249h0711rfptxmxnusd","4mvcbyyuliu16qctjhix48n3p","8go2kx093yc9aq84obz0drpbn","3seiwl38vg3mupppxfl22pc9l","3fe5qxnpwys9a38imtxg72rs6","8emt3wss18kxafeq3ky4i6bnv","61ynvdvadst0xiqxwh6qaf0ig","auo12ynqkhthr6wafsoiivcz9","eqsrvb46v1cwfz2kmkzlw3f83","b3s4hvzs0o1qnb29akq9x4ccy","8kvegdbaklcu0jsi56tpdlt4o","5nzi2adqdpyyqy5v1izrzohw1","92qxmmj03fcllsv5o3tf9kbhw","bt2sevpq7gr4l9nk2rs6x7bpf","bycnteo1nswgjajhmvbmo3nh0","0421zdtq1ubjapbkyvh3k699z","5ukthu1xzlli7nf8gmo3665ry","3dtdyu0h8pozjs9tj5b869sy6","60d0i4jtiujjzw2vwtsafefr4","drgxhyyti591j7ksmrk6zuwnw","4dehw2mdedgcobf9zhvijl0t5","dz5zps63gbxp5myyzrc9z92pz","f0ffzw2sy8q9ba5jukhixd3a6","8t0vjvopwqyg6j0nestwt6fyh","dy623trvqq4cvdv38sr4q58cq","9iqh9rix6rw6qbk1pylpkv7w2","5o7ru0lg62b4yhz0x1oxbk2j3","5nelavgl9i8vdjqh6g50tfp93","abffcay8ga7fn36czpylhp8lt","6gxinx0kj3ihqahs05hlntgi9","ck6le21ojgx8cuq8pljec4wyb","bp046lttdgs1e7qv7c3ijlyuf","akomfad25k6xbfj6mh6iwwim0","997lxf1t87ur1ffizgl83e9zz","dje2eg4fju391wdgbe5u6clx6","94tk5zsodvhvlgqhjfqu4skzr","62xgbll0f89svjorj65mjmsyb","5csyxiashddwlojgulpgdxm6b","audbvo0lbv6sbeqatgtmjtaic","e2kigyvlciwvg85n1esrwbqry","alz9018ekdkr5er2836gqrbxb","29h77ojxav0qjkh8euoq88b4r","0hjln8c8nsca49gpugfxfz18g","2cl5ozyjiqfue0bzwys9s1ro3","emxx4s2lpt160v4dqsvsgz9ap","4w0meq26guhjxm1ml1ubil4b4"]} @ https://runtime-assets.adalo.com/static/js/main.79e9a9ca.js:1
[   44974ms] [WARNING] SKIPPING ERRONEOUS DEPENDENCY Error: Selector failed: {"type":"CURRENT_USER_SELECTOR"}
    at G (https://runtime-assets.adalo.com/static/js/main.79e9a9ca.js:2:468532)
    at t.getDependencies (https://runtime-assets.adalo.com/static/js/main.79e9a9ca.js:2:467260)
    at L.isManuallyPaginated (https://runtime-assets.adalo.com/static/js/main.79e9a9ca.js:2:348848)
    at L.render (https://runtime-assets.adalo.com/static/js/main.79e9a9ca.js:2:244984)
    at Ds (https://runtime-assets.adalo.com/static/js/main.79e9a9ca.js:2:4414574)
    at Ls (https://runtime-assets.adalo.com/static/js/main.79e9a9ca.js:2:4414370)
    at Ml (https://runtime-assets.adalo.com/static/js/main.79e9a9ca.js:2:4457902)
    at bu (https://runtime-assets.adalo.com/static/js/main.79e9a9ca.js:2:4446043)
    at vu (https://runtime-assets.adalo.com/static/js/main.79e9a9ca.js:2:4445971)
    at yu (https://runtime-assets.adalo.com/static/js/main.79e9a9ca.js:2:4445834)
    at au (https://runtime-assets.adalo.com/static/js/main.79e9a9ca.js:2:4440938)
    at S (https://runtime-assets.adalo.com/static/js/main.79e9a9ca.js:2:4731959)
    at I (https://runtime-assets.adalo.com/static/js/main.79e9a9ca.js:2:4732493)
    at O.<computed> (https://runtime-assets.adalo.com/static/js/main.79e9a9ca.js:2:4028835)
    at D (https://runtime-assets.adalo.com/static/js/main.79e9a9ca.js:2:4028604)
    at MessagePort.P (https://runtime-assets.adalo.com/static/js/main.79e9a9ca.js:2:4028663) {"id":"7dreyduxg9ir4u4rhkd7kr07o","type":"binding","label":"name","source":{"type":"field","source":{"type":"data","source":null,"tableId":"t_80c852bba70544a6a98079124dfc8e10","dataType":"object","selector":{"type":"CURRENT_USER_SELECTOR"},"datasourceId":"4dba133b22784a13b18b1a791cfdd211"},"fieldId":"name","dataType":"text"},"bindingType":"libraryProp","childBindings":[],"siblingBindings":["ayotx6lhqnky41mxfo2kjmf1m","4dp782249h0711rfptxmxnusd","4mvcbyyuliu16qctjhix48n3p","8go2kx093yc9aq84obz0drpbn","3seiwl38vg3mupppxfl22pc9l","3fe5qxnpwys9a38imtxg72rs6","8emt3wss18kxafeq3ky4i6bnv","61ynvdvadst0xiqxwh6qaf0ig","auo12ynqkhthr6wafsoiivcz9","eqsrvb46v1cwfz2kmkzlw3f83","b3s4hvzs0o1qnb29akq9x4ccy","8kvegdbaklcu0jsi56tpdlt4o","5nzi2adqdpyyqy5v1izrzohw1","92qxmmj03fcllsv5o3tf9kbhw","bt2sevpq7gr4l9nk2rs6x7bpf","bycnteo1nswgjajhmvbmo3nh0","0421zdtq1ubjapbkyvh3k699z","5ukthu1xzlli7nf8gmo3665ry","3dtdyu0h8pozjs9tj5b869sy6","60d0i4jtiujjzw2vwtsafefr4","drgxhyyti591j7ksmrk6zuwnw","4dehw2mdedgcobf9zhvijl0t5","dz5zps63gbxp5myyzrc9z92pz","f0ffzw2sy8q9ba5jukhixd3a6","8t0vjvopwqyg6j0nestwt6fyh","02o8nb343950hbjoqc2inwpre","dy623trvqq4cvdv38sr4q58cq","9iqh9rix6rw6qbk1pylpkv7w2","5o7ru0lg62b4yhz0x1oxbk2j3","5nelavgl9i8vdjqh6g50tfp93","abffcay8ga7fn36czpylhp8lt","6gxinx0kj3ihqahs05hlntgi9","ck6le21ojgx8cuq8pljec4wyb","bp046lttdgs1e7qv7c3ijlyuf","akomfad25k6xbfj6mh6iwwim0","997lxf1t87ur1ffizgl83e9zz","dje2eg4fju391wdgbe5u6clx6","94tk5zsodvhvlgqhjfqu4skzr","62xgbll0f89svjorj65mjmsyb","5csyxiashddwlojgulpgdxm6b","audbvo0lbv6sbeqatgtmjtaic","e2kigyvlciwvg85n1esrwbqry","alz9018ekdkr5er2836gqrbxb","29h77ojxav0qjkh8euoq88b4r","0hjln8c8nsca49gpugfxfz18g","2cl5ozyjiqfue0bzwys9s1ro3","emxx4s2lpt160v4dqsvsgz9ap","4w0meq26guhjxm1ml1ubil4b4"]} @ https://runtime-assets.adalo.com/static/js/main.79e9a9ca.js:1
[   44974ms] [WARNING] SKIPPING ERRONEOUS DEPENDENCY Error: Selector failed: {"type":"SELECT_VALUE_SELECTOR","selectObjectId":"7w4vqjjkneryup0qx6nyd5sox"}
    at G (https://runtime-assets.adalo.com/static/js/main.79e9a9ca.js:2:468532)
    at t.getDependencies (https://runtime-assets.adalo.com/static/js/main.79e9a9ca.js:2:467260)
    at L.isManuallyPaginated (https://runtime-assets.adalo.com/static/js/main.79e9a9ca.js:2:348848)
    at L.render (https://runtime-assets.adalo.com/static/js/main.79e9a9ca.js:2:244984)
    at Ds (https://runtime-assets.adalo.com/static/js/main.79e9a9ca.js:2:4414574)
    at Ls (https://runtime-assets.adalo.com/static/js/main.79e9a9ca.js:2:4414370)
    at Ml (https://runtime-assets.adalo.com/static/js/main.79e9a9ca.js:2:4457902)
    at bu (https://runtime-assets.adalo.com/static/js/main.79e9a9ca.js:2:4446043)
    at vu (https://runtime-assets.adalo.com/static/js/main.79e9a9ca.js:2:4445971)
    at yu (https://runtime-assets.adalo.com/static/js/main.79e9a9ca.js:2:4445834)
    at au (https://runtime-assets.adalo.com/static/js/main.79e9a9ca.js:2:4440938)
    at S (https://runtime-assets.adalo.com/static/js/main.79e9a9ca.js:2:4731959)
    at I (https://runtime-assets.adalo.com/static/js/main.79e9a9ca.js:2:4732493)
    at O.<computed> (https://runtime-assets.adalo.com/static/js/main.79e9a9ca.js:2:4028835)
    at D (https://runtime-assets.adalo.com/static/js/main.79e9a9ca.js:2:4028604)
    at MessagePort.P (https://runtime-assets.adalo.com/static/js/main.79e9a9ca.js:2:4028663) {"id":"9iqh9rix6rw6qbk1pylpkv7w2","type":"binding","label":"ID","format":{"type":"commas"},"source":{"type":"field","source":{"type":"data","tableId":"t_5idhcbl2zu1px4fff99qt26gw","dataType":"object","selector":{"type":"SELECT_VALUE_SELECTOR","selectObjectId":"7w4vqjjkneryup0qx6nyd5sox"},"datasourceId":"a1ab1856443b44fcbe8d838f7fcfa88b"},"fieldId":"id","dataType":"number"},"bindingType":"libraryProp","childBindings":[],"siblingBindings":["7dreyduxg9ir4u4rhkd7kr07o","ayotx6lhqnky41mxfo2kjmf1m","4dp782249h0711rfptxmxnusd","4mvcbyyuliu16qctjhix48n3p","8go2kx093yc9aq84obz0drpbn","3seiwl38vg3mupppxfl22pc9l","3fe5qxnpwys9a38imtxg72rs6","8emt3wss18kxafeq3ky4i6bnv","61ynvdvadst0xiqxwh6qaf0ig","auo12ynqkhthr6wafsoiivcz9","eqsrvb46v1cwfz2kmkzlw3f83","b3s4hvzs0o1qnb29akq9x4ccy","8kvegdbaklcu0jsi56tpdlt4o","5nzi2adqdpyyqy5v1izrzohw1","92qxmmj03fcllsv5o3tf9kbhw","bt2sevpq7gr4l9nk2rs6x7bpf","bycnteo1nswgjajhmvbmo3nh0","0421zdtq1ubjapbkyvh3k699z","5ukthu1xzlli7nf8gmo3665ry","3dtdyu0h8pozjs9tj5b869sy6","60d0i4jtiujjzw2vwtsafefr4","drgxhyyti591j7ksmrk6zuwnw","4dehw2mdedgcobf9zhvijl0t5","dz5zps63gbxp5myyzrc9z92pz","f0ffzw2sy8q9ba5jukhixd3a6","8t0vjvopwqyg6j0nestwt6fyh","02o8nb343950hbjoqc2inwpre","dy623trvqq4cvdv38sr4q58cq","5o7ru0lg62b4yhz0x1oxbk2j3","5nelavgl9i8vdjqh6g50tfp93","abffcay8ga7fn36czpylhp8lt","6gxinx0kj3ihqahs05hlntgi9","ck6le21ojgx8cuq8pljec4wyb","bp046lttdgs1e7qv7c3ijlyuf","akomfad25k6xbfj6mh6iwwim0","997lxf1t87ur1ffizgl83e9zz","dje2eg4fju391wdgbe5u6clx6","94tk5zsodvhvlgqhjfqu4skzr","62xgbll0f89svjorj65mjmsyb","5csyxiashddwlojgulpgdxm6b","audbvo0lbv6sbeqatgtmjtaic","e2kigyvlciwvg85n1esrwbqry","alz9018ekdkr5er2836gqrbxb","29h77ojxav0qjkh8euoq88b4r","0hjln8c8nsca49gpugfxfz18g","2cl5ozyjiqfue0bzwys9s1ro3","emxx4s2lpt160v4dqsvsgz9ap","4w0meq26guhjxm1ml1ubil4b4"]} @ https://runtime-assets.adalo.com/static/js/main.79e9a9ca.js:1
[   44976ms] [WARNING] SKIPPING ERRONEOUS DEPENDENCY Error: Selector failed: {"type":"SELECT_VALUE_SELECTOR","selectObjectId":"1d1eqqw7ub6ghlz5ltyfykwui"}
    at G (https://runtime-assets.adalo.com/static/js/main.79e9a9ca.js:2:468532)
    at t.getDependencies (https://runtime-assets.adalo.com/static/js/main.79e9a9ca.js:2:467260)
    at L.isManuallyPaginated (https://runtime-assets.adalo.com/static/js/main.79e9a9ca.js:2:348848)
    at L.render (https://runtime-assets.adalo.com/static/js/main.79e9a9ca.js:2:244984)
    at Ds (https://runtime-assets.adalo.com/static/js/main.79e9a9ca.js:2:4414574)
    at Ls (https://runtime-assets.adalo.com/static/js/main.79e9a9ca.js:2:4414370)
    at Ml (https://runtime-assets.adalo.com/static/js/main.79e9a9ca.js:2:4457902)
    at bu (https://runtime-assets.adalo.com/static/js/main.79e9a9ca.js:2:4446043)
    at vu (https://runtime-assets.adalo.com/static/js/main.79e9a9ca.js:2:4445971)
    at yu (https://runtime-assets.adalo.com/static/js/main.79e9a9ca.js:2:4445834)
    at au (https://runtime-assets.adalo.com/static/js/main.79e9a9ca.js:2:4440938)
    at S (https://runtime-assets.adalo.com/static/js/main.79e9a9ca.js:2:4731959)
    at I (https://runtime-assets.adalo.com/static/js/main.79e9a9ca.js:2:4732493)
    at O.<computed> (https://runtime-assets.adalo.com/static/js/main.79e9a9ca.js:2:4028835)
    at D (https://runtime-assets.adalo.com/static/js/main.79e9a9ca.js:2:4028604)
    at MessagePort.P (https://runtime-assets.adalo.com/static/js/main.79e9a9ca.js:2:4028663) {"id":"5784tdv70verd4m24w9964bg7","type":"binding","label":"conference_name","source":{"type":"field","source":{"type":"data","tableId":"t_5fi9vn22j1ibyg3p7mizk8hlm","dataType":"object","selector":{"type":"SELECT_VALUE_SELECTOR","selectObjectId":"1d1eqqw7ub6ghlz5ltyfykwui"},"datasourceId":"a1ab1856443b44fcbe8d838f7fcfa88b"},"fieldId":"conference_name","dataType":"text"},"bindingType":"libraryProp"} @ https://runtime-assets.adalo.com/static/js/main.79e9a9ca.js:1
[   44976ms] [WARNING] SKIPPING ERRONEOUS DEPENDENCY Error: Selector failed: {"type":"SELECT_VALUE_SELECTOR","selectObjectId":"1d1eqqw7ub6ghlz5ltyfykwui"}
    at G (https://runtime-assets.adalo.com/static/js/main.79e9a9ca.js:2:468532)
    at t.getDependencies (https://runtime-assets.adalo.com/static/js/main.79e9a9ca.js:2:467260)
    at L.isManuallyPaginated (https://runtime-assets.adalo.com/static/js/main.79e9a9ca.js:2:348848)
    at L.render (https://runtime-assets.adalo.com/static/js/main.79e9a9ca.js:2:244984)
    at Ds (https://runtime-assets.adalo.com/static/js/main.79e9a9ca.js:2:4414574)
    at Ls (https://runtime-assets.adalo.com/static/js/main.79e9a9ca.js:2:4414370)
    at Ml (https://runtime-assets.adalo.com/static/js/main.79e9a9ca.js:2:4457902)
    at bu (https://runtime-assets.adalo.com/static/js/main.79e9a9ca.js:2:4446043)
    at vu (https://runtime-assets.adalo.com/static/js/main.79e9a9ca.js:2:4445971)
    at yu (https://runtime-assets.adalo.com/static/js/main.79e9a9ca.js:2:4445834)
    at au (https://runtime-assets.adalo.com/static/js/main.79e9a9ca.js:2:4440938)
    at S (https://runtime-assets.adalo.com/static/js/main.79e9a9ca.js:2:4731959)
    at I (https://runtime-assets.adalo.com/static/js/main.79e9a9ca.js:2:4732493)
    at O.<computed> (https://runtime-assets.adalo.com/static/js/main.79e9a9ca.js:2:4028835)
    at D (https://runtime-assets.adalo.com/static/js/main.79e9a9ca.js:2:4028604)
    at MessagePort.P (https://runtime-assets.adalo.com/static/js/main.79e9a9ca.js:2:4028663) {"id":"2eo1n1hgrwy23q7u805um8qid","type":"binding","format":{"type":"commas"},"source":{"type":"field","source":{"type":"data","tableId":"t_5fi9vn22j1ibyg3p7mizk8hlm","dataType":"object","selector":{"type":"SELECT_VALUE_SELECTOR","selectObjectId":"1d1eqqw7ub6ghlz5ltyfykwui"},"datasourceId":"a1ab1856443b44fcbe8d838f7fcfa88b"},"fieldId":"rawconferencelist_id","dataType":"number"},"bindingType":"libraryProp"} @ https://runtime-assets.adalo.com/static/js/main.79e9a9ca.js:1
[   44976ms] [WARNING] SKIPPING ERRONEOUS DEPENDENCY Error: Selector failed: {"type":"SELECT_VALUE_SELECTOR","selectObjectId":"1d1eqqw7ub6ghlz5ltyfykwui"}
    at G (https://runtime-assets.adalo.com/static/js/main.79e9a9ca.js:2:468532)
    at t.getDependencies (https://runtime-assets.adalo.com/static/js/main.79e9a9ca.js:2:467260)
    at L.isManuallyPaginated (https://runtime-assets.adalo.com/static/js/main.79e9a9ca.js:2:348848)
    at L.render (https://runtime-assets.adalo.com/static/js/main.79e9a9ca.js:2:244984)
    at Ds (https://runtime-assets.adalo.com/static/js/main.79e9a9ca.js:2:4414574)
    at Ls (https://runtime-assets.adalo.com/static/js/main.79e9a9ca.js:2:4414370)
    at Ml (https://runtime-assets.adalo.com/static/js/main.79e9a9ca.js:2:4457902)
    at bu (https://runtime-assets.adalo.com/static/js/main.79e9a9ca.js:2:4446043)
    at vu (https://runtime-assets.adalo.com/static/js/main.79e9a9ca.js:2:4445971)
    at yu (https://runtime-assets.adalo.com/static/js/main.79e9a9ca.js:2:4445834)
    at au (https://runtime-assets.adalo.com/static/js/main.79e9a9ca.js:2:4440938)
    at S (https://runtime-assets.adalo.com/static/js/main.79e9a9ca.js:2:4731959)
    at I (https://runtime-assets.adalo.com/static/js/main.79e9a9ca.js:2:4732493)
    at O.<computed> (https://runtime-assets.adalo.com/static/js/main.79e9a9ca.js:2:4028835)
    at D (https://runtime-assets.adalo.com/static/js/main.79e9a9ca.js:2:4028604)
    at MessagePort.P (https://runtime-assets.adalo.com/static/js/main.79e9a9ca.js:2:4028663) {"source":{"type":"field","source":{"type":"data","tableId":"t_5fi9vn22j1ibyg3p7mizk8hlm","dataType":"object","selector":{"type":"SELECT_VALUE_SELECTOR","selectObjectId":"1d1eqqw7ub6ghlz5ltyfykwui"},"datasourceId":"a1ab1856443b44fcbe8d838f7fcfa88b"},"fieldId":"rawconferencelist_id","dataType":"number"}} @ https://runtime-assets.adalo.com/static/js/main.79e9a9ca.js:1
[   44976ms] [WARNING] SKIPPING ERRONEOUS DEPENDENCY Error: Selector failed: {"type":"SELECT_VALUE_SELECTOR","selectObjectId":"1d1eqqw7ub6ghlz5ltyfykwui"}
    at G (https://runtime-assets.adalo.com/static/js/main.79e9a9ca.js:2:468532)
    at t.getDependencies (https://runtime-assets.adalo.com/static/js/main.79e9a9ca.js:2:467260)
    at L.isManuallyPaginated (https://runtime-assets.adalo.com/static/js/main.79e9a9ca.js:2:348848)
    at L.render (https://runtime-assets.adalo.com/static/js/main.79e9a9ca.js:2:244984)
    at Ds (https://runtime-assets.adalo.com/static/js/main.79e9a9ca.js:2:4414574)
    at Ls (https://runtime-assets.adalo.com/static/js/main.79e9a9ca.js:2:4414370)
    at Ml (https://runtime-assets.adalo.com/static/js/main.79e9a9ca.js:2:4457902)
    at bu (https://runtime-assets.adalo.com/static/js/main.79e9a9ca.js:2:4446043)
    at vu (https://runtime-assets.adalo.com/static/js/main.79e9a9ca.js:2:4445971)
    at yu (https://runtime-assets.adalo.com/static/js/main.79e9a9ca.js:2:4445834)
    at au (https://runtime-assets.adalo.com/static/js/main.79e9a9ca.js:2:4440938)
    at S (https://runtime-assets.adalo.com/static/js/main.79e9a9ca.js:2:4731959)
    at I (https://runtime-assets.adalo.com/static/js/main.79e9a9ca.js:2:4732493)
    at O.<computed> (https://runtime-assets.adalo.com/static/js/main.79e9a9ca.js:2:4028835)
    at D (https://runtime-assets.adalo.com/static/js/main.79e9a9ca.js:2:4028604)
    at MessagePort.P (https://runtime-assets.adalo.com/static/js/main.79e9a9ca.js:2:4028663) {"source":{"type":"field","source":{"type":"data","tableId":"t_5fi9vn22j1ibyg3p7mizk8hlm","dataType":"object","selector":{"type":"SELECT_VALUE_SELECTOR","selectObjectId":"1d1eqqw7ub6ghlz5ltyfykwui"},"datasourceId":"a1ab1856443b44fcbe8d838f7fcfa88b"},"fieldId":"conference_name","dataType":"text"}} @ https://runtime-assets.adalo.com/static/js/main.79e9a9ca.js:1
[   44977ms] [WARNING] SKIPPING ERRONEOUS DEPENDENCY Error: Selector failed: {"type":"CURRENT_USER_SELECTOR"}
    at G (https://runtime-assets.adalo.com/static/js/main.79e9a9ca.js:2:468532)
    at t.getDependencies (https://runtime-assets.adalo.com/static/js/main.79e9a9ca.js:2:467260)
    at L.isManuallyPaginated (https://runtime-assets.adalo.com/static/js/main.79e9a9ca.js:2:348848)
    at L.render (https://runtime-assets.adalo.com/static/js/main.79e9a9ca.js:2:244984)
    at Ds (https://runtime-assets.adalo.com/static/js/main.79e9a9ca.js:2:4414574)
    at Ls (https://runtime-assets.adalo.com/static/js/main.79e9a9ca.js:2:4414370)
    at Ml (https://runtime-assets.adalo.com/static/js/main.79e9a9ca.js:2:4457902)
    at bu (https://runtime-assets.adalo.com/static/js/main.79e9a9ca.js:2:4446043)
    at vu (https://runtime-assets.adalo.com/static/js/main.79e9a9ca.js:2:4445971)
    at yu (https://runtime-assets.adalo.com/static/js/main.79e9a9ca.js:2:4445834)
    at au (https://runtime-assets.adalo.com/static/js/main.79e9a9ca.js:2:4440938)
    at S (https://runtime-assets.adalo.com/static/js/main.79e9a9ca.js:2:4731959)
    at I (https://runtime-assets.adalo.com/static/js/main.79e9a9ca.js:2:4732493)
    at O.<computed> (https://runtime-assets.adalo.com/static/js/main.79e9a9ca.js:2:4028835)
    at D (https://runtime-assets.adalo.com/static/js/main.79e9a9ca.js:2:4028604)
    at MessagePort.P (https://runtime-assets.adalo.com/static/js/main.79e9a9ca.js:2:4028663) {"id":"en0xhfc9kfg4dbn1n2pekc207","type":"binding","source":{"type":"field","source":{"type":"data","source":null,"tableId":"t_80c852bba70544a6a98079124dfc8e10","dataType":"object","selector":{"type":"CURRENT_USER_SELECTOR"},"datasourceId":"4dba133b22784a13b18b1a791cfdd211"},"fieldId":"remaining_credits","dataType":"number"},"options":{},"comparator":"<","comparison":"1","bindingType":"libraryProp"} @ https://runtime-assets.adalo.com/static/js/main.79e9a9ca.js:1
[   45036ms] [WARNING] SKIPPING ERRONEOUS DEPENDENCY Error: Selector failed: {"type":"CURRENT_USER_SELECTOR"}
    at G (https://runtime-assets.adalo.com/static/js/main.79e9a9ca.js:2:468532)
    at t.getDependencies (https://runtime-assets.adalo.com/static/js/main.79e9a9ca.js:2:467260)
    at J._getDependenciesWithoutTracing (https://runtime-assets.adalo.com/static/js/main.79e9a9ca.js:2:297148)
    at J.getDependencies (https://runtime-assets.adalo.com/static/js/main.79e9a9ca.js:2:594920)
    at J._setupWithoutTracing (https://runtime-assets.adalo.com/static/js/main.79e9a9ca.js:2:299863)
    at J.setup (https://runtime-assets.adalo.com/static/js/main.79e9a9ca.js:2:300624) {"id":"cbmpybstng5h4paecr60bbabe","type":"binding","label":"name","source":{"type":"field","source":{"type":"data","source":null,"tableId":"t_80c852bba70544a6a98079124dfc8e10","dataType":"object","selector":{"type":"CURRENT_USER_SELECTOR"},"datasourceId":"4dba133b22784a13b18b1a791cfdd211"},"fieldId":"name","dataType":"text"},"bindingType":"libraryProp","childBindings":[],"siblingBindings":["82jnplk3ef502gh5ra15iven5","alb6jx052np69houarjepkzxt","d4ccnilspvhusn5vln7fnumoq","e1u2k5uadbzmnwqydjuj41a8s","el4yprrbnqt3re35jo8dnbq8u","a523cf05i53tfa1bas0wgcebu","22a4gatllq388sgqrwk9hg2t6","a9kncdenpdwn86cruysxqr9b8","6mz0b5cugikqk54s5zozthbzy","br9652mqlrwn0h0cretf6p9zx","28us5z1bh4mkf4afr7o4k7rx7","18hbzwi2guish96ccpaonxxk4","1ggvf2r6q7go47x48nu91ucjq","42ksl48yfdoh4nqvc6timfr64","54a7sb35ft40ry0jfk4h0eyko","7h1o8zkry3k0wp4pv0b9wzr15","0ymorhi8eb1nrs3elbg40pr1z","7nbe807feozxlvbrxv7oj75u5","70hnqwp00hw0kge0jgrzr4qf7","9u8oqksftkn3agm4ipoxrsbjx","9ug8uo6o17gleq6ylnj6qavgv","dx862l5uvza6ics9aj30xud64","cgauy5zngx8hftafb99hggnr6","9bh37hevrfmh9j65ey3t5d3jo","0c5zgo2nqaryc6h436fzq1917","9p2sxifrpgjp9fcdjbogo7dpj","5byx6g0lyx65555o4o1mw38zy","0sy2fxg7c83fjpl4lvo6tfrca","7jvkthazbah1b1wn1dcq3mnyb","3x7z0ehqdtk40uxmkcuily2uh","bcd0wc7fh65tlses260mvipw8","8e2q1qbluecvdigvy8zv8paa3","4xchnrnt0ghb5js0a9hcrq4w4","7razvctmyk23l0rd9yiv57sb7","1ngsxv2y81cymdir3xvr6shvl","bak8qlbpq9rlper30e6e2kmbg","czpqup69r43tp8s7bbwzsdnh8","2yexwfwi4p5bmiwdnt7ihq5yl","bl7mk740xtdpww5ry0zu85njs","6hxt8v85e3b3e7ieyj1lyzzwz","e2nh4d93yibu4dlslg6bgmc4a","dtve1dk2jd447mh82v6otn2lz","33a6dundlksh174piduuamiho","18ga0zwqxp8u5efdlsdv82r8d","bwqw1eamimneq8zb7g2an5mid","e7yn04cnn5a3r9ni1gmanib8f","8rarref319wusbtpmj6ysddwn","85nsihg7i4vwig5xk4apauurc","83avks0gii65yn86ol2ykg9jn","77pmx827axqp70xpq5n2fs2iw","akt84ne10f21gvu1zo4a0tnky","crfi8mkht317b5t194gdx4f5y","e0byem1czlsmxycm97vuwkurs","1qc0kbf266t9we5xpxwyzrja6","2mu20s4gvb4upajd4k9v0p4lv"]} @ https://runtime-assets.adalo.com/static/js/main.79e9a9ca.js:1
[   45036ms] [WARNING] SKIPPING ERRONEOUS DEPENDENCY Error: Selector failed: {"type":"CURRENT_USER_SELECTOR"}
    at G (https://runtime-assets.adalo.com/static/js/main.79e9a9ca.js:2:468532)
    at t.getDependencies (https://runtime-assets.adalo.com/static/js/main.79e9a9ca.js:2:467260)
    at J._getDependenciesWithoutTracing (https://runtime-assets.adalo.com/static/js/main.79e9a9ca.js:2:297148)
    at J.getDependencies (https://runtime-assets.adalo.com/static/js/main.79e9a9ca.js:2:594920)
    at J._setupWithoutTracing (https://runtime-assets.adalo.com/static/js/main.79e9a9ca.js:2:299863)
    at J.setup (https://runtime-assets.adalo.com/static/js/main.79e9a9ca.js:2:300624) {"id":"dx862l5uvza6ics9aj30xud64","type":"binding","label":"name","source":{"type":"field","source":{"type":"data","source":null,"tableId":"t_80c852bba70544a6a98079124dfc8e10","dataType":"object","selector":{"type":"CURRENT_USER_SELECTOR"},"datasourceId":"4dba133b22784a13b18b1a791cfdd211"},"fieldId":"name","dataType":"text"},"bindingType":"libraryProp","childBindings":[],"siblingBindings":["82jnplk3ef502gh5ra15iven5","alb6jx052np69houarjepkzxt","d4ccnilspvhusn5vln7fnumoq","e1u2k5uadbzmnwqydjuj41a8s","el4yprrbnqt3re35jo8dnbq8u","a523cf05i53tfa1bas0wgcebu","22a4gatllq388sgqrwk9hg2t6","a9kncdenpdwn86cruysxqr9b8","6mz0b5cugikqk54s5zozthbzy","br9652mqlrwn0h0cretf6p9zx","28us5z1bh4mkf4afr7o4k7rx7","18hbzwi2guish96ccpaonxxk4","1ggvf2r6q7go47x48nu91ucjq","42ksl48yfdoh4nqvc6timfr64","54a7sb35ft40ry0jfk4h0eyko","7h1o8zkry3k0wp4pv0b9wzr15","0ymorhi8eb1nrs3elbg40pr1z","7nbe807feozxlvbrxv7oj75u5","70hnqwp00hw0kge0jgrzr4qf7","9u8oqksftkn3agm4ipoxrsbjx","9ug8uo6o17gleq6ylnj6qavgv","cbmpybstng5h4paecr60bbabe","cgauy5zngx8hftafb99hggnr6","9bh37hevrfmh9j65ey3t5d3jo","0c5zgo2nqaryc6h436fzq1917","9p2sxifrpgjp9fcdjbogo7dpj","5byx6g0lyx65555o4o1mw38zy","0sy2fxg7c83fjpl4lvo6tfrca","7jvkthazbah1b1wn1dcq3mnyb","3x7z0ehqdtk40uxmkcuily2uh","bcd0wc7fh65tlses260mvipw8","8e2q1qbluecvdigvy8zv8paa3","4xchnrnt0ghb5js0a9hcrq4w4","7razvctmyk23l0rd9yiv57sb7","1ngsxv2y81cymdir3xvr6shvl","bak8qlbpq9rlper30e6e2kmbg","czpqup69r43tp8s7bbwzsdnh8","2yexwfwi4p5bmiwdnt7ihq5yl","bl7mk740xtdpww5ry0zu85njs","6hxt8v85e3b3e7ieyj1lyzzwz","e2nh4d93yibu4dlslg6bgmc4a","dtve1dk2jd447mh82v6otn2lz","33a6dundlksh174piduuamiho","18ga0zwqxp8u5efdlsdv82r8d","bwqw1eamimneq8zb7g2an5mid","e7yn04cnn5a3r9ni1gmanib8f","8rarref319wusbtpmj6ysddwn","85nsihg7i4vwig5xk4apauurc","83avks0gii65yn86ol2ykg9jn","77pmx827axqp70xpq5n2fs2iw","akt84ne10f21gvu1zo4a0tnky","crfi8mkht317b5t194gdx4f5y","e0byem1czlsmxycm97vuwkurs","1qc0kbf266t9we5xpxwyzrja6","2mu20s4gvb4upajd4k9v0p4lv"]} @ https://runtime-assets.adalo.com/static/js/main.79e9a9ca.js:1
[   45101ms] [WARNING] SKIPPING ERRONEOUS DEPENDENCY Error: Selector failed: {"type":"SELECT_VALUE_SELECTOR","selectObjectId":"3bmmor6uwgy9d932vmz7r1pag"}
    at G (https://runtime-assets.adalo.com/static/js/main.79e9a9ca.js:2:468532)
    at t.getDependencies (https://runtime-assets.adalo.com/static/js/main.79e9a9ca.js:2:467260)
    at L.isManuallyPaginated (https://runtime-assets.adalo.com/static/js/main.79e9a9ca.js:2:348848)
    at L.render (https://runtime-assets.adalo.com/static/js/main.79e9a9ca.js:2:244984)
    at Ds (https://runtime-assets.adalo.com/static/js/main.79e9a9ca.js:2:4414574)
    at Ls (https://runtime-assets.adalo.com/static/js/main.79e9a9ca.js:2:4414370)
    at Ml (https://runtime-assets.adalo.com/static/js/main.79e9a9ca.js:2:4457902)
    at bu (https://runtime-assets.adalo.com/static/js/main.79e9a9ca.js:2:4446043)
    at vu (https://runtime-assets.adalo.com/static/js/main.79e9a9ca.js:2:4445971)
    at yu (https://runtime-assets.adalo.com/static/js/main.79e9a9ca.js:2:4445834)
    at au (https://runtime-assets.adalo.com/static/js/main.79e9a9ca.js:2:4440938)
    at S (https://runtime-assets.adalo.com/static/js/main.79e9a9ca.js:2:4731959)
    at I (https://runtime-assets.adalo.com/static/js/main.79e9a9ca.js:2:4732493)
    at O.<computed> (https://runtime-assets.adalo.com/static/js/main.79e9a9ca.js:2:4028835)
    at D (https://runtime-assets.adalo.com/static/js/main.79e9a9ca.js:2:4028604)
    at MessagePort.P (https://runtime-assets.adalo.com/static/js/main.79e9a9ca.js:2:4028663) {"id":"02o8nb343950hbjoqc2inwpre","type":"binding","label":"Lead_Score","source":{"type":"field","source":{"type":"data","tableId":"t_61ne992eubatuoqw8vephoi4k","dataType":"object","selector":{"type":"SELECT_VALUE_SELECTOR","selectObjectId":"3bmmor6uwgy9d932vmz7r1pag"},"datasourceId":"a1ab1856443b44fcbe8d838f7fcfa88b"},"fieldId":"Lead_Score","dataType":"text"},"bindingType":"libraryProp","childBindings":[],"siblingBindings":["7dreyduxg9ir4u4rhkd7kr07o","ayotx6lhqnky41mxfo2kjmf1m","4dp782249h0711rfptxmxnusd","4mvcbyyuliu16qctjhix48n3p","8go2kx093yc9aq84obz0drpbn","3seiwl38vg3mupppxfl22pc9l","3fe5qxnpwys9a38imtxg72rs6","8emt3wss18kxafeq3ky4i6bnv","61ynvdvadst0xiqxwh6qaf0ig","auo12ynqkhthr6wafsoiivcz9","eqsrvb46v1cwfz2kmkzlw3f83","b3s4hvzs0o1qnb29akq9x4ccy","8kvegdbaklcu0jsi56tpdlt4o","5nzi2adqdpyyqy5v1izrzohw1","92qxmmj03fcllsv5o3tf9kbhw","bt2sevpq7gr4l9nk2rs6x7bpf","bycnteo1nswgjajhmvbmo3nh0","0421zdtq1ubjapbkyvh3k699z","5ukthu1xzlli7nf8gmo3665ry","3dtdyu0h8pozjs9tj5b869sy6","60d0i4jtiujjzw2vwtsafefr4","drgxhyyti591j7ksmrk6zuwnw","4dehw2mdedgcobf9zhvijl0t5","dz5zps63gbxp5myyzrc9z92pz","f0ffzw2sy8q9ba5jukhixd3a6","8t0vjvopwqyg6j0nestwt6fyh","dy623trvqq4cvdv38sr4q58cq","9iqh9rix6rw6qbk1pylpkv7w2","5o7ru0lg62b4yhz0x1oxbk2j3","5nelavgl9i8vdjqh6g50tfp93","abffcay8ga7fn36czpylhp8lt","6gxinx0kj3ihqahs05hlntgi9","ck6le21ojgx8cuq8pljec4wyb","bp046lttdgs1e7qv7c3ijlyuf","akomfad25k6xbfj6mh6iwwim0","997lxf1t87ur1ffizgl83e9zz","dje2eg4fju391wdgbe5u6clx6","94tk5zsodvhvlgqhjfqu4skzr","62xgbll0f89svjorj65mjmsyb","5csyxiashddwlojgulpgdxm6b","audbvo0lbv6sbeqatgtmjtaic","e2kigyvlciwvg85n1esrwbqry","alz9018ekdkr5er2836gqrbxb","29h77ojxav0qjkh8euoq88b4r","0hjln8c8nsca49gpugfxfz18g","2cl5ozyjiqfue0bzwys9s1ro3","emxx4s2lpt160v4dqsvsgz9ap","4w0meq26guhjxm1ml1ubil4b4"]} @ https://runtime-assets.adalo.com/static/js/main.79e9a9ca.js:1
[   45102ms] [WARNING] SKIPPING ERRONEOUS DEPENDENCY Error: Selector failed: {"type":"CURRENT_USER_SELECTOR"}
    at G (https://runtime-assets.adalo.com/static/js/main.79e9a9ca.js:2:468532)
    at t.getDependencies (https://runtime-assets.adalo.com/static/js/main.79e9a9ca.js:2:467260)
    at L.isManuallyPaginated (https://runtime-assets.adalo.com/static/js/main.79e9a9ca.js:2:348848)
    at L.render (https://runtime-assets.adalo.com/static/js/main.79e9a9ca.js:2:244984)
    at Ds (https://runtime-assets.adalo.com/static/js/main.79e9a9ca.js:2:4414574)
    at Ls (https://runtime-assets.adalo.com/static/js/main.79e9a9ca.js:2:4414370)
    at Ml (https://runtime-assets.adalo.com/static/js/main.79e9a9ca.js:2:4457902)
    at bu (https://runtime-assets.adalo.com/static/js/main.79e9a9ca.js:2:4446043)
    at vu (https://runtime-assets.adalo.com/static/js/main.79e9a9ca.js:2:4445971)
    at yu (https://runtime-assets.adalo.com/static/js/main.79e9a9ca.js:2:4445834)
    at au (https://runtime-assets.adalo.com/static/js/main.79e9a9ca.js:2:4440938)
    at S (https://runtime-assets.adalo.com/static/js/main.79e9a9ca.js:2:4731959)
    at I (https://runtime-assets.adalo.com/static/js/main.79e9a9ca.js:2:4732493)
    at O.<computed> (https://runtime-assets.adalo.com/static/js/main.79e9a9ca.js:2:4028835)
    at D (https://runtime-assets.adalo.com/static/js/main.79e9a9ca.js:2:4028604)
    at MessagePort.P (https://runtime-assets.adalo.com/static/js/main.79e9a9ca.js:2:4028663) {"id":"7dreyduxg9ir4u4rhkd7kr07o","type":"binding","label":"name","source":{"type":"field","source":{"type":"data","source":null,"tableId":"t_80c852bba70544a6a98079124dfc8e10","dataType":"object","selector":{"type":"CURRENT_USER_SELECTOR"},"datasourceId":"4dba133b22784a13b18b1a791cfdd211"},"fieldId":"name","dataType":"text"},"bindingType":"libraryProp","childBindings":[],"siblingBindings":["ayotx6lhqnky41mxfo2kjmf1m","4dp782249h0711rfptxmxnusd","4mvcbyyuliu16qctjhix48n3p","8go2kx093yc9aq84obz0drpbn","3seiwl38vg3mupppxfl22pc9l","3fe5qxnpwys9a38imtxg72rs6","8emt3wss18kxafeq3ky4i6bnv","61ynvdvadst0xiqxwh6qaf0ig","auo12ynqkhthr6wafsoiivcz9","eqsrvb46v1cwfz2kmkzlw3f83","b3s4hvzs0o1qnb29akq9x4ccy","8kvegdbaklcu0jsi56tpdlt4o","5nzi2adqdpyyqy5v1izrzohw1","92qxmmj03fcllsv5o3tf9kbhw","bt2sevpq7gr4l9nk2rs6x7bpf","bycnteo1nswgjajhmvbmo3nh0","0421zdtq1ubjapbkyvh3k699z","5ukthu1xzlli7nf8gmo3665ry","3dtdyu0h8pozjs9tj5b869sy6","60d0i4jtiujjzw2vwtsafefr4","drgxhyyti591j7ksmrk6zuwnw","4dehw2mdedgcobf9zhvijl0t5","dz5zps63gbxp5myyzrc9z92pz","f0ffzw2sy8q9ba5jukhixd3a6","8t0vjvopwqyg6j0nestwt6fyh","02o8nb343950hbjoqc2inwpre","dy623trvqq4cvdv38sr4q58cq","9iqh9rix6rw6qbk1pylpkv7w2","5o7ru0lg62b4yhz0x1oxbk2j3","5nelavgl9i8vdjqh6g50tfp93","abffcay8ga7fn36czpylhp8lt","6gxinx0kj3ihqahs05hlntgi9","ck6le21ojgx8cuq8pljec4wyb","bp046lttdgs1e7qv7c3ijlyuf","akomfad25k6xbfj6mh6iwwim0","997lxf1t87ur1ffizgl83e9zz","dje2eg4fju391wdgbe5u6clx6","94tk5zsodvhvlgqhjfqu4skzr","62xgbll0f89svjorj65mjmsyb","5csyxiashddwlojgulpgdxm6b","audbvo0lbv6sbeqatgtmjtaic","e2kigyvlciwvg85n1esrwbqry","alz9018ekdkr5er2836gqrbxb","29h77ojxav0qjkh8euoq88b4r","0hjln8c8nsca49gpugfxfz18g","2cl5ozyjiqfue0bzwys9s1ro3","emxx4s2lpt160v4dqsvsgz9ap","4w0meq26guhjxm1ml1ubil4b4"]} @ https://runtime-assets.adalo.com/static/js/main.79e9a9ca.js:1
[   45103ms] [WARNING] SKIPPING ERRONEOUS DEPENDENCY Error: Selector failed: {"type":"SELECT_VALUE_SELECTOR","selectObjectId":"7w4vqjjkneryup0qx6nyd5sox"}
    at G (https://runtime-assets.adalo.com/static/js/main.79e9a9ca.js:2:468532)
    at t.getDependencies (https://runtime-assets.adalo.com/static/js/main.79e9a9ca.js:2:467260)
    at L.isManuallyPaginated (https://runtime-assets.adalo.com/static/js/main.79e9a9ca.js:2:348848)
    at L.render (https://runtime-assets.adalo.com/static/js/main.79e9a9ca.js:2:244984)
    at Ds (https://runtime-assets.adalo.com/static/js/main.79e9a9ca.js:2:4414574)
    at Ls (https://runtime-assets.adalo.com/static/js/main.79e9a9ca.js:2:4414370)
    at Ml (https://runtime-assets.adalo.com/static/js/main.79e9a9ca.js:2:4457902)
    at bu (https://runtime-assets.adalo.com/static/js/main.79e9a9ca.js:2:4446043)
    at vu (https://runtime-assets.adalo.com/static/js/main.79e9a9ca.js:2:4445971)
    at yu (https://runtime-assets.adalo.com/static/js/main.79e9a9ca.js:2:4445834)
    at au (https://runtime-assets.adalo.com/static/js/main.79e9a9ca.js:2:4440938)
    at S (https://runtime-assets.adalo.com/static/js/main.79e9a9ca.js:2:4731959)
    at I (https://runtime-assets.adalo.com/static/js/main.79e9a9ca.js:2:4732493)
    at O.<computed> (https://runtime-assets.adalo.com/static/js/main.79e9a9ca.js:2:4028835)
    at D (https://runtime-assets.adalo.com/static/js/main.79e9a9ca.js:2:4028604)
    at MessagePort.P (https://runtime-assets.adalo.com/static/js/main.79e9a9ca.js:2:4028663) {"id":"9iqh9rix6rw6qbk1pylpkv7w2","type":"binding","label":"ID","format":{"type":"commas"},"source":{"type":"field","source":{"type":"data","tableId":"t_5idhcbl2zu1px4fff99qt26gw","dataType":"object","selector":{"type":"SELECT_VALUE_SELECTOR","selectObjectId":"7w4vqjjkneryup0qx6nyd5sox"},"datasourceId":"a1ab1856443b44fcbe8d838f7fcfa88b"},"fieldId":"id","dataType":"number"},"bindingType":"libraryProp","childBindings":[],"siblingBindings":["7dreyduxg9ir4u4rhkd7kr07o","ayotx6lhqnky41mxfo2kjmf1m","4dp782249h0711rfptxmxnusd","4mvcbyyuliu16qctjhix48n3p","8go2kx093yc9aq84obz0drpbn","3seiwl38vg3mupppxfl22pc9l","3fe5qxnpwys9a38imtxg72rs6","8emt3wss18kxafeq3ky4i6bnv","61ynvdvadst0xiqxwh6qaf0ig","auo12ynqkhthr6wafsoiivcz9","eqsrvb46v1cwfz2kmkzlw3f83","b3s4hvzs0o1qnb29akq9x4ccy","8kvegdbaklcu0jsi56tpdlt4o","5nzi2adqdpyyqy5v1izrzohw1","92qxmmj03fcllsv5o3tf9kbhw","bt2sevpq7gr4l9nk2rs6x7bpf","bycnteo1nswgjajhmvbmo3nh0","0421zdtq1ubjapbkyvh3k699z","5ukthu1xzlli7nf8gmo3665ry","3dtdyu0h8pozjs9tj5b869sy6","60d0i4jtiujjzw2vwtsafefr4","drgxhyyti591j7ksmrk6zuwnw","4dehw2mdedgcobf9zhvijl0t5","dz5zps63gbxp5myyzrc9z92pz","f0ffzw2sy8q9ba5jukhixd3a6","8t0vjvopwqyg6j0nestwt6fyh","02o8nb343950hbjoqc2inwpre","dy623trvqq4cvdv38sr4q58cq","5o7ru0lg62b4yhz0x1oxbk2j3","5nelavgl9i8vdjqh6g50tfp93","abffcay8ga7fn36czpylhp8lt","6gxinx0kj3ihqahs05hlntgi9","ck6le21ojgx8cuq8pljec4wyb","bp046lttdgs1e7qv7c3ijlyuf","akomfad25k6xbfj6mh6iwwim0","997lxf1t87ur1ffizgl83e9zz","dje2eg4fju391wdgbe5u6clx6","94tk5zsodvhvlgqhjfqu4skzr","62xgbll0f89svjorj65mjmsyb","5csyxiashddwlojgulpgdxm6b","audbvo0lbv6sbeqatgtmjtaic","e2kigyvlciwvg85n1esrwbqry","alz9018ekdkr5er2836gqrbxb","29h77ojxav0qjkh8euoq88b4r","0hjln8c8nsca49gpugfxfz18g","2cl5ozyjiqfue0bzwys9s1ro3","emxx4s2lpt160v4dqsvsgz9ap","4w0meq26guhjxm1ml1ubil4b4"]} @ https://runtime-assets.adalo.com/static/js/main.79e9a9ca.js:1
[   45104ms] [WARNING] SKIPPING ERRONEOUS DEPENDENCY Error: Selector failed: {"type":"SELECT_VALUE_SELECTOR","selectObjectId":"1d1eqqw7ub6ghlz5ltyfykwui"}
    at G (https://runtime-assets.adalo.com/static/js/main.79e9a9ca.js:2:468532)
    at t.getDependencies (https://runtime-assets.adalo.com/static/js/main.79e9a9ca.js:2:467260)
    at L.isManuallyPaginated (https://runtime-assets.adalo.com/static/js/main.79e9a9ca.js:2:348848)
    at L.render (https://runtime-assets.adalo.com/static/js/main.79e9a9ca.js:2:244984)
    at Ds (https://runtime-assets.adalo.com/static/js/main.79e9a9ca.js:2:4414574)
    at Ls (https://runtime-assets.adalo.com/static/js/main.79e9a9ca.js:2:4414370)
    at Ml (https://runtime-assets.adalo.com/static/js/main.79e9a9ca.js:2:4457902)
    at bu (https://runtime-assets.adalo.com/static/js/main.79e9a9ca.js:2:4446043)
    at vu (https://runtime-assets.adalo.com/static/js/main.79e9a9ca.js:2:4445971)
    at yu (https://runtime-assets.adalo.com/static/js/main.79e9a9ca.js:2:4445834)
    at au (https://runtime-assets.adalo.com/static/js/main.79e9a9ca.js:2:4440938)
    at S (https://runtime-assets.adalo.com/static/js/main.79e9a9ca.js:2:4731959)
    at I (https://runtime-assets.adalo.com/static/js/main.79e9a9ca.js:2:4732493)
    at O.<computed> (https://runtime-assets.adalo.com/static/js/main.79e9a9ca.js:2:4028835)
    at D (https://runtime-assets.adalo.com/static/js/main.79e9a9ca.js:2:4028604)
    at MessagePort.P (https://runtime-assets.adalo.com/static/js/main.79e9a9ca.js:2:4028663) {"id":"5784tdv70verd4m24w9964bg7","type":"binding","label":"conference_name","source":{"type":"field","source":{"type":"data","tableId":"t_5fi9vn22j1ibyg3p7mizk8hlm","dataType":"object","selector":{"type":"SELECT_VALUE_SELECTOR","selectObjectId":"1d1eqqw7ub6ghlz5ltyfykwui"},"datasourceId":"a1ab1856443b44fcbe8d838f7fcfa88b"},"fieldId":"conference_name","dataType":"text"},"bindingType":"libraryProp"} @ https://runtime-assets.adalo.com/static/js/main.79e9a9ca.js:1
[   45104ms] [WARNING] SKIPPING ERRONEOUS DEPENDENCY Error: Selector failed: {"type":"SELECT_VALUE_SELECTOR","selectObjectId":"1d1eqqw7ub6ghlz5ltyfykwui"}
    at G (https://runtime-assets.adalo.com/static/js/main.79e9a9ca.js:2:468532)
    at t.getDependencies (https://runtime-assets.adalo.com/static/js/main.79e9a9ca.js:2:467260)
    at L.isManuallyPaginated (https://runtime-assets.adalo.com/static/js/main.79e9a9ca.js:2:348848)
    at L.render (https://runtime-assets.adalo.com/static/js/main.79e9a9ca.js:2:244984)
    at Ds (https://runtime-assets.adalo.com/static/js/main.79e9a9ca.js:2:4414574)
    at Ls (https://runtime-assets.adalo.com/static/js/main.79e9a9ca.js:2:4414370)
    at Ml (https://runtime-assets.adalo.com/static/js/main.79e9a9ca.js:2:4457902)
    at bu (https://runtime-assets.adalo.com/static/js/main.79e9a9ca.js:2:4446043)
    at vu (https://runtime-assets.adalo.com/static/js/main.79e9a9ca.js:2:4445971)
    at yu (https://runtime-assets.adalo.com/static/js/main.79e9a9ca.js:2:4445834)
    at au (https://runtime-assets.adalo.com/static/js/main.79e9a9ca.js:2:4440938)
    at S (https://runtime-assets.adalo.com/static/js/main.79e9a9ca.js:2:4731959)
    at I (https://runtime-assets.adalo.com/static/js/main.79e9a9ca.js:2:4732493)
    at O.<computed> (https://runtime-assets.adalo.com/static/js/main.79e9a9ca.js:2:4028835)
    at D (https://runtime-assets.adalo.com/static/js/main.79e9a9ca.js:2:4028604)
    at MessagePort.P (https://runtime-assets.adalo.com/static/js/main.79e9a9ca.js:2:4028663) {"id":"2eo1n1hgrwy23q7u805um8qid","type":"binding","format":{"type":"commas"},"source":{"type":"field","source":{"type":"data","tableId":"t_5fi9vn22j1ibyg3p7mizk8hlm","dataType":"object","selector":{"type":"SELECT_VALUE_SELECTOR","selectObjectId":"1d1eqqw7ub6ghlz5ltyfykwui"},"datasourceId":"a1ab1856443b44fcbe8d838f7fcfa88b"},"fieldId":"rawconferencelist_id","dataType":"number"},"bindingType":"libraryProp"} @ https://runtime-assets.adalo.com/static/js/main.79e9a9ca.js:1
[   45104ms] [WARNING] SKIPPING ERRONEOUS DEPENDENCY Error: Selector failed: {"type":"SELECT_VALUE_SELECTOR","selectObjectId":"1d1eqqw7ub6ghlz5ltyfykwui"}
    at G (https://runtime-assets.adalo.com/static/js/main.79e9a9ca.js:2:468532)
    at t.getDependencies (https://runtime-assets.adalo.com/static/js/main.79e9a9ca.js:2:467260)
    at L.isManuallyPaginated (https://runtime-assets.adalo.com/static/js/main.79e9a9ca.js:2:348848)
    at L.render (https://runtime-assets.adalo.com/static/js/main.79e9a9ca.js:2:244984)
    at Ds (https://runtime-assets.adalo.com/static/js/main.79e9a9ca.js:2:4414574)
    at Ls (https://runtime-assets.adalo.com/static/js/main.79e9a9ca.js:2:4414370)
    at Ml (https://runtime-assets.adalo.com/static/js/main.79e9a9ca.js:2:4457902)
    at bu (https://runtime-assets.adalo.com/static/js/main.79e9a9ca.js:2:4446043)
    at vu (https://runtime-assets.adalo.com/static/js/main.79e9a9ca.js:2:4445971)
    at yu (https://runtime-assets.adalo.com/static/js/main.79e9a9ca.js:2:4445834)
    at au (https://runtime-assets.adalo.com/static/js/main.79e9a9ca.js:2:4440938)
    at S (https://runtime-assets.adalo.com/static/js/main.79e9a9ca.js:2:4731959)
    at I (https://runtime-assets.adalo.com/static/js/main.79e9a9ca.js:2:4732493)
    at O.<computed> (https://runtime-assets.adalo.com/static/js/main.79e9a9ca.js:2:4028835)
    at D (https://runtime-assets.adalo.com/static/js/main.79e9a9ca.js:2:4028604)
    at MessagePort.P (https://runtime-assets.adalo.com/static/js/main.79e9a9ca.js:2:4028663) {"source":{"type":"field","source":{"type":"data","tableId":"t_5fi9vn22j1ibyg3p7mizk8hlm","dataType":"object","selector":{"type":"SELECT_VALUE_SELECTOR","selectObjectId":"1d1eqqw7ub6ghlz5ltyfykwui"},"datasourceId":"a1ab1856443b44fcbe8d838f7fcfa88b"},"fieldId":"rawconferencelist_id","dataType":"number"}} @ https://runtime-assets.adalo.com/static/js/main.79e9a9ca.js:1
[   45104ms] [WARNING] SKIPPING ERRONEOUS DEPENDENCY Error: Selector failed: {"type":"SELECT_VALUE_SELECTOR","selectObjectId":"1d1eqqw7ub6ghlz5ltyfykwui"}
    at G (https://runtime-assets.adalo.com/static/js/main.79e9a9ca.js:2:468532)
    at t.getDependencies (https://runtime-assets.adalo.com/static/js/main.79e9a9ca.js:2:467260)
    at L.isManuallyPaginated (https://runtime-assets.adalo.com/static/js/main.79e9a9ca.js:2:348848)
    at L.render (https://runtime-assets.adalo.com/static/js/main.79e9a9ca.js:2:244984)
    at Ds (https://runtime-assets.adalo.com/static/js/main.79e9a9ca.js:2:4414574)
    at Ls (https://runtime-assets.adalo.com/static/js/main.79e9a9ca.js:2:4414370)
    at Ml (https://runtime-assets.adalo.com/static/js/main.79e9a9ca.js:2:4457902)
    at bu (https://runtime-assets.adalo.com/static/js/main.79e9a9ca.js:2:4446043)
    at vu (https://runtime-assets.adalo.com/static/js/main.79e9a9ca.js:2:4445971)
    at yu (https://runtime-assets.adalo.com/static/js/main.79e9a9ca.js:2:4445834)
    at au (https://runtime-assets.adalo.com/static/js/main.79e9a9ca.js:2:4440938)
    at S (https://runtime-assets.adalo.com/static/js/main.79e9a9ca.js:2:4731959)
    at I (https://runtime-assets.adalo.com/static/js/main.79e9a9ca.js:2:4732493)
    at O.<computed> (https://runtime-assets.adalo.com/static/js/main.79e9a9ca.js:2:4028835)
    at D (https://runtime-assets.adalo.com/static/js/main.79e9a9ca.js:2:4028604)
    at MessagePort.P (https://runtime-assets.adalo.com/static/js/main.79e9a9ca.js:2:4028663) {"source":{"type":"field","source":{"type":"data","tableId":"t_5fi9vn22j1ibyg3p7mizk8hlm","dataType":"object","selector":{"type":"SELECT_VALUE_SELECTOR","selectObjectId":"1d1eqqw7ub6ghlz5ltyfykwui"},"datasourceId":"a1ab1856443b44fcbe8d838f7fcfa88b"},"fieldId":"conference_name","dataType":"text"}} @ https://runtime-assets.adalo.com/static/js/main.79e9a9ca.js:1
[   45105ms] [WARNING] SKIPPING ERRONEOUS DEPENDENCY Error: Selector failed: {"type":"CURRENT_USER_SELECTOR"}
    at G (https://runtime-assets.adalo.com/static/js/main.79e9a9ca.js:2:468532)
    at t.getDependencies (https://runtime-assets.adalo.com/static/js/main.79e9a9ca.js:2:467260)
    at L.isManuallyPaginated (https://runtime-assets.adalo.com/static/js/main.79e9a9ca.js:2:348848)
    at L.render (https://runtime-assets.adalo.com/static/js/main.79e9a9ca.js:2:244984)
    at Ds (https://runtime-assets.adalo.com/static/js/main.79e9a9ca.js:2:4414574)
    at Ls (https://runtime-assets.adalo.com/static/js/main.79e9a9ca.js:2:4414370)
    at Ml (https://runtime-assets.adalo.com/static/js/main.79e9a9ca.js:2:4457902)
    at bu (https://runtime-assets.adalo.com/static/js/main.79e9a9ca.js:2:4446043)
    at vu (https://runtime-assets.adalo.com/static/js/main.79e9a9ca.js:2:4445971)
    at yu (https://runtime-assets.adalo.com/static/js/main.79e9a9ca.js:2:4445834)
    at au (https://runtime-assets.adalo.com/static/js/main.79e9a9ca.js:2:4440938)
    at S (https://runtime-assets.adalo.com/static/js/main.79e9a9ca.js:2:4731959)
    at I (https://runtime-assets.adalo.com/static/js/main.79e9a9ca.js:2:4732493)
    at O.<computed> (https://runtime-assets.adalo.com/static/js/main.79e9a9ca.js:2:4028835)
    at D (https://runtime-assets.adalo.com/static/js/main.79e9a9ca.js:2:4028604)
    at MessagePort.P (https://runtime-assets.adalo.com/static/js/main.79e9a9ca.js:2:4028663) {"id":"en0xhfc9kfg4dbn1n2pekc207","type":"binding","source":{"type":"field","source":{"type":"data","source":null,"tableId":"t_80c852bba70544a6a98079124dfc8e10","dataType":"object","selector":{"type":"CURRENT_USER_SELECTOR"},"datasourceId":"4dba133b22784a13b18b1a791cfdd211"},"fieldId":"remaining_credits","dataType":"number"},"options":{},"comparator":"<","comparison":"1","bindingType":"libraryProp"} @ https://runtime-assets.adalo.com/static/js/main.79e9a9ca.js:1
[   45149ms] [WARNING] SKIPPING ERRONEOUS DEPENDENCY Error: Selector failed: {"type":"CURRENT_USER_SELECTOR"}
    at G (https://runtime-assets.adalo.com/static/js/main.79e9a9ca.js:2:468532)
    at t.getDependencies (https://runtime-assets.adalo.com/static/js/main.79e9a9ca.js:2:467260)
    at w.isManuallyPaginated (https://runtime-assets.adalo.com/static/js/main.79e9a9ca.js:2:348848)
    at w.renderPaginationControls (https://runtime-assets.adalo.com/static/js/main.79e9a9ca.js:2:370838)
    at w.render (https://runtime-assets.adalo.com/static/js/main.79e9a9ca.js:2:372453)
    at Ds (https://runtime-assets.adalo.com/static/js/main.79e9a9ca.js:2:4414574)
    at Ls (https://runtime-assets.adalo.com/static/js/main.79e9a9ca.js:2:4414370)
    at Ml (https://runtime-assets.adalo.com/static/js/main.79e9a9ca.js:2:4457902)
    at bu (https://runtime-assets.adalo.com/static/js/main.79e9a9ca.js:2:4446043)
    at vu (https://runtime-assets.adalo.com/static/js/main.79e9a9ca.js:2:4445971)
    at yu (https://runtime-assets.adalo.com/static/js/main.79e9a9ca.js:2:4445834)
    at uu (https://runtime-assets.adalo.com/static/js/main.79e9a9ca.js:2:4442950)
    at Wo (https://runtime-assets.adalo.com/static/js/main.79e9a9ca.js:2:4383545)
    at https://runtime-assets.adalo.com/static/js/main.79e9a9ca.js:2:4449428
    at Su (https://runtime-assets.adalo.com/static/js/main.79e9a9ca.js:2:4449433)
    at au (https://runtime-assets.adalo.com/static/js/main.79e9a9ca.js:2:4441891)
    at S (https://runtime-assets.adalo.com/static/js/main.79e9a9ca.js:2:4731959)
    at I (https://runtime-assets.adalo.com/static/js/main.79e9a9ca.js:2:4732493)
    at O.<computed> (https://runtime-assets.adalo.com/static/js/main.79e9a9ca.js:2:4028835)
    at D (https://runtime-assets.adalo.com/static/js/main.79e9a9ca.js:2:4028604)
    at MessagePort.P (https://runtime-assets.adalo.com/static/js/main.79e9a9ca.js:2:4028663) {"id":"cbmpybstng5h4paecr60bbabe","type":"binding","label":"name","source":{"type":"field","source":{"type":"data","source":null,"tableId":"t_80c852bba70544a6a98079124dfc8e10","dataType":"object","selector":{"type":"CURRENT_USER_SELECTOR"},"datasourceId":"4dba133b22784a13b18b1a791cfdd211"},"fieldId":"name","dataType":"text"},"bindingType":"libraryProp","childBindings":[],"siblingBindings":["82jnplk3ef502gh5ra15iven5","alb6jx052np69houarjepkzxt","d4ccnilspvhusn5vln7fnumoq","e1u2k5uadbzmnwqydjuj41a8s","el4yprrbnqt3re35jo8dnbq8u","a523cf05i53tfa1bas0wgcebu","22a4gatllq388sgqrwk9hg2t6","a9kncdenpdwn86cruysxqr9b8","6mz0b5cugikqk54s5zozthbzy","br9652mqlrwn0h0cretf6p9zx","28us5z1bh4mkf4afr7o4k7rx7","18hbzwi2guish96ccpaonxxk4","1ggvf2r6q7go47x48nu91ucjq","42ksl48yfdoh4nqvc6timfr64","54a7sb35ft40ry0jfk4h0eyko","7h1o8zkry3k0wp4pv0b9wzr15","0ymorhi8eb1nrs3elbg40pr1z","7nbe807feozxlvbrxv7oj75u5","70hnqwp00hw0kge0jgrzr4qf7","9u8oqksftkn3agm4ipoxrsbjx","9ug8uo6o17gleq6ylnj6qavgv","dx862l5uvza6ics9aj30xud64","cgauy5zngx8hftafb99hggnr6","9bh37hevrfmh9j65ey3t5d3jo","0c5zgo2nqaryc6h436fzq1917","9p2sxifrpgjp9fcdjbogo7dpj","5byx6g0lyx65555o4o1mw38zy","0sy2fxg7c83fjpl4lvo6tfrca","7jvkthazbah1b1wn1dcq3mnyb","3x7z0ehqdtk40uxmkcuily2uh","bcd0wc7fh65tlses260mvipw8","8e2q1qbluecvdigvy8zv8paa3","4xchnrnt0ghb5js0a9hcrq4w4","7razvctmyk23l0rd9yiv57sb7","1ngsxv2y81cymdir3xvr6shvl","bak8qlbpq9rlper30e6e2kmbg","czpqup69r43tp8s7bbwzsdnh8","2yexwfwi4p5bmiwdnt7ihq5yl","bl7mk740xtdpww5ry0zu85njs","6hxt8v85e3b3e7ieyj1lyzzwz","e2nh4d93yibu4dlslg6bgmc4a","dtve1dk2jd447mh82v6otn2lz","33a6dundlksh174piduuamiho","18ga0zwqxp8u5efdlsdv82r8d","bwqw1eamimneq8zb7g2an5mid","e7yn04cnn5a3r9ni1gmanib8f","8rarref319wusbtpmj6ysddwn","85nsihg7i4vwig5xk4apauurc","83avks0gii65yn86ol2ykg9jn","77pmx827axqp70xpq5n2fs2iw","akt84ne10f21gvu1zo4a0tnky","crfi8mkht317b5t194gdx4f5y","e0byem1czlsmxycm97vuwkurs","1qc0kbf266t9we5xpxwyzrja6","2mu20s4gvb4upajd4k9v0p4lv"]} @ https://runtime-assets.adalo.com/static/js/main.79e9a9ca.js:1
[   45150ms] [WARNING] SKIPPING ERRONEOUS DEPENDENCY Error: Selector failed: {"type":"CURRENT_USER_SELECTOR"}
    at G (https://runtime-assets.adalo.com/static/js/main.79e9a9ca.js:2:468532)
    at t.getDependencies (https://runtime-assets.adalo.com/static/js/main.79e9a9ca.js:2:467260)
    at w.isManuallyPaginated (https://runtime-assets.adalo.com/static/js/main.79e9a9ca.js:2:348848)
    at w.renderPaginationControls (https://runtime-assets.adalo.com/static/js/main.79e9a9ca.js:2:370838)
    at w.render (https://runtime-assets.adalo.com/static/js/main.79e9a9ca.js:2:372453)
    at Ds (https://runtime-assets.adalo.com/static/js/main.79e9a9ca.js:2:4414574)
    at Ls (https://runtime-assets.adalo.com/static/js/main.79e9a9ca.js:2:4414370)
    at Ml (https://runtime-assets.adalo.com/static/js/main.79e9a9ca.js:2:4457902)
    at bu (https://runtime-assets.adalo.com/static/js/main.79e9a9ca.js:2:4446043)
    at vu (https://runtime-assets.adalo.com/static/js/main.79e9a9ca.js:2:4445971)
    at yu (https://runtime-assets.adalo.com/static/js/main.79e9a9ca.js:2:4445834)
    at uu (https://runtime-assets.adalo.com/static/js/main.79e9a9ca.js:2:4442950)
    at Wo (https://runtime-assets.adalo.com/static/js/main.79e9a9ca.js:2:4383545)
    at https://runtime-assets.adalo.com/static/js/main.79e9a9ca.js:2:4449428
    at Su (https://runtime-assets.adalo.com/static/js/main.79e9a9ca.js:2:4449433)
    at au (https://runtime-assets.adalo.com/static/js/main.79e9a9ca.js:2:4441891)
    at S (https://runtime-assets.adalo.com/static/js/main.79e9a9ca.js:2:4731959)
    at I (https://runtime-assets.adalo.com/static/js/main.79e9a9ca.js:2:4732493)
    at O.<computed> (https://runtime-assets.adalo.com/static/js/main.79e9a9ca.js:2:4028835)
    at D (https://runtime-assets.adalo.com/static/js/main.79e9a9ca.js:2:4028604)
    at MessagePort.P (https://runtime-assets.adalo.com/static/js/main.79e9a9ca.js:2:4028663) {"id":"dx862l5uvza6ics9aj30xud64","type":"binding","label":"name","source":{"type":"field","source":{"type":"data","source":null,"tableId":"t_80c852bba70544a6a98079124dfc8e10","dataType":"object","selector":{"type":"CURRENT_USER_SELECTOR"},"datasourceId":"4dba133b22784a13b18b1a791cfdd211"},"fieldId":"name","dataType":"text"},"bindingType":"libraryProp","childBindings":[],"siblingBindings":["82jnplk3ef502gh5ra15iven5","alb6jx052np69houarjepkzxt","d4ccnilspvhusn5vln7fnumoq","e1u2k5uadbzmnwqydjuj41a8s","el4yprrbnqt3re35jo8dnbq8u","a523cf05i53tfa1bas0wgcebu","22a4gatllq388sgqrwk9hg2t6","a9kncdenpdwn86cruysxqr9b8","6mz0b5cugikqk54s5zozthbzy","br9652mqlrwn0h0cretf6p9zx","28us5z1bh4mkf4afr7o4k7rx7","18hbzwi2guish96ccpaonxxk4","1ggvf2r6q7go47x48nu91ucjq","42ksl48yfdoh4nqvc6timfr64","54a7sb35ft40ry0jfk4h0eyko","7h1o8zkry3k0wp4pv0b9wzr15","0ymorhi8eb1nrs3elbg40pr1z","7nbe807feozxlvbrxv7oj75u5","70hnqwp00hw0kge0jgrzr4qf7","9u8oqksftkn3agm4ipoxrsbjx","9ug8uo6o17gleq6ylnj6qavgv","cbmpybstng5h4paecr60bbabe","cgauy5zngx8hftafb99hggnr6","9bh37hevrfmh9j65ey3t5d3jo","0c5zgo2nqaryc6h436fzq1917","9p2sxifrpgjp9fcdjbogo7dpj","5byx6g0lyx65555o4o1mw38zy","0sy2fxg7c83fjpl4lvo6tfrca","7jvkthazbah1b1wn1dcq3mnyb","3x7z0ehqdtk40uxmkcuily2uh","bcd0wc7fh65tlses260mvipw8","8e2q1qbluecvdigvy8zv8paa3","4xchnrnt0ghb5js0a9hcrq4w4","7razvctmyk23l0rd9yiv57sb7","1ngsxv2y81cymdir3xvr6shvl","bak8qlbpq9rlper30e6e2kmbg","czpqup69r43tp8s7bbwzsdnh8","2yexwfwi4p5bmiwdnt7ihq5yl","bl7mk740xtdpww5ry0zu85njs","6hxt8v85e3b3e7ieyj1lyzzwz","e2nh4d93yibu4dlslg6bgmc4a","dtve1dk2jd447mh82v6otn2lz","33a6dundlksh174piduuamiho","18ga0zwqxp8u5efdlsdv82r8d","bwqw1eamimneq8zb7g2an5mid","e7yn04cnn5a3r9ni1gmanib8f","8rarref319wusbtpmj6ysddwn","85nsihg7i4vwig5xk4apauurc","83avks0gii65yn86ol2ykg9jn","77pmx827axqp70xpq5n2fs2iw","akt84ne10f21gvu1zo4a0tnky","crfi8mkht317b5t194gdx4f5y","e0byem1czlsmxycm97vuwkurs","1qc0kbf266t9we5xpxwyzrja6","2mu20s4gvb4upajd4k9v0p4lv"]} @ https://runtime-assets.adalo.com/static/js/main.79e9a9ca.js:1
[   45213ms] [WARNING] SKIPPING ERRONEOUS DEPENDENCY Error: Selector failed: {"type":"CURRENT_USER_SELECTOR"}
    at G (https://runtime-assets.adalo.com/static/js/main.79e9a9ca.js:2:468532)
    at t.getDependencies (https://runtime-assets.adalo.com/static/js/main.79e9a9ca.js:2:467260)
    at w.isManuallyPaginated (https://runtime-assets.adalo.com/static/js/main.79e9a9ca.js:2:348848)
    at w.componentDidMount (https://runtime-assets.adalo.com/static/js/main.79e9a9ca.js:2:347900)
    at wl (https://runtime-assets.adalo.com/static/js/main.79e9a9ca.js:2:4437772)
    at bl (https://runtime-assets.adalo.com/static/js/main.79e9a9ca.js:2:4437545)
    at _l (https://runtime-assets.adalo.com/static/js/main.79e9a9ca.js:2:4437081)
    at https://runtime-assets.adalo.com/static/js/main.79e9a9ca.js:2:4448918
    at Su (https://runtime-assets.adalo.com/static/js/main.79e9a9ca.js:2:4449433)
    at uu (https://runtime-assets.adalo.com/static/js/main.79e9a9ca.js:2:4443152)
    at Wo (https://runtime-assets.adalo.com/static/js/main.79e9a9ca.js:2:4383545)
    at https://runtime-assets.adalo.com/static/js/main.79e9a9ca.js:2:4449428
    at Su (https://runtime-assets.adalo.com/static/js/main.79e9a9ca.js:2:4449433)
    at au (https://runtime-assets.adalo.com/static/js/main.79e9a9ca.js:2:4441891)
    at S (https://runtime-assets.adalo.com/static/js/main.79e9a9ca.js:2:4731959)
    at I (https://runtime-assets.adalo.com/static/js/main.79e9a9ca.js:2:4732493)
    at O.<computed> (https://runtime-assets.adalo.com/static/js/main.79e9a9ca.js:2:4028835)
    at D (https://runtime-assets.adalo.com/static/js/main.79e9a9ca.js:2:4028604)
    at MessagePort.P (https://runtime-assets.adalo.com/static/js/main.79e9a9ca.js:2:4028663) {"id":"cbmpybstng5h4paecr60bbabe","type":"binding","label":"name","source":{"type":"field","source":{"type":"data","source":null,"tableId":"t_80c852bba70544a6a98079124dfc8e10","dataType":"object","selector":{"type":"CURRENT_USER_SELECTOR"},"datasourceId":"4dba133b22784a13b18b1a791cfdd211"},"fieldId":"name","dataType":"text"},"bindingType":"libraryProp","childBindings":[],"siblingBindings":["82jnplk3ef502gh5ra15iven5","alb6jx052np69houarjepkzxt","d4ccnilspvhusn5vln7fnumoq","e1u2k5uadbzmnwqydjuj41a8s","el4yprrbnqt3re35jo8dnbq8u","a523cf05i53tfa1bas0wgcebu","22a4gatllq388sgqrwk9hg2t6","a9kncdenpdwn86cruysxqr9b8","6mz0b5cugikqk54s5zozthbzy","br9652mqlrwn0h0cretf6p9zx","28us5z1bh4mkf4afr7o4k7rx7","18hbzwi2guish96ccpaonxxk4","1ggvf2r6q7go47x48nu91ucjq","42ksl48yfdoh4nqvc6timfr64","54a7sb35ft40ry0jfk4h0eyko","7h1o8zkry3k0wp4pv0b9wzr15","0ymorhi8eb1nrs3elbg40pr1z","7nbe807feozxlvbrxv7oj75u5","70hnqwp00hw0kge0jgrzr4qf7","9u8oqksftkn3agm4ipoxrsbjx","9ug8uo6o17gleq6ylnj6qavgv","dx862l5uvza6ics9aj30xud64","cgauy5zngx8hftafb99hggnr6","9bh37hevrfmh9j65ey3t5d3jo","0c5zgo2nqaryc6h436fzq1917","9p2sxifrpgjp9fcdjbogo7dpj","5byx6g0lyx65555o4o1mw38zy","0sy2fxg7c83fjpl4lvo6tfrca","7jvkthazbah1b1wn1dcq3mnyb","3x7z0ehqdtk40uxmkcuily2uh","bcd0wc7fh65tlses260mvipw8","8e2q1qbluecvdigvy8zv8paa3","4xchnrnt0ghb5js0a9hcrq4w4","7razvctmyk23l0rd9yiv57sb7","1ngsxv2y81cymdir3xvr6shvl","bak8qlbpq9rlper30e6e2kmbg","czpqup69r43tp8s7bbwzsdnh8","2yexwfwi4p5bmiwdnt7ihq5yl","bl7mk740xtdpww5ry0zu85njs","6hxt8v85e3b3e7ieyj1lyzzwz","e2nh4d93yibu4dlslg6bgmc4a","dtve1dk2jd447mh82v6otn2lz","33a6dundlksh174piduuamiho","18ga0zwqxp8u5efdlsdv82r8d","bwqw1eamimneq8zb7g2an5mid","e7yn04cnn5a3r9ni1gmanib8f","8rarref319wusbtpmj6ysddwn","85nsihg7i4vwig5xk4apauurc","83avks0gii65yn86ol2ykg9jn","77pmx827axqp70xpq5n2fs2iw","akt84ne10f21gvu1zo4a0tnky","crfi8mkht317b5t194gdx4f5y","e0byem1czlsmxycm97vuwkurs","1qc0kbf266t9we5xpxwyzrja6","2mu20s4gvb4upajd4k9v0p4lv"]} @ https://runtime-assets.adalo.com/static/js/main.79e9a9ca.js:1
[   45213ms] [WARNING] SKIPPING ERRONEOUS DEPENDENCY Error: Selector failed: {"type":"CURRENT_USER_SELECTOR"}
    at G (https://runtime-assets.adalo.com/static/js/main.79e9a9ca.js:2:468532)
    at t.getDependencies (https://runtime-assets.adalo.com/static/js/main.79e9a9ca.js:2:467260)
    at w.isManuallyPaginated (https://runtime-assets.adalo.com/static/js/main.79e9a9ca.js:2:348848)
    at w.componentDidMount (https://runtime-assets.adalo.com/static/js/main.79e9a9ca.js:2:347900)
    at wl (https://runtime-assets.adalo.com/static/js/main.79e9a9ca.js:2:4437772)
    at bl (https://runtime-assets.adalo.com/static/js/main.79e9a9ca.js:2:4437545)
    at _l (https://runtime-assets.adalo.com/static/js/main.79e9a9ca.js:2:4437081)
    at https://runtime-assets.adalo.com/static/js/main.79e9a9ca.js:2:4448918
    at Su (https://runtime-assets.adalo.com/static/js/main.79e9a9ca.js:2:4449433)
    at uu (https://runtime-assets.adalo.com/static/js/main.79e9a9ca.js:2:4443152)
    at Wo (https://runtime-assets.adalo.com/static/js/main.79e9a9ca.js:2:4383545)
    at https://runtime-assets.adalo.com/static/js/main.79e9a9ca.js:2:4449428
    at Su (https://runtime-assets.adalo.com/static/js/main.79e9a9ca.js:2:4449433)
    at au (https://runtime-assets.adalo.com/static/js/main.79e9a9ca.js:2:4441891)
    at S (https://runtime-assets.adalo.com/static/js/main.79e9a9ca.js:2:4731959)
    at I (https://runtime-assets.adalo.com/static/js/main.79e9a9ca.js:2:4732493)
    at O.<computed> (https://runtime-assets.adalo.com/static/js/main.79e9a9ca.js:2:4028835)
    at D (https://runtime-assets.adalo.com/static/js/main.79e9a9ca.js:2:4028604)
    at MessagePort.P (https://runtime-assets.adalo.com/static/js/main.79e9a9ca.js:2:4028663) {"id":"dx862l5uvza6ics9aj30xud64","type":"binding","label":"name","source":{"type":"field","source":{"type":"data","source":null,"tableId":"t_80c852bba70544a6a98079124dfc8e10","dataType":"object","selector":{"type":"CURRENT_USER_SELECTOR"},"datasourceId":"4dba133b22784a13b18b1a791cfdd211"},"fieldId":"name","dataType":"text"},"bindingType":"libraryProp","childBindings":[],"siblingBindings":["82jnplk3ef502gh5ra15iven5","alb6jx052np69houarjepkzxt","d4ccnilspvhusn5vln7fnumoq","e1u2k5uadbzmnwqydjuj41a8s","el4yprrbnqt3re35jo8dnbq8u","a523cf05i53tfa1bas0wgcebu","22a4gatllq388sgqrwk9hg2t6","a9kncdenpdwn86cruysxqr9b8","6mz0b5cugikqk54s5zozthbzy","br9652mqlrwn0h0cretf6p9zx","28us5z1bh4mkf4afr7o4k7rx7","18hbzwi2guish96ccpaonxxk4","1ggvf2r6q7go47x48nu91ucjq","42ksl48yfdoh4nqvc6timfr64","54a7sb35ft40ry0jfk4h0eyko","7h1o8zkry3k0wp4pv0b9wzr15","0ymorhi8eb1nrs3elbg40pr1z","7nbe807feozxlvbrxv7oj75u5","70hnqwp00hw0kge0jgrzr4qf7","9u8oqksftkn3agm4ipoxrsbjx","9ug8uo6o17gleq6ylnj6qavgv","cbmpybstng5h4paecr60bbabe","cgauy5zngx8hftafb99hggnr6","9bh37hevrfmh9j65ey3t5d3jo","0c5zgo2nqaryc6h436fzq1917","9p2sxifrpgjp9fcdjbogo7dpj","5byx6g0lyx65555o4o1mw38zy","0sy2fxg7c83fjpl4lvo6tfrca","7jvkthazbah1b1wn1dcq3mnyb","3x7z0ehqdtk40uxmkcuily2uh","bcd0wc7fh65tlses260mvipw8","8e2q1qbluecvdigvy8zv8paa3","4xchnrnt0ghb5js0a9hcrq4w4","7razvctmyk23l0rd9yiv57sb7","1ngsxv2y81cymdir3xvr6shvl","bak8qlbpq9rlper30e6e2kmbg","czpqup69r43tp8s7bbwzsdnh8","2yexwfwi4p5bmiwdnt7ihq5yl","bl7mk740xtdpww5ry0zu85njs","6hxt8v85e3b3e7ieyj1lyzzwz","e2nh4d93yibu4dlslg6bgmc4a","dtve1dk2jd447mh82v6otn2lz","33a6dundlksh174piduuamiho","18ga0zwqxp8u5efdlsdv82r8d","bwqw1eamimneq8zb7g2an5mid","e7yn04cnn5a3r9ni1gmanib8f","8rarref319wusbtpmj6ysddwn","85nsihg7i4vwig5xk4apauurc","83avks0gii65yn86ol2ykg9jn","77pmx827axqp70xpq5n2fs2iw","akt84ne10f21gvu1zo4a0tnky","crfi8mkht317b5t194gdx4f5y","e0byem1czlsmxycm97vuwkurs","1qc0kbf266t9we5xpxwyzrja6","2mu20s4gvb4upajd4k9v0p4lv"]} @ https://runtime-assets.adalo.com/static/js/main.79e9a9ca.js:1
[   45215ms] [WARNING] SKIPPING ERRONEOUS DEPENDENCY Error: Selector failed: {"type":"CURRENT_USER_SELECTOR"}
    at G (https://runtime-assets.adalo.com/static/js/main.79e9a9ca.js:2:468532)
    at t.getDependencies (https://runtime-assets.adalo.com/static/js/main.79e9a9ca.js:2:467260)
    at w.isManuallyPaginated (https://runtime-assets.adalo.com/static/js/main.79e9a9ca.js:2:348848)
    at w.fetchPageData (https://runtime-assets.adalo.com/static/js/main.79e9a9ca.js:2:349230)
    at w.componentDidMount (https://runtime-assets.adalo.com/static/js/main.79e9a9ca.js:2:347961)
    at wl (https://runtime-assets.adalo.com/static/js/main.79e9a9ca.js:2:4437772)
    at bl (https://runtime-assets.adalo.com/static/js/main.79e9a9ca.js:2:4437545)
    at _l (https://runtime-assets.adalo.com/static/js/main.79e9a9ca.js:2:4437081)
    at https://runtime-assets.adalo.com/static/js/main.79e9a9ca.js:2:4448918
    at Su (https://runtime-assets.adalo.com/static/js/main.79e9a9ca.js:2:4449433)
    at uu (https://runtime-assets.adalo.com/static/js/main.79e9a9ca.js:2:4443152)
    at Wo (https://runtime-assets.adalo.com/static/js/main.79e9a9ca.js:2:4383545)
    at https://runtime-assets.adalo.com/static/js/main.79e9a9ca.js:2:4449428
    at Su (https://runtime-assets.adalo.com/static/js/main.79e9a9ca.js:2:4449433)
    at au (https://runtime-assets.adalo.com/static/js/main.79e9a9ca.js:2:4441891)
    at S (https://runtime-assets.adalo.com/static/js/main.79e9a9ca.js:2:4731959)
    at I (https://runtime-assets.adalo.com/static/js/main.79e9a9ca.js:2:4732493)
    at O.<computed> (https://runtime-assets.adalo.com/static/js/main.79e9a9ca.js:2:4028835)
    at D (https://runtime-assets.adalo.com/static/js/main.79e9a9ca.js:2:4028604)
    at MessagePort.P (https://runtime-assets.adalo.com/static/js/main.79e9a9ca.js:2:4028663) {"id":"cbmpybstng5h4paecr60bbabe","type":"binding","label":"name","source":{"type":"field","source":{"type":"data","source":null,"tableId":"t_80c852bba70544a6a98079124dfc8e10","dataType":"object","selector":{"type":"CURRENT_USER_SELECTOR"},"datasourceId":"4dba133b22784a13b18b1a791cfdd211"},"fieldId":"name","dataType":"text"},"bindingType":"libraryProp","childBindings":[],"siblingBindings":["82jnplk3ef502gh5ra15iven5","alb6jx052np69houarjepkzxt","d4ccnilspvhusn5vln7fnumoq","e1u2k5uadbzmnwqydjuj41a8s","el4yprrbnqt3re35jo8dnbq8u","a523cf05i53tfa1bas0wgcebu","22a4gatllq388sgqrwk9hg2t6","a9kncdenpdwn86cruysxqr9b8","6mz0b5cugikqk54s5zozthbzy","br9652mqlrwn0h0cretf6p9zx","28us5z1bh4mkf4afr7o4k7rx7","18hbzwi2guish96ccpaonxxk4","1ggvf2r6q7go47x48nu91ucjq","42ksl48yfdoh4nqvc6timfr64","54a7sb35ft40ry0jfk4h0eyko","7h1o8zkry3k0wp4pv0b9wzr15","0ymorhi8eb1nrs3elbg40pr1z","7nbe807feozxlvbrxv7oj75u5","70hnqwp00hw0kge0jgrzr4qf7","9u8oqksftkn3agm4ipoxrsbjx","9ug8uo6o17gleq6ylnj6qavgv","dx862l5uvza6ics9aj30xud64","cgauy5zngx8hftafb99hggnr6","9bh37hevrfmh9j65ey3t5d3jo","0c5zgo2nqaryc6h436fzq1917","9p2sxifrpgjp9fcdjbogo7dpj","5byx6g0lyx65555o4o1mw38zy","0sy2fxg7c83fjpl4lvo6tfrca","7jvkthazbah1b1wn1dcq3mnyb","3x7z0ehqdtk40uxmkcuily2uh","bcd0wc7fh65tlses260mvipw8","8e2q1qbluecvdigvy8zv8paa3","4xchnrnt0ghb5js0a9hcrq4w4","7razvctmyk23l0rd9yiv57sb7","1ngsxv2y81cymdir3xvr6shvl","bak8qlbpq9rlper30e6e2kmbg","czpqup69r43tp8s7bbwzsdnh8","2yexwfwi4p5bmiwdnt7ihq5yl","bl7mk740xtdpww5ry0zu85njs","6hxt8v85e3b3e7ieyj1lyzzwz","e2nh4d93yibu4dlslg6bgmc4a","dtve1dk2jd447mh82v6otn2lz","33a6dundlksh174piduuamiho","18ga0zwqxp8u5efdlsdv82r8d","bwqw1eamimneq8zb7g2an5mid","e7yn04cnn5a3r9ni1gmanib8f","8rarref319wusbtpmj6ysddwn","85nsihg7i4vwig5xk4apauurc","83avks0gii65yn86ol2ykg9jn","77pmx827axqp70xpq5n2fs2iw","akt84ne10f21gvu1zo4a0tnky","crfi8mkht317b5t194gdx4f5y","e0byem1czlsmxycm97vuwkurs","1qc0kbf266t9we5xpxwyzrja6","2mu20s4gvb4upajd4k9v0p4lv"]} @ https://runtime-assets.adalo.com/static/js/main.79e9a9ca.js:1
[   45215ms] [WARNING] SKIPPING ERRONEOUS DEPENDENCY Error: Selector failed: {"type":"CURRENT_USER_SELECTOR"}
    at G (https://runtime-assets.adalo.com/static/js/main.79e9a9ca.js:2:468532)
    at t.getDependencies (https://runtime-assets.adalo.com/static/js/main.79e9a9ca.js:2:467260)
    at w.isManuallyPaginated (https://runtime-assets.adalo.com/static/js/main.79e9a9ca.js:2:348848)
    at w.fetchPageData (https://runtime-assets.adalo.com/static/js/main.79e9a9ca.js:2:349230)
    at w.componentDidMount (https://runtime-assets.adalo.com/static/js/main.79e9a9ca.js:2:347961)
    at wl (https://runtime-assets.adalo.com/static/js/main.79e9a9ca.js:2:4437772)
    at bl (https://runtime-assets.adalo.com/static/js/main.79e9a9ca.js:2:4437545)
    at _l (https://runtime-assets.adalo.com/static/js/main.79e9a9ca.js:2:4437081)
    at https://runtime-assets.adalo.com/static/js/main.79e9a9ca.js:2:4448918
    at Su (https://runtime-assets.adalo.com/static/js/main.79e9a9ca.js:2:4449433)
    at uu (https://runtime-assets.adalo.com/static/js/main.79e9a9ca.js:2:4443152)
    at Wo (https://runtime-assets.adalo.com/static/js/main.79e9a9ca.js:2:4383545)
    at https://runtime-assets.adalo.com/static/js/main.79e9a9ca.js:2:4449428
    at Su (https://runtime-assets.adalo.com/static/js/main.79e9a9ca.js:2:4449433)
    at au (https://runtime-assets.adalo.com/static/js/main.79e9a9ca.js:2:4441891)
    at S (https://runtime-assets.adalo.com/static/js/main.79e9a9ca.js:2:4731959)
    at I (https://runtime-assets.adalo.com/static/js/main.79e9a9ca.js:2:4732493)
    at O.<computed> (https://runtime-assets.adalo.com/static/js/main.79e9a9ca.js:2:4028835)
    at D (https://runtime-assets.adalo.com/static/js/main.79e9a9ca.js:2:4028604)
    at MessagePort.P (https://runtime-assets.adalo.com/static/js/main.79e9a9ca.js:2:4028663) {"id":"dx862l5uvza6ics9aj30xud64","type":"binding","label":"name","source":{"type":"field","source":{"type":"data","source":null,"tableId":"t_80c852bba70544a6a98079124dfc8e10","dataType":"object","selector":{"type":"CURRENT_USER_SELECTOR"},"datasourceId":"4dba133b22784a13b18b1a791cfdd211"},"fieldId":"name","dataType":"text"},"bindingType":"libraryProp","childBindings":[],"siblingBindings":["82jnplk3ef502gh5ra15iven5","alb6jx052np69houarjepkzxt","d4ccnilspvhusn5vln7fnumoq","e1u2k5uadbzmnwqydjuj41a8s","el4yprrbnqt3re35jo8dnbq8u","a523cf05i53tfa1bas0wgcebu","22a4gatllq388sgqrwk9hg2t6","a9kncdenpdwn86cruysxqr9b8","6mz0b5cugikqk54s5zozthbzy","br9652mqlrwn0h0cretf6p9zx","28us5z1bh4mkf4afr7o4k7rx7","18hbzwi2guish96ccpaonxxk4","1ggvf2r6q7go47x48nu91ucjq","42ksl48yfdoh4nqvc6timfr64","54a7sb35ft40ry0jfk4h0eyko","7h1o8zkry3k0wp4pv0b9wzr15","0ymorhi8eb1nrs3elbg40pr1z","7nbe807feozxlvbrxv7oj75u5","70hnqwp00hw0kge0jgrzr4qf7","9u8oqksftkn3agm4ipoxrsbjx","9ug8uo6o17gleq6ylnj6qavgv","cbmpybstng5h4paecr60bbabe","cgauy5zngx8hftafb99hggnr6","9bh37hevrfmh9j65ey3t5d3jo","0c5zgo2nqaryc6h436fzq1917","9p2sxifrpgjp9fcdjbogo7dpj","5byx6g0lyx65555o4o1mw38zy","0sy2fxg7c83fjpl4lvo6tfrca","7jvkthazbah1b1wn1dcq3mnyb","3x7z0ehqdtk40uxmkcuily2uh","bcd0wc7fh65tlses260mvipw8","8e2q1qbluecvdigvy8zv8paa3","4xchnrnt0ghb5js0a9hcrq4w4","7razvctmyk23l0rd9yiv57sb7","1ngsxv2y81cymdir3xvr6shvl","bak8qlbpq9rlper30e6e2kmbg","czpqup69r43tp8s7bbwzsdnh8","2yexwfwi4p5bmiwdnt7ihq5yl","bl7mk740xtdpww5ry0zu85njs","6hxt8v85e3b3e7ieyj1lyzzwz","e2nh4d93yibu4dlslg6bgmc4a","dtve1dk2jd447mh82v6otn2lz","33a6dundlksh174piduuamiho","18ga0zwqxp8u5efdlsdv82r8d","bwqw1eamimneq8zb7g2an5mid","e7yn04cnn5a3r9ni1gmanib8f","8rarref319wusbtpmj6ysddwn","85nsihg7i4vwig5xk4apauurc","83avks0gii65yn86ol2ykg9jn","77pmx827axqp70xpq5n2fs2iw","akt84ne10f21gvu1zo4a0tnky","crfi8mkht317b5t194gdx4f5y","e0byem1czlsmxycm97vuwkurs","1qc0kbf266t9we5xpxwyzrja6","2mu20s4gvb4upajd4k9v0p4lv"]} @ https://runtime-assets.adalo.com/static/js/main.79e9a9ca.js:1
[   45216ms] [WARNING] SKIPPING ERRONEOUS DEPENDENCY Error: Selector failed: {"type":"CURRENT_USER_SELECTOR"}
    at G (https://runtime-assets.adalo.com/static/js/main.79e9a9ca.js:2:468532)
    at t.getDependencies (https://runtime-assets.adalo.com/static/js/main.79e9a9ca.js:2:467260)
    at w.fetchPageData (https://runtime-assets.adalo.com/static/js/main.79e9a9ca.js:2:349556)
    at w.componentDidMount (https://runtime-assets.adalo.com/static/js/main.79e9a9ca.js:2:347961)
    at wl (https://runtime-assets.adalo.com/static/js/main.79e9a9ca.js:2:4437772)
    at bl (https://runtime-assets.adalo.com/static/js/main.79e9a9ca.js:2:4437545)
    at _l (https://runtime-assets.adalo.com/static/js/main.79e9a9ca.js:2:4437081)
    at https://runtime-assets.adalo.com/static/js/main.79e9a9ca.js:2:4448918
    at Su (https://runtime-assets.adalo.com/static/js/main.79e9a9ca.js:2:4449433)
    at uu (https://runtime-assets.adalo.com/static/js/main.79e9a9ca.js:2:4443152)
    at Wo (https://runtime-assets.adalo.com/static/js/main.79e9a9ca.js:2:4383545)
    at https://runtime-assets.adalo.com/static/js/main.79e9a9ca.js:2:4449428
    at Su (https://runtime-assets.adalo.com/static/js/main.79e9a9ca.js:2:4449433)
    at au (https://runtime-assets.adalo.com/static/js/main.79e9a9ca.js:2:4441891)
    at S (https://runtime-assets.adalo.com/static/js/main.79e9a9ca.js:2:4731959)
    at I (https://runtime-assets.adalo.com/static/js/main.79e9a9ca.js:2:4732493)
    at O.<computed> (https://runtime-assets.adalo.com/static/js/main.79e9a9ca.js:2:4028835)
    at D (https://runtime-assets.adalo.com/static/js/main.79e9a9ca.js:2:4028604)
    at MessagePort.P (https://runtime-assets.adalo.com/static/js/main.79e9a9ca.js:2:4028663) {"id":"cbmpybstng5h4paecr60bbabe","type":"binding","label":"name","source":{"type":"field","source":{"type":"data","source":null,"tableId":"t_80c852bba70544a6a98079124dfc8e10","dataType":"object","selector":{"type":"CURRENT_USER_SELECTOR"},"datasourceId":"4dba133b22784a13b18b1a791cfdd211"},"fieldId":"name","dataType":"text"},"bindingType":"libraryProp","childBindings":[],"siblingBindings":["82jnplk3ef502gh5ra15iven5","alb6jx052np69houarjepkzxt","d4ccnilspvhusn5vln7fnumoq","e1u2k5uadbzmnwqydjuj41a8s","el4yprrbnqt3re35jo8dnbq8u","a523cf05i53tfa1bas0wgcebu","22a4gatllq388sgqrwk9hg2t6","a9kncdenpdwn86cruysxqr9b8","6mz0b5cugikqk54s5zozthbzy","br9652mqlrwn0h0cretf6p9zx","28us5z1bh4mkf4afr7o4k7rx7","18hbzwi2guish96ccpaonxxk4","1ggvf2r6q7go47x48nu91ucjq","42ksl48yfdoh4nqvc6timfr64","54a7sb35ft40ry0jfk4h0eyko","7h1o8zkry3k0wp4pv0b9wzr15","0ymorhi8eb1nrs3elbg40pr1z","7nbe807feozxlvbrxv7oj75u5","70hnqwp00hw0kge0jgrzr4qf7","9u8oqksftkn3agm4ipoxrsbjx","9ug8uo6o17gleq6ylnj6qavgv","dx862l5uvza6ics9aj30xud64","cgauy5zngx8hftafb99hggnr6","9bh37hevrfmh9j65ey3t5d3jo","0c5zgo2nqaryc6h436fzq1917","9p2sxifrpgjp9fcdjbogo7dpj","5byx6g0lyx65555o4o1mw38zy","0sy2fxg7c83fjpl4lvo6tfrca","7jvkthazbah1b1wn1dcq3mnyb","3x7z0ehqdtk40uxmkcuily2uh","bcd0wc7fh65tlses260mvipw8","8e2q1qbluecvdigvy8zv8paa3","4xchnrnt0ghb5js0a9hcrq4w4","7razvctmyk23l0rd9yiv57sb7","1ngsxv2y81cymdir3xvr6shvl","bak8qlbpq9rlper30e6e2kmbg","czpqup69r43tp8s7bbwzsdnh8","2yexwfwi4p5bmiwdnt7ihq5yl","bl7mk740xtdpww5ry0zu85njs","6hxt8v85e3b3e7ieyj1lyzzwz","e2nh4d93yibu4dlslg6bgmc4a","dtve1dk2jd447mh82v6otn2lz","33a6dundlksh174piduuamiho","18ga0zwqxp8u5efdlsdv82r8d","bwqw1eamimneq8zb7g2an5mid","e7yn04cnn5a3r9ni1gmanib8f","8rarref319wusbtpmj6ysddwn","85nsihg7i4vwig5xk4apauurc","83avks0gii65yn86ol2ykg9jn","77pmx827axqp70xpq5n2fs2iw","akt84ne10f21gvu1zo4a0tnky","crfi8mkht317b5t194gdx4f5y","e0byem1czlsmxycm97vuwkurs","1qc0kbf266t9we5xpxwyzrja6","2mu20s4gvb4upajd4k9v0p4lv"]} @ https://runtime-assets.adalo.com/static/js/main.79e9a9ca.js:1
[   45217ms] [WARNING] SKIPPING ERRONEOUS DEPENDENCY Error: Selector failed: {"type":"CURRENT_USER_SELECTOR"}
    at G (https://runtime-assets.adalo.com/static/js/main.79e9a9ca.js:2:468532)
    at t.getDependencies (https://runtime-assets.adalo.com/static/js/main.79e9a9ca.js:2:467260)
    at w.fetchPageData (https://runtime-assets.adalo.com/static/js/main.79e9a9ca.js:2:349556)
    at w.componentDidMount (https://runtime-assets.adalo.com/static/js/main.79e9a9ca.js:2:347961)
    at wl (https://runtime-assets.adalo.com/static/js/main.79e9a9ca.js:2:4437772)
    at bl (https://runtime-assets.adalo.com/static/js/main.79e9a9ca.js:2:4437545)
    at _l (https://runtime-assets.adalo.com/static/js/main.79e9a9ca.js:2:4437081)
    at https://runtime-assets.adalo.com/static/js/main.79e9a9ca.js:2:4448918
    at Su (https://runtime-assets.adalo.com/static/js/main.79e9a9ca.js:2:4449433)
    at uu (https://runtime-assets.adalo.com/static/js/main.79e9a9ca.js:2:4443152)
    at Wo (https://runtime-assets.adalo.com/static/js/main.79e9a9ca.js:2:4383545)
    at https://runtime-assets.adalo.com/static/js/main.79e9a9ca.js:2:4449428
    at Su (https://runtime-assets.adalo.com/static/js/main.79e9a9ca.js:2:4449433)
    at au (https://runtime-assets.adalo.com/static/js/main.79e9a9ca.js:2:4441891)
    at S (https://runtime-assets.adalo.com/static/js/main.79e9a9ca.js:2:4731959)
    at I (https://runtime-assets.adalo.com/static/js/main.79e9a9ca.js:2:4732493)
    at O.<computed> (https://runtime-assets.adalo.com/static/js/main.79e9a9ca.js:2:4028835)
    at D (https://runtime-assets.adalo.com/static/js/main.79e9a9ca.js:2:4028604)
    at MessagePort.P (https://runtime-assets.adalo.com/static/js/main.79e9a9ca.js:2:4028663) {"id":"dx862l5uvza6ics9aj30xud64","type":"binding","label":"name","source":{"type":"field","source":{"type":"data","source":null,"tableId":"t_80c852bba70544a6a98079124dfc8e10","dataType":"object","selector":{"type":"CURRENT_USER_SELECTOR"},"datasourceId":"4dba133b22784a13b18b1a791cfdd211"},"fieldId":"name","dataType":"text"},"bindingType":"libraryProp","childBindings":[],"siblingBindings":["82jnplk3ef502gh5ra15iven5","alb6jx052np69houarjepkzxt","d4ccnilspvhusn5vln7fnumoq","e1u2k5uadbzmnwqydjuj41a8s","el4yprrbnqt3re35jo8dnbq8u","a523cf05i53tfa1bas0wgcebu","22a4gatllq388sgqrwk9hg2t6","a9kncdenpdwn86cruysxqr9b8","6mz0b5cugikqk54s5zozthbzy","br9652mqlrwn0h0cretf6p9zx","28us5z1bh4mkf4afr7o4k7rx7","18hbzwi2guish96ccpaonxxk4","1ggvf2r6q7go47x48nu91ucjq","42ksl48yfdoh4nqvc6timfr64","54a7sb35ft40ry0jfk4h0eyko","7h1o8zkry3k0wp4pv0b9wzr15","0ymorhi8eb1nrs3elbg40pr1z","7nbe807feozxlvbrxv7oj75u5","70hnqwp00hw0kge0jgrzr4qf7","9u8oqksftkn3agm4ipoxrsbjx","9ug8uo6o17gleq6ylnj6qavgv","cbmpybstng5h4paecr60bbabe","cgauy5zngx8hftafb99hggnr6","9bh37hevrfmh9j65ey3t5d3jo","0c5zgo2nqaryc6h436fzq1917","9p2sxifrpgjp9fcdjbogo7dpj","5byx6g0lyx65555o4o1mw38zy","0sy2fxg7c83fjpl4lvo6tfrca","7jvkthazbah1b1wn1dcq3mnyb","3x7z0ehqdtk40uxmkcuily2uh","bcd0wc7fh65tlses260mvipw8","8e2q1qbluecvdigvy8zv8paa3","4xchnrnt0ghb5js0a9hcrq4w4","7razvctmyk23l0rd9yiv57sb7","1ngsxv2y81cymdir3xvr6shvl","bak8qlbpq9rlper30e6e2kmbg","czpqup69r43tp8s7bbwzsdnh8","2yexwfwi4p5bmiwdnt7ihq5yl","bl7mk740xtdpww5ry0zu85njs","6hxt8v85e3b3e7ieyj1lyzzwz","e2nh4d93yibu4dlslg6bgmc4a","dtve1dk2jd447mh82v6otn2lz","33a6dundlksh174piduuamiho","18ga0zwqxp8u5efdlsdv82r8d","bwqw1eamimneq8zb7g2an5mid","e7yn04cnn5a3r9ni1gmanib8f","8rarref319wusbtpmj6ysddwn","85nsihg7i4vwig5xk4apauurc","83avks0gii65yn86ol2ykg9jn","77pmx827axqp70xpq5n2fs2iw","akt84ne10f21gvu1zo4a0tnky","crfi8mkht317b5t194gdx4f5y","e0byem1czlsmxycm97vuwkurs","1qc0kbf266t9we5xpxwyzrja6","2mu20s4gvb4upajd4k9v0p4lv"]} @ https://runtime-assets.adalo.com/static/js/main.79e9a9ca.js:1
[   45226ms] [WARNING] SKIPPING ERRONEOUS DEPENDENCY Error: Selector failed: {"type":"CURRENT_USER_SELECTOR"}
    at G (https://runtime-assets.adalo.com/static/js/main.79e9a9ca.js:2:468532)
    at t.getDependencies (https://runtime-assets.adalo.com/static/js/main.79e9a9ca.js:2:467260)
    at w.isManuallyPaginated (https://runtime-assets.adalo.com/static/js/main.79e9a9ca.js:2:348848)
    at w.renderPaginationControls (https://runtime-assets.adalo.com/static/js/main.79e9a9ca.js:2:370838)
    at w.render (https://runtime-assets.adalo.com/static/js/main.79e9a9ca.js:2:372453)
    at Ds (https://runtime-assets.adalo.com/static/js/main.79e9a9ca.js:2:4414574)
    at Ls (https://runtime-assets.adalo.com/static/js/main.79e9a9ca.js:2:4414370)
    at Ml (https://runtime-assets.adalo.com/static/js/main.79e9a9ca.js:2:4457902)
    at bu (https://runtime-assets.adalo.com/static/js/main.79e9a9ca.js:2:4446043)
    at vu (https://runtime-assets.adalo.com/static/js/main.79e9a9ca.js:2:4445971)
    at yu (https://runtime-assets.adalo.com/static/js/main.79e9a9ca.js:2:4445834)
    at uu (https://runtime-assets.adalo.com/static/js/main.79e9a9ca.js:2:4442950)
    at Wo (https://runtime-assets.adalo.com/static/js/main.79e9a9ca.js:2:4383545)
    at https://runtime-assets.adalo.com/static/js/main.79e9a9ca.js:2:4449428
    at Su (https://runtime-assets.adalo.com/static/js/main.79e9a9ca.js:2:4449433)
    at au (https://runtime-assets.adalo.com/static/js/main.79e9a9ca.js:2:4441891)
    at S (https://runtime-assets.adalo.com/static/js/main.79e9a9ca.js:2:4731959)
    at I (https://runtime-assets.adalo.com/static/js/main.79e9a9ca.js:2:4732493)
    at O.<computed> (https://runtime-assets.adalo.com/static/js/main.79e9a9ca.js:2:4028835)
    at D (https://runtime-assets.adalo.com/static/js/main.79e9a9ca.js:2:4028604)
    at MessagePort.P (https://runtime-assets.adalo.com/static/js/main.79e9a9ca.js:2:4028663) {"id":"cbmpybstng5h4paecr60bbabe","type":"binding","label":"name","source":{"type":"field","source":{"type":"data","source":null,"tableId":"t_80c852bba70544a6a98079124dfc8e10","dataType":"object","selector":{"type":"CURRENT_USER_SELECTOR"},"datasourceId":"4dba133b22784a13b18b1a791cfdd211"},"fieldId":"name","dataType":"text"},"bindingType":"libraryProp","childBindings":[],"siblingBindings":["82jnplk3ef502gh5ra15iven5","alb6jx052np69houarjepkzxt","d4ccnilspvhusn5vln7fnumoq","e1u2k5uadbzmnwqydjuj41a8s","el4yprrbnqt3re35jo8dnbq8u","a523cf05i53tfa1bas0wgcebu","22a4gatllq388sgqrwk9hg2t6","a9kncdenpdwn86cruysxqr9b8","6mz0b5cugikqk54s5zozthbzy","br9652mqlrwn0h0cretf6p9zx","28us5z1bh4mkf4afr7o4k7rx7","18hbzwi2guish96ccpaonxxk4","1ggvf2r6q7go47x48nu91ucjq","42ksl48yfdoh4nqvc6timfr64","54a7sb35ft40ry0jfk4h0eyko","7h1o8zkry3k0wp4pv0b9wzr15","0ymorhi8eb1nrs3elbg40pr1z","7nbe807feozxlvbrxv7oj75u5","70hnqwp00hw0kge0jgrzr4qf7","9u8oqksftkn3agm4ipoxrsbjx","9ug8uo6o17gleq6ylnj6qavgv","dx862l5uvza6ics9aj30xud64","cgauy5zngx8hftafb99hggnr6","9bh37hevrfmh9j65ey3t5d3jo","0c5zgo2nqaryc6h436fzq1917","9p2sxifrpgjp9fcdjbogo7dpj","5byx6g0lyx65555o4o1mw38zy","0sy2fxg7c83fjpl4lvo6tfrca","7jvkthazbah1b1wn1dcq3mnyb","3x7z0ehqdtk40uxmkcuily2uh","bcd0wc7fh65tlses260mvipw8","8e2q1qbluecvdigvy8zv8paa3","4xchnrnt0ghb5js0a9hcrq4w4","7razvctmyk23l0rd9yiv57sb7","1ngsxv2y81cymdir3xvr6shvl","bak8qlbpq9rlper30e6e2kmbg","czpqup69r43tp8s7bbwzsdnh8","2yexwfwi4p5bmiwdnt7ihq5yl","bl7mk740xtdpww5ry0zu85njs","6hxt8v85e3b3e7ieyj1lyzzwz","e2nh4d93yibu4dlslg6bgmc4a","dtve1dk2jd447mh82v6otn2lz","33a6dundlksh174piduuamiho","18ga0zwqxp8u5efdlsdv82r8d","bwqw1eamimneq8zb7g2an5mid","e7yn04cnn5a3r9ni1gmanib8f","8rarref319wusbtpmj6ysddwn","85nsihg7i4vwig5xk4apauurc","83avks0gii65yn86ol2ykg9jn","77pmx827axqp70xpq5n2fs2iw","akt84ne10f21gvu1zo4a0tnky","crfi8mkht317b5t194gdx4f5y","e0byem1czlsmxycm97vuwkurs","1qc0kbf266t9we5xpxwyzrja6","2mu20s4gvb4upajd4k9v0p4lv"]} @ https://runtime-assets.adalo.com/static/js/main.79e9a9ca.js:1
[   45227ms] [WARNING] SKIPPING ERRONEOUS DEPENDENCY Error: Selector failed: {"type":"CURRENT_USER_SELECTOR"}
    at G (https://runtime-assets.adalo.com/static/js/main.79e9a9ca.js:2:468532)
    at t.getDependencies (https://runtime-assets.adalo.com/static/js/main.79e9a9ca.js:2:467260)
    at w.isManuallyPaginated (https://runtime-assets.adalo.com/static/js/main.79e9a9ca.js:2:348848)
    at w.renderPaginationControls (https://runtime-assets.adalo.com/static/js/main.79e9a9ca.js:2:370838)
    at w.render (https://runtime-assets.adalo.com/static/js/main.79e9a9ca.js:2:372453)
    at Ds (https://runtime-assets.adalo.com/static/js/main.79e9a9ca.js:2:4414574)
    at Ls (https://runtime-assets.adalo.com/static/js/main.79e9a9ca.js:2:4414370)
    at Ml (https://runtime-assets.adalo.com/static/js/main.79e9a9ca.js:2:4457902)
    at bu (https://runtime-assets.adalo.com/static/js/main.79e9a9ca.js:2:4446043)
    at vu (https://runtime-assets.adalo.com/static/js/main.79e9a9ca.js:2:4445971)
    at yu (https://runtime-assets.adalo.com/static/js/main.79e9a9ca.js:2:4445834)
    at uu (https://runtime-assets.adalo.com/static/js/main.79e9a9ca.js:2:4442950)
    at Wo (https://runtime-assets.adalo.com/static/js/main.79e9a9ca.js:2:4383545)
    at https://runtime-assets.adalo.com/static/js/main.79e9a9ca.js:2:4449428
    at Su (https://runtime-assets.adalo.com/static/js/main.79e9a9ca.js:2:4449433)
    at au (https://runtime-assets.adalo.com/static/js/main.79e9a9ca.js:2:4441891)
    at S (https://runtime-assets.adalo.com/static/js/main.79e9a9ca.js:2:4731959)
    at I (https://runtime-assets.adalo.com/static/js/main.79e9a9ca.js:2:4732493)
    at O.<computed> (https://runtime-assets.adalo.com/static/js/main.79e9a9ca.js:2:4028835)
    at D (https://runtime-assets.adalo.com/static/js/main.79e9a9ca.js:2:4028604)
    at MessagePort.P (https://runtime-assets.adalo.com/static/js/main.79e9a9ca.js:2:4028663) {"id":"dx862l5uvza6ics9aj30xud64","type":"binding","label":"name","source":{"type":"field","source":{"type":"data","source":null,"tableId":"t_80c852bba70544a6a98079124dfc8e10","dataType":"object","selector":{"type":"CURRENT_USER_SELECTOR"},"datasourceId":"4dba133b22784a13b18b1a791cfdd211"},"fieldId":"name","dataType":"text"},"bindingType":"libraryProp","childBindings":[],"siblingBindings":["82jnplk3ef502gh5ra15iven5","alb6jx052np69houarjepkzxt","d4ccnilspvhusn5vln7fnumoq","e1u2k5uadbzmnwqydjuj41a8s","el4yprrbnqt3re35jo8dnbq8u","a523cf05i53tfa1bas0wgcebu","22a4gatllq388sgqrwk9hg2t6","a9kncdenpdwn86cruysxqr9b8","6mz0b5cugikqk54s5zozthbzy","br9652mqlrwn0h0cretf6p9zx","28us5z1bh4mkf4afr7o4k7rx7","18hbzwi2guish96ccpaonxxk4","1ggvf2r6q7go47x48nu91ucjq","42ksl48yfdoh4nqvc6timfr64","54a7sb35ft40ry0jfk4h0eyko","7h1o8zkry3k0wp4pv0b9wzr15","0ymorhi8eb1nrs3elbg40pr1z","7nbe807feozxlvbrxv7oj75u5","70hnqwp00hw0kge0jgrzr4qf7","9u8oqksftkn3agm4ipoxrsbjx","9ug8uo6o17gleq6ylnj6qavgv","cbmpybstng5h4paecr60bbabe","cgauy5zngx8hftafb99hggnr6","9bh37hevrfmh9j65ey3t5d3jo","0c5zgo2nqaryc6h436fzq1917","9p2sxifrpgjp9fcdjbogo7dpj","5byx6g0lyx65555o4o1mw38zy","0sy2fxg7c83fjpl4lvo6tfrca","7jvkthazbah1b1wn1dcq3mnyb","3x7z0ehqdtk40uxmkcuily2uh","bcd0wc7fh65tlses260mvipw8","8e2q1qbluecvdigvy8zv8paa3","4xchnrnt0ghb5js0a9hcrq4w4","7razvctmyk23l0rd9yiv57sb7","1ngsxv2y81cymdir3xvr6shvl","bak8qlbpq9rlper30e6e2kmbg","czpqup69r43tp8s7bbwzsdnh8","2yexwfwi4p5bmiwdnt7ihq5yl","bl7mk740xtdpww5ry0zu85njs","6hxt8v85e3b3e7ieyj1lyzzwz","e2nh4d93yibu4dlslg6bgmc4a","dtve1dk2jd447mh82v6otn2lz","33a6dundlksh174piduuamiho","18ga0zwqxp8u5efdlsdv82r8d","bwqw1eamimneq8zb7g2an5mid","e7yn04cnn5a3r9ni1gmanib8f","8rarref319wusbtpmj6ysddwn","85nsihg7i4vwig5xk4apauurc","83avks0gii65yn86ol2ykg9jn","77pmx827axqp70xpq5n2fs2iw","akt84ne10f21gvu1zo4a0tnky","crfi8mkht317b5t194gdx4f5y","e0byem1czlsmxycm97vuwkurs","1qc0kbf266t9we5xpxwyzrja6","2mu20s4gvb4upajd4k9v0p4lv"]} @ https://runtime-assets.adalo.com/static/js/main.79e9a9ca.js:1
[   45354ms] [ERROR] Failed to load resource: the server responded with a status of 400 (Bad Request) @ https://database-red.adalo.com/databases/4dba133b22784a13b18b1a791cfdd211/tables/t_93vefn7x2nzb8uch712mlkuz9?appId=bc42cf0d-5f14-4b90-bf2f-262a1cb9bf04&componentId=142hmeqvlq6udvvv8skx711ox&bindingIds=9bh37hevrfmh9j65ey3t5d3jo%2Ccgauy5zngx8hftafb99hggnr6&imageMeta=true&evaluateBindings=true&include=&counts=:0
[   45365ms] [WARNING] SKIPPING ERRONEOUS DEPENDENCY Error: Selector failed: {"type":"CURRENT_USER_SELECTOR"}
    at G (https://runtime-assets.adalo.com/static/js/main.79e9a9ca.js:2:468532)
    at t.getDependencies (https://runtime-assets.adalo.com/static/js/main.79e9a9ca.js:2:467260)
    at w.isManuallyPaginated (https://runtime-assets.adalo.com/static/js/main.79e9a9ca.js:2:348848)
    at w.renderPaginationControls (https://runtime-assets.adalo.com/static/js/main.79e9a9ca.js:2:370838)
    at w.render (https://runtime-assets.adalo.com/static/js/main.79e9a9ca.js:2:372453)
    at Ds (https://runtime-assets.adalo.com/static/js/main.79e9a9ca.js:2:4414574)
    at Ls (https://runtime-assets.adalo.com/static/js/main.79e9a9ca.js:2:4414370)
    at Ml (https://runtime-assets.adalo.com/static/js/main.79e9a9ca.js:2:4457902)
    at bu (https://runtime-assets.adalo.com/static/js/main.79e9a9ca.js:2:4446043)
    at vu (https://runtime-assets.adalo.com/static/js/main.79e9a9ca.js:2:4445971)
    at yu (https://runtime-assets.adalo.com/static/js/main.79e9a9ca.js:2:4445834)
    at uu (https://runtime-assets.adalo.com/static/js/main.79e9a9ca.js:2:4442950)
    at Wo (https://runtime-assets.adalo.com/static/js/main.79e9a9ca.js:2:4383545)
    at https://runtime-assets.adalo.com/static/js/main.79e9a9ca.js:2:4440547 {"id":"cbmpybstng5h4paecr60bbabe","type":"binding","label":"name","source":{"type":"field","source":{"type":"data","source":null,"tableId":"t_80c852bba70544a6a98079124dfc8e10","dataType":"object","selector":{"type":"CURRENT_USER_SELECTOR"},"datasourceId":"4dba133b22784a13b18b1a791cfdd211"},"fieldId":"name","dataType":"text"},"bindingType":"libraryProp","childBindings":[],"siblingBindings":["82jnplk3ef502gh5ra15iven5","alb6jx052np69houarjepkzxt","d4ccnilspvhusn5vln7fnumoq","e1u2k5uadbzmnwqydjuj41a8s","el4yprrbnqt3re35jo8dnbq8u","a523cf05i53tfa1bas0wgcebu","22a4gatllq388sgqrwk9hg2t6","a9kncdenpdwn86cruysxqr9b8","6mz0b5cugikqk54s5zozthbzy","br9652mqlrwn0h0cretf6p9zx","28us5z1bh4mkf4afr7o4k7rx7","18hbzwi2guish96ccpaonxxk4","1ggvf2r6q7go47x48nu91ucjq","42ksl48yfdoh4nqvc6timfr64","54a7sb35ft40ry0jfk4h0eyko","7h1o8zkry3k0wp4pv0b9wzr15","0ymorhi8eb1nrs3elbg40pr1z","7nbe807feozxlvbrxv7oj75u5","70hnqwp00hw0kge0jgrzr4qf7","9u8oqksftkn3agm4ipoxrsbjx","9ug8uo6o17gleq6ylnj6qavgv","dx862l5uvza6ics9aj30xud64","cgauy5zngx8hftafb99hggnr6","9bh37hevrfmh9j65ey3t5d3jo","0c5zgo2nqaryc6h436fzq1917","9p2sxifrpgjp9fcdjbogo7dpj","5byx6g0lyx65555o4o1mw38zy","0sy2fxg7c83fjpl4lvo6tfrca","7jvkthazbah1b1wn1dcq3mnyb","3x7z0ehqdtk40uxmkcuily2uh","bcd0wc7fh65tlses260mvipw8","8e2q1qbluecvdigvy8zv8paa3","4xchnrnt0ghb5js0a9hcrq4w4","7razvctmyk23l0rd9yiv57sb7","1ngsxv2y81cymdir3xvr6shvl","bak8qlbpq9rlper30e6e2kmbg","czpqup69r43tp8s7bbwzsdnh8","2yexwfwi4p5bmiwdnt7ihq5yl","bl7mk740xtdpww5ry0zu85njs","6hxt8v85e3b3e7ieyj1lyzzwz","e2nh4d93yibu4dlslg6bgmc4a","dtve1dk2jd447mh82v6otn2lz","33a6dundlksh174piduuamiho","18ga0zwqxp8u5efdlsdv82r8d","bwqw1eamimneq8zb7g2an5mid","e7yn04cnn5a3r9ni1gmanib8f","8rarref319wusbtpmj6ysddwn","85nsihg7i4vwig5xk4apauurc","83avks0gii65yn86ol2ykg9jn","77pmx827axqp70xpq5n2fs2iw","akt84ne10f21gvu1zo4a0tnky","crfi8mkht317b5t194gdx4f5y","e0byem1czlsmxycm97vuwkurs","1qc0kbf266t9we5xpxwyzrja6","2mu20s4gvb4upajd4k9v0p4lv"]} @ https://runtime-assets.adalo.com/static/js/main.79e9a9ca.js:1
[   45365ms] [WARNING] SKIPPING ERRONEOUS DEPENDENCY Error: Selector failed: {"type":"CURRENT_USER_SELECTOR"}
    at G (https://runtime-assets.adalo.com/static/js/main.79e9a9ca.js:2:468532)
    at t.getDependencies (https://runtime-assets.adalo.com/static/js/main.79e9a9ca.js:2:467260)
    at w.isManuallyPaginated (https://runtime-assets.adalo.com/static/js/main.79e9a9ca.js:2:348848)
    at w.renderPaginationControls (https://runtime-assets.adalo.com/static/js/main.79e9a9ca.js:2:370838)
    at w.render (https://runtime-assets.adalo.com/static/js/main.79e9a9ca.js:2:372453)
    at Ds (https://runtime-assets.adalo.com/static/js/main.79e9a9ca.js:2:4414574)
    at Ls (https://runtime-assets.adalo.com/static/js/main.79e9a9ca.js:2:4414370)
    at Ml (https://runtime-assets.adalo.com/static/js/main.79e9a9ca.js:2:4457902)
    at bu (https://runtime-assets.adalo.com/static/js/main.79e9a9ca.js:2:4446043)
    at vu (https://runtime-assets.adalo.com/static/js/main.79e9a9ca.js:2:4445971)
    at yu (https://runtime-assets.adalo.com/static/js/main.79e9a9ca.js:2:4445834)
    at uu (https://runtime-assets.adalo.com/static/js/main.79e9a9ca.js:2:4442950)
    at Wo (https://runtime-assets.adalo.com/static/js/main.79e9a9ca.js:2:4383545)
    at https://runtime-assets.adalo.com/static/js/main.79e9a9ca.js:2:4440547 {"id":"dx862l5uvza6ics9aj30xud64","type":"binding","label":"name","source":{"type":"field","source":{"type":"data","source":null,"tableId":"t_80c852bba70544a6a98079124dfc8e10","dataType":"object","selector":{"type":"CURRENT_USER_SELECTOR"},"datasourceId":"4dba133b22784a13b18b1a791cfdd211"},"fieldId":"name","dataType":"text"},"bindingType":"libraryProp","childBindings":[],"siblingBindings":["82jnplk3ef502gh5ra15iven5","alb6jx052np69houarjepkzxt","d4ccnilspvhusn5vln7fnumoq","e1u2k5uadbzmnwqydjuj41a8s","el4yprrbnqt3re35jo8dnbq8u","a523cf05i53tfa1bas0wgcebu","22a4gatllq388sgqrwk9hg2t6","a9kncdenpdwn86cruysxqr9b8","6mz0b5cugikqk54s5zozthbzy","br9652mqlrwn0h0cretf6p9zx","28us5z1bh4mkf4afr7o4k7rx7","18hbzwi2guish96ccpaonxxk4","1ggvf2r6q7go47x48nu91ucjq","42ksl48yfdoh4nqvc6timfr64","54a7sb35ft40ry0jfk4h0eyko","7h1o8zkry3k0wp4pv0b9wzr15","0ymorhi8eb1nrs3elbg40pr1z","7nbe807feozxlvbrxv7oj75u5","70hnqwp00hw0kge0jgrzr4qf7","9u8oqksftkn3agm4ipoxrsbjx","9ug8uo6o17gleq6ylnj6qavgv","cbmpybstng5h4paecr60bbabe","cgauy5zngx8hftafb99hggnr6","9bh37hevrfmh9j65ey3t5d3jo","0c5zgo2nqaryc6h436fzq1917","9p2sxifrpgjp9fcdjbogo7dpj","5byx6g0lyx65555o4o1mw38zy","0sy2fxg7c83fjpl4lvo6tfrca","7jvkthazbah1b1wn1dcq3mnyb","3x7z0ehqdtk40uxmkcuily2uh","bcd0wc7fh65tlses260mvipw8","8e2q1qbluecvdigvy8zv8paa3","4xchnrnt0ghb5js0a9hcrq4w4","7razvctmyk23l0rd9yiv57sb7","1ngsxv2y81cymdir3xvr6shvl","bak8qlbpq9rlper30e6e2kmbg","czpqup69r43tp8s7bbwzsdnh8","2yexwfwi4p5bmiwdnt7ihq5yl","bl7mk740xtdpww5ry0zu85njs","6hxt8v85e3b3e7ieyj1lyzzwz","e2nh4d93yibu4dlslg6bgmc4a","dtve1dk2jd447mh82v6otn2lz","33a6dundlksh174piduuamiho","18ga0zwqxp8u5efdlsdv82r8d","bwqw1eamimneq8zb7g2an5mid","e7yn04cnn5a3r9ni1gmanib8f","8rarref319wusbtpmj6ysddwn","85nsihg7i4vwig5xk4apauurc","83avks0gii65yn86ol2ykg9jn","77pmx827axqp70xpq5n2fs2iw","akt84ne10f21gvu1zo4a0tnky","crfi8mkht317b5t194gdx4f5y","e0byem1czlsmxycm97vuwkurs","1qc0kbf266t9we5xpxwyzrja6","2mu20s4gvb4upajd4k9v0p4lv"]} @ https://runtime-assets.adalo.com/static/js/main.79e9a9ca.js:1
[   45393ms] [WARNING] SKIPPING ERRONEOUS DEPENDENCY Error: Selector failed: {"type":"CURRENT_USER_SELECTOR"}
    at G (https://runtime-assets.adalo.com/static/js/main.79e9a9ca.js:2:468532)
    at t.getDependencies (https://runtime-assets.adalo.com/static/js/main.79e9a9ca.js:2:467260)
    at w.isManuallyPaginated (https://runtime-assets.adalo.com/static/js/main.79e9a9ca.js:2:348848)
    at w.renderPaginationControls (https://runtime-assets.adalo.com/static/js/main.79e9a9ca.js:2:370838)
    at w.render (https://runtime-assets.adalo.com/static/js/main.79e9a9ca.js:2:372453)
    at Ds (https://runtime-assets.adalo.com/static/js/main.79e9a9ca.js:2:4414574)
    at Ls (https://runtime-assets.adalo.com/static/js/main.79e9a9ca.js:2:4414370)
    at Ml (https://runtime-assets.adalo.com/static/js/main.79e9a9ca.js:2:4457902)
    at bu (https://runtime-assets.adalo.com/static/js/main.79e9a9ca.js:2:4446043)
    at vu (https://runtime-assets.adalo.com/static/js/main.79e9a9ca.js:2:4445971)
    at yu (https://runtime-assets.adalo.com/static/js/main.79e9a9ca.js:2:4445834)
    at uu (https://runtime-assets.adalo.com/static/js/main.79e9a9ca.js:2:4442950)
    at Wo (https://runtime-assets.adalo.com/static/js/main.79e9a9ca.js:2:4383545)
    at https://runtime-assets.adalo.com/static/js/main.79e9a9ca.js:2:4440547 {"id":"cbmpybstng5h4paecr60bbabe","type":"binding","label":"name","source":{"type":"field","source":{"type":"data","source":null,"tableId":"t_80c852bba70544a6a98079124dfc8e10","dataType":"object","selector":{"type":"CURRENT_USER_SELECTOR"},"datasourceId":"4dba133b22784a13b18b1a791cfdd211"},"fieldId":"name","dataType":"text"},"bindingType":"libraryProp","childBindings":[],"siblingBindings":["82jnplk3ef502gh5ra15iven5","alb6jx052np69houarjepkzxt","d4ccnilspvhusn5vln7fnumoq","e1u2k5uadbzmnwqydjuj41a8s","el4yprrbnqt3re35jo8dnbq8u","a523cf05i53tfa1bas0wgcebu","22a4gatllq388sgqrwk9hg2t6","a9kncdenpdwn86cruysxqr9b8","6mz0b5cugikqk54s5zozthbzy","br9652mqlrwn0h0cretf6p9zx","28us5z1bh4mkf4afr7o4k7rx7","18hbzwi2guish96ccpaonxxk4","1ggvf2r6q7go47x48nu91ucjq","42ksl48yfdoh4nqvc6timfr64","54a7sb35ft40ry0jfk4h0eyko","7h1o8zkry3k0wp4pv0b9wzr15","0ymorhi8eb1nrs3elbg40pr1z","7nbe807feozxlvbrxv7oj75u5","70hnqwp00hw0kge0jgrzr4qf7","9u8oqksftkn3agm4ipoxrsbjx","9ug8uo6o17gleq6ylnj6qavgv","dx862l5uvza6ics9aj30xud64","cgauy5zngx8hftafb99hggnr6","9bh37hevrfmh9j65ey3t5d3jo","0c5zgo2nqaryc6h436fzq1917","9p2sxifrpgjp9fcdjbogo7dpj","5byx6g0lyx65555o4o1mw38zy","0sy2fxg7c83fjpl4lvo6tfrca","7jvkthazbah1b1wn1dcq3mnyb","3x7z0ehqdtk40uxmkcuily2uh","bcd0wc7fh65tlses260mvipw8","8e2q1qbluecvdigvy8zv8paa3","4xchnrnt0ghb5js0a9hcrq4w4","7razvctmyk23l0rd9yiv57sb7","1ngsxv2y81cymdir3xvr6shvl","bak8qlbpq9rlper30e6e2kmbg","czpqup69r43tp8s7bbwzsdnh8","2yexwfwi4p5bmiwdnt7ihq5yl","bl7mk740xtdpww5ry0zu85njs","6hxt8v85e3b3e7ieyj1lyzzwz","e2nh4d93yibu4dlslg6bgmc4a","dtve1dk2jd447mh82v6otn2lz","33a6dundlksh174piduuamiho","18ga0zwqxp8u5efdlsdv82r8d","bwqw1eamimneq8zb7g2an5mid","e7yn04cnn5a3r9ni1gmanib8f","8rarref319wusbtpmj6ysddwn","85nsihg7i4vwig5xk4apauurc","83avks0gii65yn86ol2ykg9jn","77pmx827axqp70xpq5n2fs2iw","akt84ne10f21gvu1zo4a0tnky","crfi8mkht317b5t194gdx4f5y","e0byem1czlsmxycm97vuwkurs","1qc0kbf266t9we5xpxwyzrja6","2mu20s4gvb4upajd4k9v0p4lv"]} @ https://runtime-assets.adalo.com/static/js/main.79e9a9ca.js:1
[   45393ms] [WARNING] SKIPPING ERRONEOUS DEPENDENCY Error: Selector failed: {"type":"CURRENT_USER_SELECTOR"}
    at G (https://runtime-assets.adalo.com/static/js/main.79e9a9ca.js:2:468532)
    at t.getDependencies (https://runtime-assets.adalo.com/static/js/main.79e9a9ca.js:2:467260)
    at w.isManuallyPaginated (https://runtime-assets.adalo.com/static/js/main.79e9a9ca.js:2:348848)
    at w.renderPaginationControls (https://runtime-assets.adalo.com/static/js/main.79e9a9ca.js:2:370838)
    at w.render (https://runtime-assets.adalo.com/static/js/main.79e9a9ca.js:2:372453)
    at Ds (https://runtime-assets.adalo.com/static/js/main.79e9a9ca.js:2:4414574)
    at Ls (https://runtime-assets.adalo.com/static/js/main.79e9a9ca.js:2:4414370)
    at Ml (https://runtime-assets.adalo.com/static/js/main.79e9a9ca.js:2:4457902)
    at bu (https://runtime-assets.adalo.com/static/js/main.79e9a9ca.js:2:4446043)
    at vu (https://runtime-assets.adalo.com/static/js/main.79e9a9ca.js:2:4445971)
    at yu (https://runtime-assets.adalo.com/static/js/main.79e9a9ca.js:2:4445834)
    at uu (https://runtime-assets.adalo.com/static/js/main.79e9a9ca.js:2:4442950)
    at Wo (https://runtime-assets.adalo.com/static/js/main.79e9a9ca.js:2:4383545)
    at https://runtime-assets.adalo.com/static/js/main.79e9a9ca.js:2:4440547 {"id":"dx862l5uvza6ics9aj30xud64","type":"binding","label":"name","source":{"type":"field","source":{"type":"data","source":null,"tableId":"t_80c852bba70544a6a98079124dfc8e10","dataType":"object","selector":{"type":"CURRENT_USER_SELECTOR"},"datasourceId":"4dba133b22784a13b18b1a791cfdd211"},"fieldId":"name","dataType":"text"},"bindingType":"libraryProp","childBindings":[],"siblingBindings":["82jnplk3ef502gh5ra15iven5","alb6jx052np69houarjepkzxt","d4ccnilspvhusn5vln7fnumoq","e1u2k5uadbzmnwqydjuj41a8s","el4yprrbnqt3re35jo8dnbq8u","a523cf05i53tfa1bas0wgcebu","22a4gatllq388sgqrwk9hg2t6","a9kncdenpdwn86cruysxqr9b8","6mz0b5cugikqk54s5zozthbzy","br9652mqlrwn0h0cretf6p9zx","28us5z1bh4mkf4afr7o4k7rx7","18hbzwi2guish96ccpaonxxk4","1ggvf2r6q7go47x48nu91ucjq","42ksl48yfdoh4nqvc6timfr64","54a7sb35ft40ry0jfk4h0eyko","7h1o8zkry3k0wp4pv0b9wzr15","0ymorhi8eb1nrs3elbg40pr1z","7nbe807feozxlvbrxv7oj75u5","70hnqwp00hw0kge0jgrzr4qf7","9u8oqksftkn3agm4ipoxrsbjx","9ug8uo6o17gleq6ylnj6qavgv","cbmpybstng5h4paecr60bbabe","cgauy5zngx8hftafb99hggnr6","9bh37hevrfmh9j65ey3t5d3jo","0c5zgo2nqaryc6h436fzq1917","9p2sxifrpgjp9fcdjbogo7dpj","5byx6g0lyx65555o4o1mw38zy","0sy2fxg7c83fjpl4lvo6tfrca","7jvkthazbah1b1wn1dcq3mnyb","3x7z0ehqdtk40uxmkcuily2uh","bcd0wc7fh65tlses260mvipw8","8e2q1qbluecvdigvy8zv8paa3","4xchnrnt0ghb5js0a9hcrq4w4","7razvctmyk23l0rd9yiv57sb7","1ngsxv2y81cymdir3xvr6shvl","bak8qlbpq9rlper30e6e2kmbg","czpqup69r43tp8s7bbwzsdnh8","2yexwfwi4p5bmiwdnt7ihq5yl","bl7mk740xtdpww5ry0zu85njs","6hxt8v85e3b3e7ieyj1lyzzwz","e2nh4d93yibu4dlslg6bgmc4a","dtve1dk2jd447mh82v6otn2lz","33a6dundlksh174piduuamiho","18ga0zwqxp8u5efdlsdv82r8d","bwqw1eamimneq8zb7g2an5mid","e7yn04cnn5a3r9ni1gmanib8f","8rarref319wusbtpmj6ysddwn","85nsihg7i4vwig5xk4apauurc","83avks0gii65yn86ol2ykg9jn","77pmx827axqp70xpq5n2fs2iw","akt84ne10f21gvu1zo4a0tnky","crfi8mkht317b5t194gdx4f5y","e0byem1czlsmxycm97vuwkurs","1qc0kbf266t9we5xpxwyzrja6","2mu20s4gvb4upajd4k9v0p4lv"]} @ https://runtime-assets.adalo.com/static/js/main.79e9a9ca.js:1
[   45423ms] [WARNING] SKIPPING ERRONEOUS DEPENDENCY Error: Selector failed: {"type":"CURRENT_USER_SELECTOR"}
    at G (https://runtime-assets.adalo.com/static/js/main.79e9a9ca.js:2:468532)
    at t.getDependencies (https://runtime-assets.adalo.com/static/js/main.79e9a9ca.js:2:467260)
    at w.isManuallyPaginated (https://runtime-assets.adalo.com/static/js/main.79e9a9ca.js:2:348848)
    at w.renderPaginationControls (https://runtime-assets.adalo.com/static/js/main.79e9a9ca.js:2:370838)
    at w.render (https://runtime-assets.adalo.com/static/js/main.79e9a9ca.js:2:372453)
    at Ds (https://runtime-assets.adalo.com/static/js/main.79e9a9ca.js:2:4414574)
    at Ls (https://runtime-assets.adalo.com/static/js/main.79e9a9ca.js:2:4414370)
    at Ml (https://runtime-assets.adalo.com/static/js/main.79e9a9ca.js:2:4457902)
    at bu (https://runtime-assets.adalo.com/static/js/main.79e9a9ca.js:2:4446043)
    at vu (https://runtime-assets.adalo.com/static/js/main.79e9a9ca.js:2:4445971)
    at yu (https://runtime-assets.adalo.com/static/js/main.79e9a9ca.js:2:4445834)
    at au (https://runtime-assets.adalo.com/static/js/main.79e9a9ca.js:2:4440938)
    at S (https://runtime-assets.adalo.com/static/js/main.79e9a9ca.js:2:4731959)
    at I (https://runtime-assets.adalo.com/static/js/main.79e9a9ca.js:2:4732493)
    at O.<computed> (https://runtime-assets.adalo.com/static/js/main.79e9a9ca.js:2:4028835)
    at D (https://runtime-assets.adalo.com/static/js/main.79e9a9ca.js:2:4028604)
    at MessagePort.P (https://runtime-assets.adalo.com/static/js/main.79e9a9ca.js:2:4028663) {"id":"cbmpybstng5h4paecr60bbabe","type":"binding","label":"name","source":{"type":"field","source":{"type":"data","source":null,"tableId":"t_80c852bba70544a6a98079124dfc8e10","dataType":"object","selector":{"type":"CURRENT_USER_SELECTOR"},"datasourceId":"4dba133b22784a13b18b1a791cfdd211"},"fieldId":"name","dataType":"text"},"bindingType":"libraryProp","childBindings":[],"siblingBindings":["82jnplk3ef502gh5ra15iven5","alb6jx052np69houarjepkzxt","d4ccnilspvhusn5vln7fnumoq","e1u2k5uadbzmnwqydjuj41a8s","el4yprrbnqt3re35jo8dnbq8u","a523cf05i53tfa1bas0wgcebu","22a4gatllq388sgqrwk9hg2t6","a9kncdenpdwn86cruysxqr9b8","6mz0b5cugikqk54s5zozthbzy","br9652mqlrwn0h0cretf6p9zx","28us5z1bh4mkf4afr7o4k7rx7","18hbzwi2guish96ccpaonxxk4","1ggvf2r6q7go47x48nu91ucjq","42ksl48yfdoh4nqvc6timfr64","54a7sb35ft40ry0jfk4h0eyko","7h1o8zkry3k0wp4pv0b9wzr15","0ymorhi8eb1nrs3elbg40pr1z","7nbe807feozxlvbrxv7oj75u5","70hnqwp00hw0kge0jgrzr4qf7","9u8oqksftkn3agm4ipoxrsbjx","9ug8uo6o17gleq6ylnj6qavgv","dx862l5uvza6ics9aj30xud64","cgauy5zngx8hftafb99hggnr6","9bh37hevrfmh9j65ey3t5d3jo","0c5zgo2nqaryc6h436fzq1917","9p2sxifrpgjp9fcdjbogo7dpj","5byx6g0lyx65555o4o1mw38zy","0sy2fxg7c83fjpl4lvo6tfrca","7jvkthazbah1b1wn1dcq3mnyb","3x7z0ehqdtk40uxmkcuily2uh","bcd0wc7fh65tlses260mvipw8","8e2q1qbluecvdigvy8zv8paa3","4xchnrnt0ghb5js0a9hcrq4w4","7razvctmyk23l0rd9yiv57sb7","1ngsxv2y81cymdir3xvr6shvl","bak8qlbpq9rlper30e6e2kmbg","czpqup69r43tp8s7bbwzsdnh8","2yexwfwi4p5bmiwdnt7ihq5yl","bl7mk740xtdpww5ry0zu85njs","6hxt8v85e3b3e7ieyj1lyzzwz","e2nh4d93yibu4dlslg6bgmc4a","dtve1dk2jd447mh82v6otn2lz","33a6dundlksh174piduuamiho","18ga0zwqxp8u5efdlsdv82r8d","bwqw1eamimneq8zb7g2an5mid","e7yn04cnn5a3r9ni1gmanib8f","8rarref319wusbtpmj6ysddwn","85nsihg7i4vwig5xk4apauurc","83avks0gii65yn86ol2ykg9jn","77pmx827axqp70xpq5n2fs2iw","akt84ne10f21gvu1zo4a0tnky","crfi8mkht317b5t194gdx4f5y","e0byem1czlsmxycm97vuwkurs","1qc0kbf266t9we5xpxwyzrja6","2mu20s4gvb4upajd4k9v0p4lv"]} @ https://runtime-assets.adalo.com/static/js/main.79e9a9ca.js:1
[   45423ms] [WARNING] SKIPPING ERRONEOUS DEPENDENCY Error: Selector failed: {"type":"CURRENT_USER_SELECTOR"}
    at G (https://runtime-assets.adalo.com/static/js/main.79e9a9ca.js:2:468532)
    at t.getDependencies (https://runtime-assets.adalo.com/static/js/main.79e9a9ca.js:2:467260)
    at w.isManuallyPaginated (https://runtime-assets.adalo.com/static/js/main.79e9a9ca.js:2:348848)
    at w.renderPaginationControls (https://runtime-assets.adalo.com/static/js/main.79e9a9ca.js:2:370838)
    at w.render (https://runtime-assets.adalo.com/static/js/main.79e9a9ca.js:2:372453)
    at Ds (https://runtime-assets.adalo.com/static/js/main.79e9a9ca.js:2:4414574)
    at Ls (https://runtime-assets.adalo.com/static/js/main.79e9a9ca.js:2:4414370)
    at Ml (https://runtime-assets.adalo.com/static/js/main.79e9a9ca.js:2:4457902)
    at bu (https://runtime-assets.adalo.com/static/js/main.79e9a9ca.js:2:4446043)
    at vu (https://runtime-assets.adalo.com/static/js/main.79e9a9ca.js:2:4445971)
    at yu (https://runtime-assets.adalo.com/static/js/main.79e9a9ca.js:2:4445834)
    at au (https://runtime-assets.adalo.com/static/js/main.79e9a9ca.js:2:4440938)
    at S (https://runtime-assets.adalo.com/static/js/main.79e9a9ca.js:2:4731959)
    at I (https://runtime-assets.adalo.com/static/js/main.79e9a9ca.js:2:4732493)
    at O.<computed> (https://runtime-assets.adalo.com/static/js/main.79e9a9ca.js:2:4028835)
    at D (https://runtime-assets.adalo.com/static/js/main.79e9a9ca.js:2:4028604)
    at MessagePort.P (https://runtime-assets.adalo.com/static/js/main.79e9a9ca.js:2:4028663) {"id":"dx862l5uvza6ics9aj30xud64","type":"binding","label":"name","source":{"type":"field","source":{"type":"data","source":null,"tableId":"t_80c852bba70544a6a98079124dfc8e10","dataType":"object","selector":{"type":"CURRENT_USER_SELECTOR"},"datasourceId":"4dba133b22784a13b18b1a791cfdd211"},"fieldId":"name","dataType":"text"},"bindingType":"libraryProp","childBindings":[],"siblingBindings":["82jnplk3ef502gh5ra15iven5","alb6jx052np69houarjepkzxt","d4ccnilspvhusn5vln7fnumoq","e1u2k5uadbzmnwqydjuj41a8s","el4yprrbnqt3re35jo8dnbq8u","a523cf05i53tfa1bas0wgcebu","22a4gatllq388sgqrwk9hg2t6","a9kncdenpdwn86cruysxqr9b8","6mz0b5cugikqk54s5zozthbzy","br9652mqlrwn0h0cretf6p9zx","28us5z1bh4mkf4afr7o4k7rx7","18hbzwi2guish96ccpaonxxk4","1ggvf2r6q7go47x48nu91ucjq","42ksl48yfdoh4nqvc6timfr64","54a7sb35ft40ry0jfk4h0eyko","7h1o8zkry3k0wp4pv0b9wzr15","0ymorhi8eb1nrs3elbg40pr1z","7nbe807feozxlvbrxv7oj75u5","70hnqwp00hw0kge0jgrzr4qf7","9u8oqksftkn3agm4ipoxrsbjx","9ug8uo6o17gleq6ylnj6qavgv","cbmpybstng5h4paecr60bbabe","cgauy5zngx8hftafb99hggnr6","9bh37hevrfmh9j65ey3t5d3jo","0c5zgo2nqaryc6h436fzq1917","9p2sxifrpgjp9fcdjbogo7dpj","5byx6g0lyx65555o4o1mw38zy","0sy2fxg7c83fjpl4lvo6tfrca","7jvkthazbah1b1wn1dcq3mnyb","3x7z0ehqdtk40uxmkcuily2uh","bcd0wc7fh65tlses260mvipw8","8e2q1qbluecvdigvy8zv8paa3","4xchnrnt0ghb5js0a9hcrq4w4","7razvctmyk23l0rd9yiv57sb7","1ngsxv2y81cymdir3xvr6shvl","bak8qlbpq9rlper30e6e2kmbg","czpqup69r43tp8s7bbwzsdnh8","2yexwfwi4p5bmiwdnt7ihq5yl","bl7mk740xtdpww5ry0zu85njs","6hxt8v85e3b3e7ieyj1lyzzwz","e2nh4d93yibu4dlslg6bgmc4a","dtve1dk2jd447mh82v6otn2lz","33a6dundlksh174piduuamiho","18ga0zwqxp8u5efdlsdv82r8d","bwqw1eamimneq8zb7g2an5mid","e7yn04cnn5a3r9ni1gmanib8f","8rarref319wusbtpmj6ysddwn","85nsihg7i4vwig5xk4apauurc","83avks0gii65yn86ol2ykg9jn","77pmx827axqp70xpq5n2fs2iw","akt84ne10f21gvu1zo4a0tnky","crfi8mkht317b5t194gdx4f5y","e0byem1czlsmxycm97vuwkurs","1qc0kbf266t9we5xpxwyzrja6","2mu20s4gvb4upajd4k9v0p4lv"]} @ https://runtime-assets.adalo.com/static/js/main.79e9a9ca.js:1
[   45447ms] [WARNING] SKIPPING ERRONEOUS DEPENDENCY Error: Selector failed: {"type":"CURRENT_USER_SELECTOR"}
    at G (https://runtime-assets.adalo.com/static/js/main.79e9a9ca.js:2:468532)
    at t.getDependencies (https://runtime-assets.adalo.com/static/js/main.79e9a9ca.js:2:467260)
    at w.isManuallyPaginated (https://runtime-assets.adalo.com/static/js/main.79e9a9ca.js:2:348848)
    at w.renderPaginationControls (https://runtime-assets.adalo.com/static/js/main.79e9a9ca.js:2:370838)
    at w.render (https://runtime-assets.adalo.com/static/js/main.79e9a9ca.js:2:372453)
    at Ds (https://runtime-assets.adalo.com/static/js/main.79e9a9ca.js:2:4414574)
    at Ls (https://runtime-assets.adalo.com/static/js/main.79e9a9ca.js:2:4414370)
    at Ml (https://runtime-assets.adalo.com/static/js/main.79e9a9ca.js:2:4457902)
    at bu (https://runtime-assets.adalo.com/static/js/main.79e9a9ca.js:2:4446043)
    at vu (https://runtime-assets.adalo.com/static/js/main.79e9a9ca.js:2:4445971)
    at yu (https://runtime-assets.adalo.com/static/js/main.79e9a9ca.js:2:4445834)
    at uu (https://runtime-assets.adalo.com/static/js/main.79e9a9ca.js:2:4442950)
    at Wo (https://runtime-assets.adalo.com/static/js/main.79e9a9ca.js:2:4383545)
    at https://runtime-assets.adalo.com/static/js/main.79e9a9ca.js:2:4440547 {"id":"cbmpybstng5h4paecr60bbabe","type":"binding","label":"name","source":{"type":"field","source":{"type":"data","source":null,"tableId":"t_80c852bba70544a6a98079124dfc8e10","dataType":"object","selector":{"type":"CURRENT_USER_SELECTOR"},"datasourceId":"4dba133b22784a13b18b1a791cfdd211"},"fieldId":"name","dataType":"text"},"bindingType":"libraryProp","childBindings":[],"siblingBindings":["82jnplk3ef502gh5ra15iven5","alb6jx052np69houarjepkzxt","d4ccnilspvhusn5vln7fnumoq","e1u2k5uadbzmnwqydjuj41a8s","el4yprrbnqt3re35jo8dnbq8u","a523cf05i53tfa1bas0wgcebu","22a4gatllq388sgqrwk9hg2t6","a9kncdenpdwn86cruysxqr9b8","6mz0b5cugikqk54s5zozthbzy","br9652mqlrwn0h0cretf6p9zx","28us5z1bh4mkf4afr7o4k7rx7","18hbzwi2guish96ccpaonxxk4","1ggvf2r6q7go47x48nu91ucjq","42ksl48yfdoh4nqvc6timfr64","54a7sb35ft40ry0jfk4h0eyko","7h1o8zkry3k0wp4pv0b9wzr15","0ymorhi8eb1nrs3elbg40pr1z","7nbe807feozxlvbrxv7oj75u5","70hnqwp00hw0kge0jgrzr4qf7","9u8oqksftkn3agm4ipoxrsbjx","9ug8uo6o17gleq6ylnj6qavgv","dx862l5uvza6ics9aj30xud64","cgauy5zngx8hftafb99hggnr6","9bh37hevrfmh9j65ey3t5d3jo","0c5zgo2nqaryc6h436fzq1917","9p2sxifrpgjp9fcdjbogo7dpj","5byx6g0lyx65555o4o1mw38zy","0sy2fxg7c83fjpl4lvo6tfrca","7jvkthazbah1b1wn1dcq3mnyb","3x7z0ehqdtk40uxmkcuily2uh","bcd0wc7fh65tlses260mvipw8","8e2q1qbluecvdigvy8zv8paa3","4xchnrnt0ghb5js0a9hcrq4w4","7razvctmyk23l0rd9yiv57sb7","1ngsxv2y81cymdir3xvr6shvl","bak8qlbpq9rlper30e6e2kmbg","czpqup69r43tp8s7bbwzsdnh8","2yexwfwi4p5bmiwdnt7ihq5yl","bl7mk740xtdpww5ry0zu85njs","6hxt8v85e3b3e7ieyj1lyzzwz","e2nh4d93yibu4dlslg6bgmc4a","dtve1dk2jd447mh82v6otn2lz","33a6dundlksh174piduuamiho","18ga0zwqxp8u5efdlsdv82r8d","bwqw1eamimneq8zb7g2an5mid","e7yn04cnn5a3r9ni1gmanib8f","8rarref319wusbtpmj6ysddwn","85nsihg7i4vwig5xk4apauurc","83avks0gii65yn86ol2ykg9jn","77pmx827axqp70xpq5n2fs2iw","akt84ne10f21gvu1zo4a0tnky","crfi8mkht317b5t194gdx4f5y","e0byem1czlsmxycm97vuwkurs","1qc0kbf266t9we5xpxwyzrja6","2mu20s4gvb4upajd4k9v0p4lv"]} @ https://runtime-assets.adalo.com/static/js/main.79e9a9ca.js:1
[   45447ms] [WARNING] SKIPPING ERRONEOUS DEPENDENCY Error: Selector failed: {"type":"CURRENT_USER_SELECTOR"}
    at G (https://runtime-assets.adalo.com/static/js/main.79e9a9ca.js:2:468532)
    at t.getDependencies (https://runtime-assets.adalo.com/static/js/main.79e9a9ca.js:2:467260)
    at w.isManuallyPaginated (https://runtime-assets.adalo.com/static/js/main.79e9a9ca.js:2:348848)
    at w.renderPaginationControls (https://runtime-assets.adalo.com/static/js/main.79e9a9ca.js:2:370838)
    at w.render (https://runtime-assets.adalo.com/static/js/main.79e9a9ca.js:2:372453)
    at Ds (https://runtime-assets.adalo.com/static/js/main.79e9a9ca.js:2:4414574)
    at Ls (https://runtime-assets.adalo.com/static/js/main.79e9a9ca.js:2:4414370)
    at Ml (https://runtime-assets.adalo.com/static/js/main.79e9a9ca.js:2:4457902)
    at bu (https://runtime-assets.adalo.com/static/js/main.79e9a9ca.js:2:4446043)
    at vu (https://runtime-assets.adalo.com/static/js/main.79e9a9ca.js:2:4445971)
    at yu (https://runtime-assets.adalo.com/static/js/main.79e9a9ca.js:2:4445834)
    at uu (https://runtime-assets.adalo.com/static/js/main.79e9a9ca.js:2:4442950)
    at Wo (https://runtime-assets.adalo.com/static/js/main.79e9a9ca.js:2:4383545)
    at https://runtime-assets.adalo.com/static/js/main.79e9a9ca.js:2:4440547 {"id":"dx862l5uvza6ics9aj30xud64","type":"binding","label":"name","source":{"type":"field","source":{"type":"data","source":null,"tableId":"t_80c852bba70544a6a98079124dfc8e10","dataType":"object","selector":{"type":"CURRENT_USER_SELECTOR"},"datasourceId":"4dba133b22784a13b18b1a791cfdd211"},"fieldId":"name","dataType":"text"},"bindingType":"libraryProp","childBindings":[],"siblingBindings":["82jnplk3ef502gh5ra15iven5","alb6jx052np69houarjepkzxt","d4ccnilspvhusn5vln7fnumoq","e1u2k5uadbzmnwqydjuj41a8s","el4yprrbnqt3re35jo8dnbq8u","a523cf05i53tfa1bas0wgcebu","22a4gatllq388sgqrwk9hg2t6","a9kncdenpdwn86cruysxqr9b8","6mz0b5cugikqk54s5zozthbzy","br9652mqlrwn0h0cretf6p9zx","28us5z1bh4mkf4afr7o4k7rx7","18hbzwi2guish96ccpaonxxk4","1ggvf2r6q7go47x48nu91ucjq","42ksl48yfdoh4nqvc6timfr64","54a7sb35ft40ry0jfk4h0eyko","7h1o8zkry3k0wp4pv0b9wzr15","0ymorhi8eb1nrs3elbg40pr1z","7nbe807feozxlvbrxv7oj75u5","70hnqwp00hw0kge0jgrzr4qf7","9u8oqksftkn3agm4ipoxrsbjx","9ug8uo6o17gleq6ylnj6qavgv","cbmpybstng5h4paecr60bbabe","cgauy5zngx8hftafb99hggnr6","9bh37hevrfmh9j65ey3t5d3jo","0c5zgo2nqaryc6h436fzq1917","9p2sxifrpgjp9fcdjbogo7dpj","5byx6g0lyx65555o4o1mw38zy","0sy2fxg7c83fjpl4lvo6tfrca","7jvkthazbah1b1wn1dcq3mnyb","3x7z0ehqdtk40uxmkcuily2uh","bcd0wc7fh65tlses260mvipw8","8e2q1qbluecvdigvy8zv8paa3","4xchnrnt0ghb5js0a9hcrq4w4","7razvctmyk23l0rd9yiv57sb7","1ngsxv2y81cymdir3xvr6shvl","bak8qlbpq9rlper30e6e2kmbg","czpqup69r43tp8s7bbwzsdnh8","2yexwfwi4p5bmiwdnt7ihq5yl","bl7mk740xtdpww5ry0zu85njs","6hxt8v85e3b3e7ieyj1lyzzwz","e2nh4d93yibu4dlslg6bgmc4a","dtve1dk2jd447mh82v6otn2lz","33a6dundlksh174piduuamiho","18ga0zwqxp8u5efdlsdv82r8d","bwqw1eamimneq8zb7g2an5mid","e7yn04cnn5a3r9ni1gmanib8f","8rarref319wusbtpmj6ysddwn","85nsihg7i4vwig5xk4apauurc","83avks0gii65yn86ol2ykg9jn","77pmx827axqp70xpq5n2fs2iw","akt84ne10f21gvu1zo4a0tnky","crfi8mkht317b5t194gdx4f5y","e0byem1czlsmxycm97vuwkurs","1qc0kbf266t9we5xpxwyzrja6","2mu20s4gvb4upajd4k9v0p4lv"]} @ https://runtime-assets.adalo.com/static/js/main.79e9a9ca.js:1
[   45461ms] [WARNING] SKIPPING ERRONEOUS DEPENDENCY Error: Selector failed: {"type":"CURRENT_USER_SELECTOR"}
    at G (https://runtime-assets.adalo.com/static/js/main.79e9a9ca.js:2:468532)
    at t.getDependencies (https://runtime-assets.adalo.com/static/js/main.79e9a9ca.js:2:467260)
    at w.isManuallyPaginated (https://runtime-assets.adalo.com/static/js/main.79e9a9ca.js:2:348848)
    at w.renderPaginationControls (https://runtime-assets.adalo.com/static/js/main.79e9a9ca.js:2:370838)
    at w.render (https://runtime-assets.adalo.com/static/js/main.79e9a9ca.js:2:372453)
    at Ds (https://runtime-assets.adalo.com/static/js/main.79e9a9ca.js:2:4414574)
    at Ls (https://runtime-assets.adalo.com/static/js/main.79e9a9ca.js:2:4414370)
    at Ml (https://runtime-assets.adalo.com/static/js/main.79e9a9ca.js:2:4457902)
    at bu (https://runtime-assets.adalo.com/static/js/main.79e9a9ca.js:2:4446043)
    at vu (https://runtime-assets.adalo.com/static/js/main.79e9a9ca.js:2:4445971)
    at yu (https://runtime-assets.adalo.com/static/js/main.79e9a9ca.js:2:4445834)
    at uu (https://runtime-assets.adalo.com/static/js/main.79e9a9ca.js:2:4442950)
    at Wo (https://runtime-assets.adalo.com/static/js/main.79e9a9ca.js:2:4383545)
    at https://runtime-assets.adalo.com/static/js/main.79e9a9ca.js:2:4440547 {"id":"cbmpybstng5h4paecr60bbabe","type":"binding","label":"name","source":{"type":"field","source":{"type":"data","source":null,"tableId":"t_80c852bba70544a6a98079124dfc8e10","dataType":"object","selector":{"type":"CURRENT_USER_SELECTOR"},"datasourceId":"4dba133b22784a13b18b1a791cfdd211"},"fieldId":"name","dataType":"text"},"bindingType":"libraryProp","childBindings":[],"siblingBindings":["82jnplk3ef502gh5ra15iven5","alb6jx052np69houarjepkzxt","d4ccnilspvhusn5vln7fnumoq","e1u2k5uadbzmnwqydjuj41a8s","el4yprrbnqt3re35jo8dnbq8u","a523cf05i53tfa1bas0wgcebu","22a4gatllq388sgqrwk9hg2t6","a9kncdenpdwn86cruysxqr9b8","6mz0b5cugikqk54s5zozthbzy","br9652mqlrwn0h0cretf6p9zx","28us5z1bh4mkf4afr7o4k7rx7","18hbzwi2guish96ccpaonxxk4","1ggvf2r6q7go47x48nu91ucjq","42ksl48yfdoh4nqvc6timfr64","54a7sb35ft40ry0jfk4h0eyko","7h1o8zkry3k0wp4pv0b9wzr15","0ymorhi8eb1nrs3elbg40pr1z","7nbe807feozxlvbrxv7oj75u5","70hnqwp00hw0kge0jgrzr4qf7","9u8oqksftkn3agm4ipoxrsbjx","9ug8uo6o17gleq6ylnj6qavgv","dx862l5uvza6ics9aj30xud64","cgauy5zngx8hftafb99hggnr6","9bh37hevrfmh9j65ey3t5d3jo","0c5zgo2nqaryc6h436fzq1917","9p2sxifrpgjp9fcdjbogo7dpj","5byx6g0lyx65555o4o1mw38zy","0sy2fxg7c83fjpl4lvo6tfrca","7jvkthazbah1b1wn1dcq3mnyb","3x7z0ehqdtk40uxmkcuily2uh","bcd0wc7fh65tlses260mvipw8","8e2q1qbluecvdigvy8zv8paa3","4xchnrnt0ghb5js0a9hcrq4w4","7razvctmyk23l0rd9yiv57sb7","1ngsxv2y81cymdir3xvr6shvl","bak8qlbpq9rlper30e6e2kmbg","czpqup69r43tp8s7bbwzsdnh8","2yexwfwi4p5bmiwdnt7ihq5yl","bl7mk740xtdpww5ry0zu85njs","6hxt8v85e3b3e7ieyj1lyzzwz","e2nh4d93yibu4dlslg6bgmc4a","dtve1dk2jd447mh82v6otn2lz","33a6dundlksh174piduuamiho","18ga0zwqxp8u5efdlsdv82r8d","bwqw1eamimneq8zb7g2an5mid","e7yn04cnn5a3r9ni1gmanib8f","8rarref319wusbtpmj6ysddwn","85nsihg7i4vwig5xk4apauurc","83avks0gii65yn86ol2ykg9jn","77pmx827axqp70xpq5n2fs2iw","akt84ne10f21gvu1zo4a0tnky","crfi8mkht317b5t194gdx4f5y","e0byem1czlsmxycm97vuwkurs","1qc0kbf266t9we5xpxwyzrja6","2mu20s4gvb4upajd4k9v0p4lv"]} @ https://runtime-assets.adalo.com/static/js/main.79e9a9ca.js:1
[   45462ms] [WARNING] SKIPPING ERRONEOUS DEPENDENCY Error: Selector failed: {"type":"CURRENT_USER_SELECTOR"}
    at G (https://runtime-assets.adalo.com/static/js/main.79e9a9ca.js:2:468532)
    at t.getDependencies (https://runtime-assets.adalo.com/static/js/main.79e9a9ca.js:2:467260)
    at w.isManuallyPaginated (https://runtime-assets.adalo.com/static/js/main.79e9a9ca.js:2:348848)
    at w.renderPaginationControls (https://runtime-assets.adalo.com/static/js/main.79e9a9ca.js:2:370838)
    at w.render (https://runtime-assets.adalo.com/static/js/main.79e9a9ca.js:2:372453)
    at Ds (https://runtime-assets.adalo.com/static/js/main.79e9a9ca.js:2:4414574)
    at Ls (https://runtime-assets.adalo.com/static/js/main.79e9a9ca.js:2:4414370)
    at Ml (https://runtime-assets.adalo.com/static/js/main.79e9a9ca.js:2:4457902)
    at bu (https://runtime-assets.adalo.com/static/js/main.79e9a9ca.js:2:4446043)
    at vu (https://runtime-assets.adalo.com/static/js/main.79e9a9ca.js:2:4445971)
    at yu (https://runtime-assets.adalo.com/static/js/main.79e9a9ca.js:2:4445834)
    at uu (https://runtime-assets.adalo.com/static/js/main.79e9a9ca.js:2:4442950)
    at Wo (https://runtime-assets.adalo.com/static/js/main.79e9a9ca.js:2:4383545)
    at https://runtime-assets.adalo.com/static/js/main.79e9a9ca.js:2:4440547 {"id":"dx862l5uvza6ics9aj30xud64","type":"binding","label":"name","source":{"type":"field","source":{"type":"data","source":null,"tableId":"t_80c852bba70544a6a98079124dfc8e10","dataType":"object","selector":{"type":"CURRENT_USER_SELECTOR"},"datasourceId":"4dba133b22784a13b18b1a791cfdd211"},"fieldId":"name","dataType":"text"},"bindingType":"libraryProp","childBindings":[],"siblingBindings":["82jnplk3ef502gh5ra15iven5","alb6jx052np69houarjepkzxt","d4ccnilspvhusn5vln7fnumoq","e1u2k5uadbzmnwqydjuj41a8s","el4yprrbnqt3re35jo8dnbq8u","a523cf05i53tfa1bas0wgcebu","22a4gatllq388sgqrwk9hg2t6","a9kncdenpdwn86cruysxqr9b8","6mz0b5cugikqk54s5zozthbzy","br9652mqlrwn0h0cretf6p9zx","28us5z1bh4mkf4afr7o4k7rx7","18hbzwi2guish96ccpaonxxk4","1ggvf2r6q7go47x48nu91ucjq","42ksl48yfdoh4nqvc6timfr64","54a7sb35ft40ry0jfk4h0eyko","7h1o8zkry3k0wp4pv0b9wzr15","0ymorhi8eb1nrs3elbg40pr1z","7nbe807feozxlvbrxv7oj75u5","70hnqwp00hw0kge0jgrzr4qf7","9u8oqksftkn3agm4ipoxrsbjx","9ug8uo6o17gleq6ylnj6qavgv","cbmpybstng5h4paecr60bbabe","cgauy5zngx8hftafb99hggnr6","9bh37hevrfmh9j65ey3t5d3jo","0c5zgo2nqaryc6h436fzq1917","9p2sxifrpgjp9fcdjbogo7dpj","5byx6g0lyx65555o4o1mw38zy","0sy2fxg7c83fjpl4lvo6tfrca","7jvkthazbah1b1wn1dcq3mnyb","3x7z0ehqdtk40uxmkcuily2uh","bcd0wc7fh65tlses260mvipw8","8e2q1qbluecvdigvy8zv8paa3","4xchnrnt0ghb5js0a9hcrq4w4","7razvctmyk23l0rd9yiv57sb7","1ngsxv2y81cymdir3xvr6shvl","bak8qlbpq9rlper30e6e2kmbg","czpqup69r43tp8s7bbwzsdnh8","2yexwfwi4p5bmiwdnt7ihq5yl","bl7mk740xtdpww5ry0zu85njs","6hxt8v85e3b3e7ieyj1lyzzwz","e2nh4d93yibu4dlslg6bgmc4a","dtve1dk2jd447mh82v6otn2lz","33a6dundlksh174piduuamiho","18ga0zwqxp8u5efdlsdv82r8d","bwqw1eamimneq8zb7g2an5mid","e7yn04cnn5a3r9ni1gmanib8f","8rarref319wusbtpmj6ysddwn","85nsihg7i4vwig5xk4apauurc","83avks0gii65yn86ol2ykg9jn","77pmx827axqp70xpq5n2fs2iw","akt84ne10f21gvu1zo4a0tnky","crfi8mkht317b5t194gdx4f5y","e0byem1czlsmxycm97vuwkurs","1qc0kbf266t9we5xpxwyzrja6","2mu20s4gvb4upajd4k9v0p4lv"]} @ https://runtime-assets.adalo.com/static/js/main.79e9a9ca.js:1
[   45466ms] Uncaught (in promise) AxiosError: Request failed with status code 400
    at Ee (https://runtime-assets.adalo.com/static/js/main.79e9a9ca.js:1:17538)
    at g (https://runtime-assets.adalo.com/static/js/main.79e9a9ca.js:1:21986)
[   45741ms] [WARNING] SKIPPING ERRONEOUS DEPENDENCY Error: Selector failed: {"type":"CURRENT_USER_SELECTOR"}
    at G (https://runtime-assets.adalo.com/static/js/main.79e9a9ca.js:2:468532)
    at t.getDependencies (https://runtime-assets.adalo.com/static/js/main.79e9a9ca.js:2:467260)
    at w.isManuallyPaginated (https://runtime-assets.adalo.com/static/js/main.79e9a9ca.js:2:348848)
    at w.renderPaginationControls (https://runtime-assets.adalo.com/static/js/main.79e9a9ca.js:2:370838)
    at w.render (https://runtime-assets.adalo.com/static/js/main.79e9a9ca.js:2:372453)
    at Ds (https://runtime-assets.adalo.com/static/js/main.79e9a9ca.js:2:4414574)
    at Ls (https://runtime-assets.adalo.com/static/js/main.79e9a9ca.js:2:4414370)
    at Ml (https://runtime-assets.adalo.com/static/js/main.79e9a9ca.js:2:4457902)
    at bu (https://runtime-assets.adalo.com/static/js/main.79e9a9ca.js:2:4446043)
    at vu (https://runtime-assets.adalo.com/static/js/main.79e9a9ca.js:2:4445971)
    at yu (https://runtime-assets.adalo.com/static/js/main.79e9a9ca.js:2:4445834)
    at uu (https://runtime-assets.adalo.com/static/js/main.79e9a9ca.js:2:4442950)
    at Wo (https://runtime-assets.adalo.com/static/js/main.79e9a9ca.js:2:4383545)
    at https://runtime-assets.adalo.com/static/js/main.79e9a9ca.js:2:4440547 {"id":"cbmpybstng5h4paecr60bbabe","type":"binding","label":"name","source":{"type":"field","source":{"type":"data","source":null,"tableId":"t_80c852bba70544a6a98079124dfc8e10","dataType":"object","selector":{"type":"CURRENT_USER_SELECTOR"},"datasourceId":"4dba133b22784a13b18b1a791cfdd211"},"fieldId":"name","dataType":"text"},"bindingType":"libraryProp","childBindings":[],"siblingBindings":["82jnplk3ef502gh5ra15iven5","alb6jx052np69houarjepkzxt","d4ccnilspvhusn5vln7fnumoq","e1u2k5uadbzmnwqydjuj41a8s","el4yprrbnqt3re35jo8dnbq8u","a523cf05i53tfa1bas0wgcebu","22a4gatllq388sgqrwk9hg2t6","a9kncdenpdwn86cruysxqr9b8","6mz0b5cugikqk54s5zozthbzy","br9652mqlrwn0h0cretf6p9zx","28us5z1bh4mkf4afr7o4k7rx7","18hbzwi2guish96ccpaonxxk4","1ggvf2r6q7go47x48nu91ucjq","42ksl48yfdoh4nqvc6timfr64","54a7sb35ft40ry0jfk4h0eyko","7h1o8zkry3k0wp4pv0b9wzr15","0ymorhi8eb1nrs3elbg40pr1z","7nbe807feozxlvbrxv7oj75u5","70hnqwp00hw0kge0jgrzr4qf7","9u8oqksftkn3agm4ipoxrsbjx","9ug8uo6o17gleq6ylnj6qavgv","dx862l5uvza6ics9aj30xud64","cgauy5zngx8hftafb99hggnr6","9bh37hevrfmh9j65ey3t5d3jo","0c5zgo2nqaryc6h436fzq1917","9p2sxifrpgjp9fcdjbogo7dpj","5byx6g0lyx65555o4o1mw38zy","0sy2fxg7c83fjpl4lvo6tfrca","7jvkthazbah1b1wn1dcq3mnyb","3x7z0ehqdtk40uxmkcuily2uh","bcd0wc7fh65tlses260mvipw8","8e2q1qbluecvdigvy8zv8paa3","4xchnrnt0ghb5js0a9hcrq4w4","7razvctmyk23l0rd9yiv57sb7","1ngsxv2y81cymdir3xvr6shvl","bak8qlbpq9rlper30e6e2kmbg","czpqup69r43tp8s7bbwzsdnh8","2yexwfwi4p5bmiwdnt7ihq5yl","bl7mk740xtdpww5ry0zu85njs","6hxt8v85e3b3e7ieyj1lyzzwz","e2nh4d93yibu4dlslg6bgmc4a","dtve1dk2jd447mh82v6otn2lz","33a6dundlksh174piduuamiho","18ga0zwqxp8u5efdlsdv82r8d","bwqw1eamimneq8zb7g2an5mid","e7yn04cnn5a3r9ni1gmanib8f","8rarref319wusbtpmj6ysddwn","85nsihg7i4vwig5xk4apauurc","83avks0gii65yn86ol2ykg9jn","77pmx827axqp70xpq5n2fs2iw","akt84ne10f21gvu1zo4a0tnky","crfi8mkht317b5t194gdx4f5y","e0byem1czlsmxycm97vuwkurs","1qc0kbf266t9we5xpxwyzrja6","2mu20s4gvb4upajd4k9v0p4lv"]} @ https://runtime-assets.adalo.com/static/js/main.79e9a9ca.js:1
[   45742ms] [WARNING] SKIPPING ERRONEOUS DEPENDENCY Error: Selector failed: {"type":"CURRENT_USER_SELECTOR"}
    at G (https://runtime-assets.adalo.com/static/js/main.79e9a9ca.js:2:468532)
    at t.getDependencies (https://runtime-assets.adalo.com/static/js/main.79e9a9ca.js:2:467260)
    at w.isManuallyPaginated (https://runtime-assets.adalo.com/static/js/main.79e9a9ca.js:2:348848)
    at w.renderPaginationControls (https://runtime-assets.adalo.com/static/js/main.79e9a9ca.js:2:370838)
    at w.render (https://runtime-assets.adalo.com/static/js/main.79e9a9ca.js:2:372453)
    at Ds (https://runtime-assets.adalo.com/static/js/main.79e9a9ca.js:2:4414574)
    at Ls (https://runtime-assets.adalo.com/static/js/main.79e9a9ca.js:2:4414370)
    at Ml (https://runtime-assets.adalo.com/static/js/main.79e9a9ca.js:2:4457902)
    at bu (https://runtime-assets.adalo.com/static/js/main.79e9a9ca.js:2:4446043)
    at vu (https://runtime-assets.adalo.com/static/js/main.79e9a9ca.js:2:4445971)
    at yu (https://runtime-assets.adalo.com/static/js/main.79e9a9ca.js:2:4445834)
    at uu (https://runtime-assets.adalo.com/static/js/main.79e9a9ca.js:2:4442950)
    at Wo (https://runtime-assets.adalo.com/static/js/main.79e9a9ca.js:2:4383545)
    at https://runtime-assets.adalo.com/static/js/main.79e9a9ca.js:2:4440547 {"id":"dx862l5uvza6ics9aj30xud64","type":"binding","label":"name","source":{"type":"field","source":{"type":"data","source":null,"tableId":"t_80c852bba70544a6a98079124dfc8e10","dataType":"object","selector":{"type":"CURRENT_USER_SELECTOR"},"datasourceId":"4dba133b22784a13b18b1a791cfdd211"},"fieldId":"name","dataType":"text"},"bindingType":"libraryProp","childBindings":[],"siblingBindings":["82jnplk3ef502gh5ra15iven5","alb6jx052np69houarjepkzxt","d4ccnilspvhusn5vln7fnumoq","e1u2k5uadbzmnwqydjuj41a8s","el4yprrbnqt3re35jo8dnbq8u","a523cf05i53tfa1bas0wgcebu","22a4gatllq388sgqrwk9hg2t6","a9kncdenpdwn86cruysxqr9b8","6mz0b5cugikqk54s5zozthbzy","br9652mqlrwn0h0cretf6p9zx","28us5z1bh4mkf4afr7o4k7rx7","18hbzwi2guish96ccpaonxxk4","1ggvf2r6q7go47x48nu91ucjq","42ksl48yfdoh4nqvc6timfr64","54a7sb35ft40ry0jfk4h0eyko","7h1o8zkry3k0wp4pv0b9wzr15","0ymorhi8eb1nrs3elbg40pr1z","7nbe807feozxlvbrxv7oj75u5","70hnqwp00hw0kge0jgrzr4qf7","9u8oqksftkn3agm4ipoxrsbjx","9ug8uo6o17gleq6ylnj6qavgv","cbmpybstng5h4paecr60bbabe","cgauy5zngx8hftafb99hggnr6","9bh37hevrfmh9j65ey3t5d3jo","0c5zgo2nqaryc6h436fzq1917","9p2sxifrpgjp9fcdjbogo7dpj","5byx6g0lyx65555o4o1mw38zy","0sy2fxg7c83fjpl4lvo6tfrca","7jvkthazbah1b1wn1dcq3mnyb","3x7z0ehqdtk40uxmkcuily2uh","bcd0wc7fh65tlses260mvipw8","8e2q1qbluecvdigvy8zv8paa3","4xchnrnt0ghb5js0a9hcrq4w4","7razvctmyk23l0rd9yiv57sb7","1ngsxv2y81cymdir3xvr6shvl","bak8qlbpq9rlper30e6e2kmbg","czpqup69r43tp8s7bbwzsdnh8","2yexwfwi4p5bmiwdnt7ihq5yl","bl7mk740xtdpww5ry0zu85njs","6hxt8v85e3b3e7ieyj1lyzzwz","e2nh4d93yibu4dlslg6bgmc4a","dtve1dk2jd447mh82v6otn2lz","33a6dundlksh174piduuamiho","18ga0zwqxp8u5efdlsdv82r8d","bwqw1eamimneq8zb7g2an5mid","e7yn04cnn5a3r9ni1gmanib8f","8rarref319wusbtpmj6ysddwn","85nsihg7i4vwig5xk4apauurc","83avks0gii65yn86ol2ykg9jn","77pmx827axqp70xpq5n2fs2iw","akt84ne10f21gvu1zo4a0tnky","crfi8mkht317b5t194gdx4f5y","e0byem1czlsmxycm97vuwkurs","1qc0kbf266t9we5xpxwyzrja6","2mu20s4gvb4upajd4k9v0p4lv"]} @ https://runtime-assets.adalo.com/static/js/main.79e9a9ca.js:1
[   46702ms] [WARNING] SKIPPING ERRONEOUS DEPENDENCY Error: Selector failed: {"type":"CURRENT_USER_SELECTOR"}
    at G (https://runtime-assets.adalo.com/static/js/main.79e9a9ca.js:2:468532)
    at t.getDependencies (https://runtime-assets.adalo.com/static/js/main.79e9a9ca.js:2:467260)
    at w.isManuallyPaginated (https://runtime-assets.adalo.com/static/js/main.79e9a9ca.js:2:348848)
    at w.getTableDataRowsForPage (https://runtime-assets.adalo.com/static/js/main.79e9a9ca.js:2:369833)
    at w.getTableDataRows (https://runtime-assets.adalo.com/static/js/main.79e9a9ca.js:2:370168)
    at w.render (https://runtime-assets.adalo.com/static/js/main.79e9a9ca.js:2:371443)
    at Ds (https://runtime-assets.adalo.com/static/js/main.79e9a9ca.js:2:4414574)
    at Ls (https://runtime-assets.adalo.com/static/js/main.79e9a9ca.js:2:4414370)
    at Ml (https://runtime-assets.adalo.com/static/js/main.79e9a9ca.js:2:4457902)
    at bu (https://runtime-assets.adalo.com/static/js/main.79e9a9ca.js:2:4446043)
    at vu (https://runtime-assets.adalo.com/static/js/main.79e9a9ca.js:2:4445971)
    at yu (https://runtime-assets.adalo.com/static/js/main.79e9a9ca.js:2:4445834)
    at uu (https://runtime-assets.adalo.com/static/js/main.79e9a9ca.js:2:4442950)
    at Wo (https://runtime-assets.adalo.com/static/js/main.79e9a9ca.js:2:4383545)
    at https://runtime-assets.adalo.com/static/js/main.79e9a9ca.js:2:4440547 {"id":"cbmpybstng5h4paecr60bbabe","type":"binding","label":"name","source":{"type":"field","source":{"type":"data","source":null,"tableId":"t_80c852bba70544a6a98079124dfc8e10","dataType":"object","selector":{"type":"CURRENT_USER_SELECTOR"},"datasourceId":"4dba133b22784a13b18b1a791cfdd211"},"fieldId":"name","dataType":"text"},"bindingType":"libraryProp","childBindings":[],"siblingBindings":["82jnplk3ef502gh5ra15iven5","alb6jx052np69houarjepkzxt","d4ccnilspvhusn5vln7fnumoq","e1u2k5uadbzmnwqydjuj41a8s","el4yprrbnqt3re35jo8dnbq8u","a523cf05i53tfa1bas0wgcebu","22a4gatllq388sgqrwk9hg2t6","a9kncdenpdwn86cruysxqr9b8","6mz0b5cugikqk54s5zozthbzy","br9652mqlrwn0h0cretf6p9zx","28us5z1bh4mkf4afr7o4k7rx7","18hbzwi2guish96ccpaonxxk4","1ggvf2r6q7go47x48nu91ucjq","42ksl48yfdoh4nqvc6timfr64","54a7sb35ft40ry0jfk4h0eyko","7h1o8zkry3k0wp4pv0b9wzr15","0ymorhi8eb1nrs3elbg40pr1z","7nbe807feozxlvbrxv7oj75u5","70hnqwp00hw0kge0jgrzr4qf7","9u8oqksftkn3agm4ipoxrsbjx","9ug8uo6o17gleq6ylnj6qavgv","dx862l5uvza6ics9aj30xud64","cgauy5zngx8hftafb99hggnr6","9bh37hevrfmh9j65ey3t5d3jo","0c5zgo2nqaryc6h436fzq1917","9p2sxifrpgjp9fcdjbogo7dpj","5byx6g0lyx65555o4o1mw38zy","0sy2fxg7c83fjpl4lvo6tfrca","7jvkthazbah1b1wn1dcq3mnyb","3x7z0ehqdtk40uxmkcuily2uh","bcd0wc7fh65tlses260mvipw8","8e2q1qbluecvdigvy8zv8paa3","4xchnrnt0ghb5js0a9hcrq4w4","7razvctmyk23l0rd9yiv57sb7","1ngsxv2y81cymdir3xvr6shvl","bak8qlbpq9rlper30e6e2kmbg","czpqup69r43tp8s7bbwzsdnh8","2yexwfwi4p5bmiwdnt7ihq5yl","bl7mk740xtdpww5ry0zu85njs","6hxt8v85e3b3e7ieyj1lyzzwz","e2nh4d93yibu4dlslg6bgmc4a","dtve1dk2jd447mh82v6otn2lz","33a6dundlksh174piduuamiho","18ga0zwqxp8u5efdlsdv82r8d","bwqw1eamimneq8zb7g2an5mid","e7yn04cnn5a3r9ni1gmanib8f","8rarref319wusbtpmj6ysddwn","85nsihg7i4vwig5xk4apauurc","83avks0gii65yn86ol2ykg9jn","77pmx827axqp70xpq5n2fs2iw","akt84ne10f21gvu1zo4a0tnky","crfi8mkht317b5t194gdx4f5y","e0byem1czlsmxycm97vuwkurs","1qc0kbf266t9we5xpxwyzrja6","2mu20s4gvb4upajd4k9v0p4lv"]} @ https://runtime-assets.adalo.com/static/js/main.79e9a9ca.js:1
[   46703ms] [WARNING] SKIPPING ERRONEOUS DEPENDENCY Error: Selector failed: {"type":"CURRENT_USER_SELECTOR"}
    at G (https://runtime-assets.adalo.com/static/js/main.79e9a9ca.js:2:468532)
    at t.getDependencies (https://runtime-assets.adalo.com/static/js/main.79e9a9ca.js:2:467260)
    at w.isManuallyPaginated (https://runtime-assets.adalo.com/static/js/main.79e9a9ca.js:2:348848)
    at w.getTableDataRowsForPage (https://runtime-assets.adalo.com/static/js/main.79e9a9ca.js:2:369833)
    at w.getTableDataRows (https://runtime-assets.adalo.com/static/js/main.79e9a9ca.js:2:370168)
    at w.render (https://runtime-assets.adalo.com/static/js/main.79e9a9ca.js:2:371443)
    at Ds (https://runtime-assets.adalo.com/static/js/main.79e9a9ca.js:2:4414574)
    at Ls (https://runtime-assets.adalo.com/static/js/main.79e9a9ca.js:2:4414370)
    at Ml (https://runtime-assets.adalo.com/static/js/main.79e9a9ca.js:2:4457902)
    at bu (https://runtime-assets.adalo.com/static/js/main.79e9a9ca.js:2:4446043)
    at vu (https://runtime-assets.adalo.com/static/js/main.79e9a9ca.js:2:4445971)
    at yu (https://runtime-assets.adalo.com/static/js/main.79e9a9ca.js:2:4445834)
    at uu (https://runtime-assets.adalo.com/static/js/main.79e9a9ca.js:2:4442950)
    at Wo (https://runtime-assets.adalo.com/static/js/main.79e9a9ca.js:2:4383545)
    at https://runtime-assets.adalo.com/static/js/main.79e9a9ca.js:2:4440547 {"id":"dx862l5uvza6ics9aj30xud64","type":"binding","label":"name","source":{"type":"field","source":{"type":"data","source":null,"tableId":"t_80c852bba70544a6a98079124dfc8e10","dataType":"object","selector":{"type":"CURRENT_USER_SELECTOR"},"datasourceId":"4dba133b22784a13b18b1a791cfdd211"},"fieldId":"name","dataType":"text"},"bindingType":"libraryProp","childBindings":[],"siblingBindings":["82jnplk3ef502gh5ra15iven5","alb6jx052np69houarjepkzxt","d4ccnilspvhusn5vln7fnumoq","e1u2k5uadbzmnwqydjuj41a8s","el4yprrbnqt3re35jo8dnbq8u","a523cf05i53tfa1bas0wgcebu","22a4gatllq388sgqrwk9hg2t6","a9kncdenpdwn86cruysxqr9b8","6mz0b5cugikqk54s5zozthbzy","br9652mqlrwn0h0cretf6p9zx","28us5z1bh4mkf4afr7o4k7rx7","18hbzwi2guish96ccpaonxxk4","1ggvf2r6q7go47x48nu91ucjq","42ksl48yfdoh4nqvc6timfr64","54a7sb35ft40ry0jfk4h0eyko","7h1o8zkry3k0wp4pv0b9wzr15","0ymorhi8eb1nrs3elbg40pr1z","7nbe807feozxlvbrxv7oj75u5","70hnqwp00hw0kge0jgrzr4qf7","9u8oqksftkn3agm4ipoxrsbjx","9ug8uo6o17gleq6ylnj6qavgv","cbmpybstng5h4paecr60bbabe","cgauy5zngx8hftafb99hggnr6","9bh37hevrfmh9j65ey3t5d3jo","0c5zgo2nqaryc6h436fzq1917","9p2sxifrpgjp9fcdjbogo7dpj","5byx6g0lyx65555o4o1mw38zy","0sy2fxg7c83fjpl4lvo6tfrca","7jvkthazbah1b1wn1dcq3mnyb","3x7z0ehqdtk40uxmkcuily2uh","bcd0wc7fh65tlses260mvipw8","8e2q1qbluecvdigvy8zv8paa3","4xchnrnt0ghb5js0a9hcrq4w4","7razvctmyk23l0rd9yiv57sb7","1ngsxv2y81cymdir3xvr6shvl","bak8qlbpq9rlper30e6e2kmbg","czpqup69r43tp8s7bbwzsdnh8","2yexwfwi4p5bmiwdnt7ihq5yl","bl7mk740xtdpww5ry0zu85njs","6hxt8v85e3b3e7ieyj1lyzzwz","e2nh4d93yibu4dlslg6bgmc4a","dtve1dk2jd447mh82v6otn2lz","33a6dundlksh174piduuamiho","18ga0zwqxp8u5efdlsdv82r8d","bwqw1eamimneq8zb7g2an5mid","e7yn04cnn5a3r9ni1gmanib8f","8rarref319wusbtpmj6ysddwn","85nsihg7i4vwig5xk4apauurc","83avks0gii65yn86ol2ykg9jn","77pmx827axqp70xpq5n2fs2iw","akt84ne10f21gvu1zo4a0tnky","crfi8mkht317b5t194gdx4f5y","e0byem1czlsmxycm97vuwkurs","1qc0kbf266t9we5xpxwyzrja6","2mu20s4gvb4upajd4k9v0p4lv"]} @ https://runtime-assets.adalo.com/static/js/main.79e9a9ca.js:1
[   46706ms] [WARNING] SKIPPING ERRONEOUS DEPENDENCY Error: Selector failed: {"type":"CURRENT_USER_SELECTOR"}
    at G (https://runtime-assets.adalo.com/static/js/main.79e9a9ca.js:2:468532)
    at t.getDependencies (https://runtime-assets.adalo.com/static/js/main.79e9a9ca.js:2:467260)
    at w.isManuallyPaginated (https://runtime-assets.adalo.com/static/js/main.79e9a9ca.js:2:348848)
    at w.renderPaginationControls (https://runtime-assets.adalo.com/static/js/main.79e9a9ca.js:2:370838)
    at w.render (https://runtime-assets.adalo.com/static/js/main.79e9a9ca.js:2:372453)
    at Ds (https://runtime-assets.adalo.com/static/js/main.79e9a9ca.js:2:4414574)
    at Ls (https://runtime-assets.adalo.com/static/js/main.79e9a9ca.js:2:4414370)
    at Ml (https://runtime-assets.adalo.com/static/js/main.79e9a9ca.js:2:4457902)
    at bu (https://runtime-assets.adalo.com/static/js/main.79e9a9ca.js:2:4446043)
    at vu (https://runtime-assets.adalo.com/static/js/main.79e9a9ca.js:2:4445971)
    at yu (https://runtime-assets.adalo.com/static/js/main.79e9a9ca.js:2:4445834)
    at uu (https://runtime-assets.adalo.com/static/js/main.79e9a9ca.js:2:4442950)
    at Wo (https://runtime-assets.adalo.com/static/js/main.79e9a9ca.js:2:4383545)
    at https://runtime-assets.adalo.com/static/js/main.79e9a9ca.js:2:4440547 {"id":"cbmpybstng5h4paecr60bbabe","type":"binding","label":"name","source":{"type":"field","source":{"type":"data","source":null,"tableId":"t_80c852bba70544a6a98079124dfc8e10","dataType":"object","selector":{"type":"CURRENT_USER_SELECTOR"},"datasourceId":"4dba133b22784a13b18b1a791cfdd211"},"fieldId":"name","dataType":"text"},"bindingType":"libraryProp","childBindings":[],"siblingBindings":["82jnplk3ef502gh5ra15iven5","alb6jx052np69houarjepkzxt","d4ccnilspvhusn5vln7fnumoq","e1u2k5uadbzmnwqydjuj41a8s","el4yprrbnqt3re35jo8dnbq8u","a523cf05i53tfa1bas0wgcebu","22a4gatllq388sgqrwk9hg2t6","a9kncdenpdwn86cruysxqr9b8","6mz0b5cugikqk54s5zozthbzy","br9652mqlrwn0h0cretf6p9zx","28us5z1bh4mkf4afr7o4k7rx7","18hbzwi2guish96ccpaonxxk4","1ggvf2r6q7go47x48nu91ucjq","42ksl48yfdoh4nqvc6timfr64","54a7sb35ft40ry0jfk4h0eyko","7h1o8zkry3k0wp4pv0b9wzr15","0ymorhi8eb1nrs3elbg40pr1z","7nbe807feozxlvbrxv7oj75u5","70hnqwp00hw0kge0jgrzr4qf7","9u8oqksftkn3agm4ipoxrsbjx","9ug8uo6o17gleq6ylnj6qavgv","dx862l5uvza6ics9aj30xud64","cgauy5zngx8hftafb99hggnr6","9bh37hevrfmh9j65ey3t5d3jo","0c5zgo2nqaryc6h436fzq1917","9p2sxifrpgjp9fcdjbogo7dpj","5byx6g0lyx65555o4o1mw38zy","0sy2fxg7c83fjpl4lvo6tfrca","7jvkthazbah1b1wn1dcq3mnyb","3x7z0ehqdtk40uxmkcuily2uh","bcd0wc7fh65tlses260mvipw8","8e2q1qbluecvdigvy8zv8paa3","4xchnrnt0ghb5js0a9hcrq4w4","7razvctmyk23l0rd9yiv57sb7","1ngsxv2y81cymdir3xvr6shvl","bak8qlbpq9rlper30e6e2kmbg","czpqup69r43tp8s7bbwzsdnh8","2yexwfwi4p5bmiwdnt7ihq5yl","bl7mk740xtdpww5ry0zu85njs","6hxt8v85e3b3e7ieyj1lyzzwz","e2nh4d93yibu4dlslg6bgmc4a","dtve1dk2jd447mh82v6otn2lz","33a6dundlksh174piduuamiho","18ga0zwqxp8u5efdlsdv82r8d","bwqw1eamimneq8zb7g2an5mid","e7yn04cnn5a3r9ni1gmanib8f","8rarref319wusbtpmj6ysddwn","85nsihg7i4vwig5xk4apauurc","83avks0gii65yn86ol2ykg9jn","77pmx827axqp70xpq5n2fs2iw","akt84ne10f21gvu1zo4a0tnky","crfi8mkht317b5t194gdx4f5y","e0byem1czlsmxycm97vuwkurs","1qc0kbf266t9we5xpxwyzrja6","2mu20s4gvb4upajd4k9v0p4lv"]} @ https://runtime-assets.adalo.com/static/js/main.79e9a9ca.js:1
[   46707ms] [WARNING] SKIPPING ERRONEOUS DEPENDENCY Error: Selector failed: {"type":"CURRENT_USER_SELECTOR"}
    at G (https://runtime-assets.adalo.com/static/js/main.79e9a9ca.js:2:468532)
    at t.getDependencies (https://runtime-assets.adalo.com/static/js/main.79e9a9ca.js:2:467260)
    at w.isManuallyPaginated (https://runtime-assets.adalo.com/static/js/main.79e9a9ca.js:2:348848)
    at w.renderPaginationControls (https://runtime-assets.adalo.com/static/js/main.79e9a9ca.js:2:370838)
    at w.render (https://runtime-assets.adalo.com/static/js/main.79e9a9ca.js:2:372453)
    at Ds (https://runtime-assets.adalo.com/static/js/main.79e9a9ca.js:2:4414574)
    at Ls (https://runtime-assets.adalo.com/static/js/main.79e9a9ca.js:2:4414370)
    at Ml (https://runtime-assets.adalo.com/static/js/main.79e9a9ca.js:2:4457902)
    at bu (https://runtime-assets.adalo.com/static/js/main.79e9a9ca.js:2:4446043)
    at vu (https://runtime-assets.adalo.com/static/js/main.79e9a9ca.js:2:4445971)
    at yu (https://runtime-assets.adalo.com/static/js/main.79e9a9ca.js:2:4445834)
    at uu (https://runtime-assets.adalo.com/static/js/main.79e9a9ca.js:2:4442950)
    at Wo (https://runtime-assets.adalo.com/static/js/main.79e9a9ca.js:2:4383545)
    at https://runtime-assets.adalo.com/static/js/main.79e9a9ca.js:2:4440547 {"id":"dx862l5uvza6ics9aj30xud64","type":"binding","label":"name","source":{"type":"field","source":{"type":"data","source":null,"tableId":"t_80c852bba70544a6a98079124dfc8e10","dataType":"object","selector":{"type":"CURRENT_USER_SELECTOR"},"datasourceId":"4dba133b22784a13b18b1a791cfdd211"},"fieldId":"name","dataType":"text"},"bindingType":"libraryProp","childBindings":[],"siblingBindings":["82jnplk3ef502gh5ra15iven5","alb6jx052np69houarjepkzxt","d4ccnilspvhusn5vln7fnumoq","e1u2k5uadbzmnwqydjuj41a8s","el4yprrbnqt3re35jo8dnbq8u","a523cf05i53tfa1bas0wgcebu","22a4gatllq388sgqrwk9hg2t6","a9kncdenpdwn86cruysxqr9b8","6mz0b5cugikqk54s5zozthbzy","br9652mqlrwn0h0cretf6p9zx","28us5z1bh4mkf4afr7o4k7rx7","18hbzwi2guish96ccpaonxxk4","1ggvf2r6q7go47x48nu91ucjq","42ksl48yfdoh4nqvc6timfr64","54a7sb35ft40ry0jfk4h0eyko","7h1o8zkry3k0wp4pv0b9wzr15","0ymorhi8eb1nrs3elbg40pr1z","7nbe807feozxlvbrxv7oj75u5","70hnqwp00hw0kge0jgrzr4qf7","9u8oqksftkn3agm4ipoxrsbjx","9ug8uo6o17gleq6ylnj6qavgv","cbmpybstng5h4paecr60bbabe","cgauy5zngx8hftafb99hggnr6","9bh37hevrfmh9j65ey3t5d3jo","0c5zgo2nqaryc6h436fzq1917","9p2sxifrpgjp9fcdjbogo7dpj","5byx6g0lyx65555o4o1mw38zy","0sy2fxg7c83fjpl4lvo6tfrca","7jvkthazbah1b1wn1dcq3mnyb","3x7z0ehqdtk40uxmkcuily2uh","bcd0wc7fh65tlses260mvipw8","8e2q1qbluecvdigvy8zv8paa3","4xchnrnt0ghb5js0a9hcrq4w4","7razvctmyk23l0rd9yiv57sb7","1ngsxv2y81cymdir3xvr6shvl","bak8qlbpq9rlper30e6e2kmbg","czpqup69r43tp8s7bbwzsdnh8","2yexwfwi4p5bmiwdnt7ihq5yl","bl7mk740xtdpww5ry0zu85njs","6hxt8v85e3b3e7ieyj1lyzzwz","e2nh4d93yibu4dlslg6bgmc4a","dtve1dk2jd447mh82v6otn2lz","33a6dundlksh174piduuamiho","18ga0zwqxp8u5efdlsdv82r8d","bwqw1eamimneq8zb7g2an5mid","e7yn04cnn5a3r9ni1gmanib8f","8rarref319wusbtpmj6ysddwn","85nsihg7i4vwig5xk4apauurc","83avks0gii65yn86ol2ykg9jn","77pmx827axqp70xpq5n2fs2iw","akt84ne10f21gvu1zo4a0tnky","crfi8mkht317b5t194gdx4f5y","e0byem1czlsmxycm97vuwkurs","1qc0kbf266t9we5xpxwyzrja6","2mu20s4gvb4upajd4k9v0p4lv"]} @ https://runtime-assets.adalo.com/static/js/main.79e9a9ca.js:1
[   46710ms] [WARNING] SKIPPING ERRONEOUS DEPENDENCY Error: Selector failed: {"type":"CURRENT_USER_SELECTOR"}
    at G (https://runtime-assets.adalo.com/static/js/main.79e9a9ca.js:2:468532)
    at t.getDependencies (https://runtime-assets.adalo.com/static/js/main.79e9a9ca.js:2:467260)
    at w.isManuallyPaginated (https://runtime-assets.adalo.com/static/js/main.79e9a9ca.js:2:348848)
    at w.getTableDataRowsForPage (https://runtime-assets.adalo.com/static/js/main.79e9a9ca.js:2:369833)
    at w.renderPaginationControls (https://runtime-assets.adalo.com/static/js/main.79e9a9ca.js:2:370943)
    at w.render (https://runtime-assets.adalo.com/static/js/main.79e9a9ca.js:2:372453)
    at Ds (https://runtime-assets.adalo.com/static/js/main.79e9a9ca.js:2:4414574)
    at Ls (https://runtime-assets.adalo.com/static/js/main.79e9a9ca.js:2:4414370)
    at Ml (https://runtime-assets.adalo.com/static/js/main.79e9a9ca.js:2:4457902)
    at bu (https://runtime-assets.adalo.com/static/js/main.79e9a9ca.js:2:4446043)
    at vu (https://runtime-assets.adalo.com/static/js/main.79e9a9ca.js:2:4445971)
    at yu (https://runtime-assets.adalo.com/static/js/main.79e9a9ca.js:2:4445834)
    at uu (https://runtime-assets.adalo.com/static/js/main.79e9a9ca.js:2:4442950)
    at Wo (https://runtime-assets.adalo.com/static/js/main.79e9a9ca.js:2:4383545)
    at https://runtime-assets.adalo.com/static/js/main.79e9a9ca.js:2:4440547 {"id":"cbmpybstng5h4paecr60bbabe","type":"binding","label":"name","source":{"type":"field","source":{"type":"data","source":null,"tableId":"t_80c852bba70544a6a98079124dfc8e10","dataType":"object","selector":{"type":"CURRENT_USER_SELECTOR"},"datasourceId":"4dba133b22784a13b18b1a791cfdd211"},"fieldId":"name","dataType":"text"},"bindingType":"libraryProp","childBindings":[],"siblingBindings":["82jnplk3ef502gh5ra15iven5","alb6jx052np69houarjepkzxt","d4ccnilspvhusn5vln7fnumoq","e1u2k5uadbzmnwqydjuj41a8s","el4yprrbnqt3re35jo8dnbq8u","a523cf05i53tfa1bas0wgcebu","22a4gatllq388sgqrwk9hg2t6","a9kncdenpdwn86cruysxqr9b8","6mz0b5cugikqk54s5zozthbzy","br9652mqlrwn0h0cretf6p9zx","28us5z1bh4mkf4afr7o4k7rx7","18hbzwi2guish96ccpaonxxk4","1ggvf2r6q7go47x48nu91ucjq","42ksl48yfdoh4nqvc6timfr64","54a7sb35ft40ry0jfk4h0eyko","7h1o8zkry3k0wp4pv0b9wzr15","0ymorhi8eb1nrs3elbg40pr1z","7nbe807feozxlvbrxv7oj75u5","70hnqwp00hw0kge0jgrzr4qf7","9u8oqksftkn3agm4ipoxrsbjx","9ug8uo6o17gleq6ylnj6qavgv","dx862l5uvza6ics9aj30xud64","cgauy5zngx8hftafb99hggnr6","9bh37hevrfmh9j65ey3t5d3jo","0c5zgo2nqaryc6h436fzq1917","9p2sxifrpgjp9fcdjbogo7dpj","5byx6g0lyx65555o4o1mw38zy","0sy2fxg7c83fjpl4lvo6tfrca","7jvkthazbah1b1wn1dcq3mnyb","3x7z0ehqdtk40uxmkcuily2uh","bcd0wc7fh65tlses260mvipw8","8e2q1qbluecvdigvy8zv8paa3","4xchnrnt0ghb5js0a9hcrq4w4","7razvctmyk23l0rd9yiv57sb7","1ngsxv2y81cymdir3xvr6shvl","bak8qlbpq9rlper30e6e2kmbg","czpqup69r43tp8s7bbwzsdnh8","2yexwfwi4p5bmiwdnt7ihq5yl","bl7mk740xtdpww5ry0zu85njs","6hxt8v85e3b3e7ieyj1lyzzwz","e2nh4d93yibu4dlslg6bgmc4a","dtve1dk2jd447mh82v6otn2lz","33a6dundlksh174piduuamiho","18ga0zwqxp8u5efdlsdv82r8d","bwqw1eamimneq8zb7g2an5mid","e7yn04cnn5a3r9ni1gmanib8f","8rarref319wusbtpmj6ysddwn","85nsihg7i4vwig5xk4apauurc","83avks0gii65yn86ol2ykg9jn","77pmx827axqp70xpq5n2fs2iw","akt84ne10f21gvu1zo4a0tnky","crfi8mkht317b5t194gdx4f5y","e0byem1czlsmxycm97vuwkurs","1qc0kbf266t9we5xpxwyzrja6","2mu20s4gvb4upajd4k9v0p4lv"]} @ https://runtime-assets.adalo.com/static/js/main.79e9a9ca.js:1
[   46711ms] [WARNING] SKIPPING ERRONEOUS DEPENDENCY Error: Selector failed: {"type":"CURRENT_USER_SELECTOR"}
    at G (https://runtime-assets.adalo.com/static/js/main.79e9a9ca.js:2:468532)
    at t.getDependencies (https://runtime-assets.adalo.com/static/js/main.79e9a9ca.js:2:467260)
    at w.isManuallyPaginated (https://runtime-assets.adalo.com/static/js/main.79e9a9ca.js:2:348848)
    at w.getTableDataRowsForPage (https://runtime-assets.adalo.com/static/js/main.79e9a9ca.js:2:369833)
    at w.renderPaginationControls (https://runtime-assets.adalo.com/static/js/main.79e9a9ca.js:2:370943)
    at w.render (https://runtime-assets.adalo.com/static/js/main.79e9a9ca.js:2:372453)
    at Ds (https://runtime-assets.adalo.com/static/js/main.79e9a9ca.js:2:4414574)
    at Ls (https://runtime-assets.adalo.com/static/js/main.79e9a9ca.js:2:4414370)
    at Ml (https://runtime-assets.adalo.com/static/js/main.79e9a9ca.js:2:4457902)
    at bu (https://runtime-assets.adalo.com/static/js/main.79e9a9ca.js:2:4446043)
    at vu (https://runtime-assets.adalo.com/static/js/main.79e9a9ca.js:2:4445971)
    at yu (https://runtime-assets.adalo.com/static/js/main.79e9a9ca.js:2:4445834)
    at uu (https://runtime-assets.adalo.com/static/js/main.79e9a9ca.js:2:4442950)
    at Wo (https://runtime-assets.adalo.com/static/js/main.79e9a9ca.js:2:4383545)
    at https://runtime-assets.adalo.com/static/js/main.79e9a9ca.js:2:4440547 {"id":"dx862l5uvza6ics9aj30xud64","type":"binding","label":"name","source":{"type":"field","source":{"type":"data","source":null,"tableId":"t_80c852bba70544a6a98079124dfc8e10","dataType":"object","selector":{"type":"CURRENT_USER_SELECTOR"},"datasourceId":"4dba133b22784a13b18b1a791cfdd211"},"fieldId":"name","dataType":"text"},"bindingType":"libraryProp","childBindings":[],"siblingBindings":["82jnplk3ef502gh5ra15iven5","alb6jx052np69houarjepkzxt","d4ccnilspvhusn5vln7fnumoq","e1u2k5uadbzmnwqydjuj41a8s","el4yprrbnqt3re35jo8dnbq8u","a523cf05i53tfa1bas0wgcebu","22a4gatllq388sgqrwk9hg2t6","a9kncdenpdwn86cruysxqr9b8","6mz0b5cugikqk54s5zozthbzy","br9652mqlrwn0h0cretf6p9zx","28us5z1bh4mkf4afr7o4k7rx7","18hbzwi2guish96ccpaonxxk4","1ggvf2r6q7go47x48nu91ucjq","42ksl48yfdoh4nqvc6timfr64","54a7sb35ft40ry0jfk4h0eyko","7h1o8zkry3k0wp4pv0b9wzr15","0ymorhi8eb1nrs3elbg40pr1z","7nbe807feozxlvbrxv7oj75u5","70hnqwp00hw0kge0jgrzr4qf7","9u8oqksftkn3agm4ipoxrsbjx","9ug8uo6o17gleq6ylnj6qavgv","cbmpybstng5h4paecr60bbabe","cgauy5zngx8hftafb99hggnr6","9bh37hevrfmh9j65ey3t5d3jo","0c5zgo2nqaryc6h436fzq1917","9p2sxifrpgjp9fcdjbogo7dpj","5byx6g0lyx65555o4o1mw38zy","0sy2fxg7c83fjpl4lvo6tfrca","7jvkthazbah1b1wn1dcq3mnyb","3x7z0ehqdtk40uxmkcuily2uh","bcd0wc7fh65tlses260mvipw8","8e2q1qbluecvdigvy8zv8paa3","4xchnrnt0ghb5js0a9hcrq4w4","7razvctmyk23l0rd9yiv57sb7","1ngsxv2y81cymdir3xvr6shvl","bak8qlbpq9rlper30e6e2kmbg","czpqup69r43tp8s7bbwzsdnh8","2yexwfwi4p5bmiwdnt7ihq5yl","bl7mk740xtdpww5ry0zu85njs","6hxt8v85e3b3e7ieyj1lyzzwz","e2nh4d93yibu4dlslg6bgmc4a","dtve1dk2jd447mh82v6otn2lz","33a6dundlksh174piduuamiho","18ga0zwqxp8u5efdlsdv82r8d","bwqw1eamimneq8zb7g2an5mid","e7yn04cnn5a3r9ni1gmanib8f","8rarref319wusbtpmj6ysddwn","85nsihg7i4vwig5xk4apauurc","83avks0gii65yn86ol2ykg9jn","77pmx827axqp70xpq5n2fs2iw","akt84ne10f21gvu1zo4a0tnky","crfi8mkht317b5t194gdx4f5y","e0byem1czlsmxycm97vuwkurs","1qc0kbf266t9we5xpxwyzrja6","2mu20s4gvb4upajd4k9v0p4lv"]} @ https://runtime-assets.adalo.com/static/js/main.79e9a9ca.js:1
[   46770ms] [WARNING] SKIPPING ERRONEOUS DEPENDENCY Error: Selector failed: {"type":"SELECT_VALUE_SELECTOR","selectObjectId":"3bmmor6uwgy9d932vmz7r1pag"}
    at G (https://runtime-assets.adalo.com/static/js/main.79e9a9ca.js:2:468532)
    at t.getDependencies (https://runtime-assets.adalo.com/static/js/main.79e9a9ca.js:2:467260)
    at L.isManuallyPaginated (https://runtime-assets.adalo.com/static/js/main.79e9a9ca.js:2:348848)
    at L.render (https://runtime-assets.adalo.com/static/js/main.79e9a9ca.js:2:244984)
    at Ds (https://runtime-assets.adalo.com/static/js/main.79e9a9ca.js:2:4414574)
    at Ls (https://runtime-assets.adalo.com/static/js/main.79e9a9ca.js:2:4414370)
    at Ml (https://runtime-assets.adalo.com/static/js/main.79e9a9ca.js:2:4457902)
    at bu (https://runtime-assets.adalo.com/static/js/main.79e9a9ca.js:2:4446043)
    at vu (https://runtime-assets.adalo.com/static/js/main.79e9a9ca.js:2:4445971)
    at yu (https://runtime-assets.adalo.com/static/js/main.79e9a9ca.js:2:4445834)
    at uu (https://runtime-assets.adalo.com/static/js/main.79e9a9ca.js:2:4442950)
    at Wo (https://runtime-assets.adalo.com/static/js/main.79e9a9ca.js:2:4383545)
    at https://runtime-assets.adalo.com/static/js/main.79e9a9ca.js:2:4440547 {"id":"02o8nb343950hbjoqc2inwpre","type":"binding","label":"Lead_Score","source":{"type":"field","source":{"type":"data","tableId":"t_61ne992eubatuoqw8vephoi4k","dataType":"object","selector":{"type":"SELECT_VALUE_SELECTOR","selectObjectId":"3bmmor6uwgy9d932vmz7r1pag"},"datasourceId":"a1ab1856443b44fcbe8d838f7fcfa88b"},"fieldId":"Lead_Score","dataType":"text"},"bindingType":"libraryProp","childBindings":[],"siblingBindings":["7dreyduxg9ir4u4rhkd7kr07o","ayotx6lhqnky41mxfo2kjmf1m","4dp782249h0711rfptxmxnusd","4mvcbyyuliu16qctjhix48n3p","8go2kx093yc9aq84obz0drpbn","3seiwl38vg3mupppxfl22pc9l","3fe5qxnpwys9a38imtxg72rs6","8emt3wss18kxafeq3ky4i6bnv","61ynvdvadst0xiqxwh6qaf0ig","auo12ynqkhthr6wafsoiivcz9","eqsrvb46v1cwfz2kmkzlw3f83","b3s4hvzs0o1qnb29akq9x4ccy","8kvegdbaklcu0jsi56tpdlt4o","5nzi2adqdpyyqy5v1izrzohw1","92qxmmj03fcllsv5o3tf9kbhw","bt2sevpq7gr4l9nk2rs6x7bpf","bycnteo1nswgjajhmvbmo3nh0","0421zdtq1ubjapbkyvh3k699z","5ukthu1xzlli7nf8gmo3665ry","3dtdyu0h8pozjs9tj5b869sy6","60d0i4jtiujjzw2vwtsafefr4","drgxhyyti591j7ksmrk6zuwnw","4dehw2mdedgcobf9zhvijl0t5","dz5zps63gbxp5myyzrc9z92pz","f0ffzw2sy8q9ba5jukhixd3a6","8t0vjvopwqyg6j0nestwt6fyh","dy623trvqq4cvdv38sr4q58cq","9iqh9rix6rw6qbk1pylpkv7w2","5o7ru0lg62b4yhz0x1oxbk2j3","5nelavgl9i8vdjqh6g50tfp93","abffcay8ga7fn36czpylhp8lt","6gxinx0kj3ihqahs05hlntgi9","ck6le21ojgx8cuq8pljec4wyb","bp046lttdgs1e7qv7c3ijlyuf","akomfad25k6xbfj6mh6iwwim0","997lxf1t87ur1ffizgl83e9zz","dje2eg4fju391wdgbe5u6clx6","94tk5zsodvhvlgqhjfqu4skzr","62xgbll0f89svjorj65mjmsyb","5csyxiashddwlojgulpgdxm6b","audbvo0lbv6sbeqatgtmjtaic","e2kigyvlciwvg85n1esrwbqry","alz9018ekdkr5er2836gqrbxb","29h77ojxav0qjkh8euoq88b4r","0hjln8c8nsca49gpugfxfz18g","2cl5ozyjiqfue0bzwys9s1ro3","emxx4s2lpt160v4dqsvsgz9ap","4w0meq26guhjxm1ml1ubil4b4"]} @ https://runtime-assets.adalo.com/static/js/main.79e9a9ca.js:1
[   46772ms] [WARNING] SKIPPING ERRONEOUS DEPENDENCY Error: Selector failed: {"type":"CURRENT_USER_SELECTOR"}
    at G (https://runtime-assets.adalo.com/static/js/main.79e9a9ca.js:2:468532)
    at t.getDependencies (https://runtime-assets.adalo.com/static/js/main.79e9a9ca.js:2:467260)
    at L.isManuallyPaginated (https://runtime-assets.adalo.com/static/js/main.79e9a9ca.js:2:348848)
    at L.render (https://runtime-assets.adalo.com/static/js/main.79e9a9ca.js:2:244984)
    at Ds (https://runtime-assets.adalo.com/static/js/main.79e9a9ca.js:2:4414574)
    at Ls (https://runtime-assets.adalo.com/static/js/main.79e9a9ca.js:2:4414370)
    at Ml (https://runtime-assets.adalo.com/static/js/main.79e9a9ca.js:2:4457902)
    at bu (https://runtime-assets.adalo.com/static/js/main.79e9a9ca.js:2:4446043)
    at vu (https://runtime-assets.adalo.com/static/js/main.79e9a9ca.js:2:4445971)
    at yu (https://runtime-assets.adalo.com/static/js/main.79e9a9ca.js:2:4445834)
    at uu (https://runtime-assets.adalo.com/static/js/main.79e9a9ca.js:2:4442950)
    at Wo (https://runtime-assets.adalo.com/static/js/main.79e9a9ca.js:2:4383545)
    at https://runtime-assets.adalo.com/static/js/main.79e9a9ca.js:2:4440547 {"id":"7dreyduxg9ir4u4rhkd7kr07o","type":"binding","label":"name","source":{"type":"field","source":{"type":"data","source":null,"tableId":"t_80c852bba70544a6a98079124dfc8e10","dataType":"object","selector":{"type":"CURRENT_USER_SELECTOR"},"datasourceId":"4dba133b22784a13b18b1a791cfdd211"},"fieldId":"name","dataType":"text"},"bindingType":"libraryProp","childBindings":[],"siblingBindings":["ayotx6lhqnky41mxfo2kjmf1m","4dp782249h0711rfptxmxnusd","4mvcbyyuliu16qctjhix48n3p","8go2kx093yc9aq84obz0drpbn","3seiwl38vg3mupppxfl22pc9l","3fe5qxnpwys9a38imtxg72rs6","8emt3wss18kxafeq3ky4i6bnv","61ynvdvadst0xiqxwh6qaf0ig","auo12ynqkhthr6wafsoiivcz9","eqsrvb46v1cwfz2kmkzlw3f83","b3s4hvzs0o1qnb29akq9x4ccy","8kvegdbaklcu0jsi56tpdlt4o","5nzi2adqdpyyqy5v1izrzohw1","92qxmmj03fcllsv5o3tf9kbhw","bt2sevpq7gr4l9nk2rs6x7bpf","bycnteo1nswgjajhmvbmo3nh0","0421zdtq1ubjapbkyvh3k699z","5ukthu1xzlli7nf8gmo3665ry","3dtdyu0h8pozjs9tj5b869sy6","60d0i4jtiujjzw2vwtsafefr4","drgxhyyti591j7ksmrk6zuwnw","4dehw2mdedgcobf9zhvijl0t5","dz5zps63gbxp5myyzrc9z92pz","f0ffzw2sy8q9ba5jukhixd3a6","8t0vjvopwqyg6j0nestwt6fyh","02o8nb343950hbjoqc2inwpre","dy623trvqq4cvdv38sr4q58cq","9iqh9rix6rw6qbk1pylpkv7w2","5o7ru0lg62b4yhz0x1oxbk2j3","5nelavgl9i8vdjqh6g50tfp93","abffcay8ga7fn36czpylhp8lt","6gxinx0kj3ihqahs05hlntgi9","ck6le21ojgx8cuq8pljec4wyb","bp046lttdgs1e7qv7c3ijlyuf","akomfad25k6xbfj6mh6iwwim0","997lxf1t87ur1ffizgl83e9zz","dje2eg4fju391wdgbe5u6clx6","94tk5zsodvhvlgqhjfqu4skzr","62xgbll0f89svjorj65mjmsyb","5csyxiashddwlojgulpgdxm6b","audbvo0lbv6sbeqatgtmjtaic","e2kigyvlciwvg85n1esrwbqry","alz9018ekdkr5er2836gqrbxb","29h77ojxav0qjkh8euoq88b4r","0hjln8c8nsca49gpugfxfz18g","2cl5ozyjiqfue0bzwys9s1ro3","emxx4s2lpt160v4dqsvsgz9ap","4w0meq26guhjxm1ml1ubil4b4"]} @ https://runtime-assets.adalo.com/static/js/main.79e9a9ca.js:1
[   46772ms] [WARNING] SKIPPING ERRONEOUS DEPENDENCY Error: Selector failed: {"type":"SELECT_VALUE_SELECTOR","selectObjectId":"7w4vqjjkneryup0qx6nyd5sox"}
    at G (https://runtime-assets.adalo.com/static/js/main.79e9a9ca.js:2:468532)
    at t.getDependencies (https://runtime-assets.adalo.com/static/js/main.79e9a9ca.js:2:467260)
    at L.isManuallyPaginated (https://runtime-assets.adalo.com/static/js/main.79e9a9ca.js:2:348848)
    at L.render (https://runtime-assets.adalo.com/static/js/main.79e9a9ca.js:2:244984)
    at Ds (https://runtime-assets.adalo.com/static/js/main.79e9a9ca.js:2:4414574)
    at Ls (https://runtime-assets.adalo.com/static/js/main.79e9a9ca.js:2:4414370)
    at Ml (https://runtime-assets.adalo.com/static/js/main.79e9a9ca.js:2:4457902)
    at bu (https://runtime-assets.adalo.com/static/js/main.79e9a9ca.js:2:4446043)
    at vu (https://runtime-assets.adalo.com/static/js/main.79e9a9ca.js:2:4445971)
    at yu (https://runtime-assets.adalo.com/static/js/main.79e9a9ca.js:2:4445834)
    at uu (https://runtime-assets.adalo.com/static/js/main.79e9a9ca.js:2:4442950)
    at Wo (https://runtime-assets.adalo.com/static/js/main.79e9a9ca.js:2:4383545)
    at https://runtime-assets.adalo.com/static/js/main.79e9a9ca.js:2:4440547 {"id":"9iqh9rix6rw6qbk1pylpkv7w2","type":"binding","label":"ID","format":{"type":"commas"},"source":{"type":"field","source":{"type":"data","tableId":"t_5idhcbl2zu1px4fff99qt26gw","dataType":"object","selector":{"type":"SELECT_VALUE_SELECTOR","selectObjectId":"7w4vqjjkneryup0qx6nyd5sox"},"datasourceId":"a1ab1856443b44fcbe8d838f7fcfa88b"},"fieldId":"id","dataType":"number"},"bindingType":"libraryProp","childBindings":[],"siblingBindings":["7dreyduxg9ir4u4rhkd7kr07o","ayotx6lhqnky41mxfo2kjmf1m","4dp782249h0711rfptxmxnusd","4mvcbyyuliu16qctjhix48n3p","8go2kx093yc9aq84obz0drpbn","3seiwl38vg3mupppxfl22pc9l","3fe5qxnpwys9a38imtxg72rs6","8emt3wss18kxafeq3ky4i6bnv","61ynvdvadst0xiqxwh6qaf0ig","auo12ynqkhthr6wafsoiivcz9","eqsrvb46v1cwfz2kmkzlw3f83","b3s4hvzs0o1qnb29akq9x4ccy","8kvegdbaklcu0jsi56tpdlt4o","5nzi2adqdpyyqy5v1izrzohw1","92qxmmj03fcllsv5o3tf9kbhw","bt2sevpq7gr4l9nk2rs6x7bpf","bycnteo1nswgjajhmvbmo3nh0","0421zdtq1ubjapbkyvh3k699z","5ukthu1xzlli7nf8gmo3665ry","3dtdyu0h8pozjs9tj5b869sy6","60d0i4jtiujjzw2vwtsafefr4","drgxhyyti591j7ksmrk6zuwnw","4dehw2mdedgcobf9zhvijl0t5","dz5zps63gbxp5myyzrc9z92pz","f0ffzw2sy8q9ba5jukhixd3a6","8t0vjvopwqyg6j0nestwt6fyh","02o8nb343950hbjoqc2inwpre","dy623trvqq4cvdv38sr4q58cq","5o7ru0lg62b4yhz0x1oxbk2j3","5nelavgl9i8vdjqh6g50tfp93","abffcay8ga7fn36czpylhp8lt","6gxinx0kj3ihqahs05hlntgi9","ck6le21ojgx8cuq8pljec4wyb","bp046lttdgs1e7qv7c3ijlyuf","akomfad25k6xbfj6mh6iwwim0","997lxf1t87ur1ffizgl83e9zz","dje2eg4fju391wdgbe5u6clx6","94tk5zsodvhvlgqhjfqu4skzr","62xgbll0f89svjorj65mjmsyb","5csyxiashddwlojgulpgdxm6b","audbvo0lbv6sbeqatgtmjtaic","e2kigyvlciwvg85n1esrwbqry","alz9018ekdkr5er2836gqrbxb","29h77ojxav0qjkh8euoq88b4r","0hjln8c8nsca49gpugfxfz18g","2cl5ozyjiqfue0bzwys9s1ro3","emxx4s2lpt160v4dqsvsgz9ap","4w0meq26guhjxm1ml1ubil4b4"]} @ https://runtime-assets.adalo.com/static/js/main.79e9a9ca.js:1
[   46773ms] [WARNING] SKIPPING ERRONEOUS DEPENDENCY Error: Selector failed: {"type":"SELECT_VALUE_SELECTOR","selectObjectId":"1d1eqqw7ub6ghlz5ltyfykwui"}
    at G (https://runtime-assets.adalo.com/static/js/main.79e9a9ca.js:2:468532)
    at t.getDependencies (https://runtime-assets.adalo.com/static/js/main.79e9a9ca.js:2:467260)
    at L.isManuallyPaginated (https://runtime-assets.adalo.com/static/js/main.79e9a9ca.js:2:348848)
    at L.render (https://runtime-assets.adalo.com/static/js/main.79e9a9ca.js:2:244984)
    at Ds (https://runtime-assets.adalo.com/static/js/main.79e9a9ca.js:2:4414574)
    at Ls (https://runtime-assets.adalo.com/static/js/main.79e9a9ca.js:2:4414370)
    at Ml (https://runtime-assets.adalo.com/static/js/main.79e9a9ca.js:2:4457902)
    at bu (https://runtime-assets.adalo.com/static/js/main.79e9a9ca.js:2:4446043)
    at vu (https://runtime-assets.adalo.com/static/js/main.79e9a9ca.js:2:4445971)
    at yu (https://runtime-assets.adalo.com/static/js/main.79e9a9ca.js:2:4445834)
    at uu (https://runtime-assets.adalo.com/static/js/main.79e9a9ca.js:2:4442950)
    at Wo (https://runtime-assets.adalo.com/static/js/main.79e9a9ca.js:2:4383545)
    at https://runtime-assets.adalo.com/static/js/main.79e9a9ca.js:2:4440547 {"id":"5784tdv70verd4m24w9964bg7","type":"binding","label":"conference_name","source":{"type":"field","source":{"type":"data","tableId":"t_5fi9vn22j1ibyg3p7mizk8hlm","dataType":"object","selector":{"type":"SELECT_VALUE_SELECTOR","selectObjectId":"1d1eqqw7ub6ghlz5ltyfykwui"},"datasourceId":"a1ab1856443b44fcbe8d838f7fcfa88b"},"fieldId":"conference_name","dataType":"text"},"bindingType":"libraryProp"} @ https://runtime-assets.adalo.com/static/js/main.79e9a9ca.js:1
[   46773ms] [WARNING] SKIPPING ERRONEOUS DEPENDENCY Error: Selector failed: {"type":"SELECT_VALUE_SELECTOR","selectObjectId":"1d1eqqw7ub6ghlz5ltyfykwui"}
    at G (https://runtime-assets.adalo.com/static/js/main.79e9a9ca.js:2:468532)
    at t.getDependencies (https://runtime-assets.adalo.com/static/js/main.79e9a9ca.js:2:467260)
    at L.isManuallyPaginated (https://runtime-assets.adalo.com/static/js/main.79e9a9ca.js:2:348848)
    at L.render (https://runtime-assets.adalo.com/static/js/main.79e9a9ca.js:2:244984)
    at Ds (https://runtime-assets.adalo.com/static/js/main.79e9a9ca.js:2:4414574)
    at Ls (https://runtime-assets.adalo.com/static/js/main.79e9a9ca.js:2:4414370)
    at Ml (https://runtime-assets.adalo.com/static/js/main.79e9a9ca.js:2:4457902)
    at bu (https://runtime-assets.adalo.com/static/js/main.79e9a9ca.js:2:4446043)
    at vu (https://runtime-assets.adalo.com/static/js/main.79e9a9ca.js:2:4445971)
    at yu (https://runtime-assets.adalo.com/static/js/main.79e9a9ca.js:2:4445834)
    at uu (https://runtime-assets.adalo.com/static/js/main.79e9a9ca.js:2:4442950)
    at Wo (https://runtime-assets.adalo.com/static/js/main.79e9a9ca.js:2:4383545)
    at https://runtime-assets.adalo.com/static/js/main.79e9a9ca.js:2:4440547 {"id":"2eo1n1hgrwy23q7u805um8qid","type":"binding","format":{"type":"commas"},"source":{"type":"field","source":{"type":"data","tableId":"t_5fi9vn22j1ibyg3p7mizk8hlm","dataType":"object","selector":{"type":"SELECT_VALUE_SELECTOR","selectObjectId":"1d1eqqw7ub6ghlz5ltyfykwui"},"datasourceId":"a1ab1856443b44fcbe8d838f7fcfa88b"},"fieldId":"rawconferencelist_id","dataType":"number"},"bindingType":"libraryProp"} @ https://runtime-assets.adalo.com/static/js/main.79e9a9ca.js:1
[   46773ms] [WARNING] SKIPPING ERRONEOUS DEPENDENCY Error: Selector failed: {"type":"SELECT_VALUE_SELECTOR","selectObjectId":"1d1eqqw7ub6ghlz5ltyfykwui"}
    at G (https://runtime-assets.adalo.com/static/js/main.79e9a9ca.js:2:468532)
    at t.getDependencies (https://runtime-assets.adalo.com/static/js/main.79e9a9ca.js:2:467260)
    at L.isManuallyPaginated (https://runtime-assets.adalo.com/static/js/main.79e9a9ca.js:2:348848)
    at L.render (https://runtime-assets.adalo.com/static/js/main.79e9a9ca.js:2:244984)
    at Ds (https://runtime-assets.adalo.com/static/js/main.79e9a9ca.js:2:4414574)
    at Ls (https://runtime-assets.adalo.com/static/js/main.79e9a9ca.js:2:4414370)
    at Ml (https://runtime-assets.adalo.com/static/js/main.79e9a9ca.js:2:4457902)
    at bu (https://runtime-assets.adalo.com/static/js/main.79e9a9ca.js:2:4446043)
    at vu (https://runtime-assets.adalo.com/static/js/main.79e9a9ca.js:2:4445971)
    at yu (https://runtime-assets.adalo.com/static/js/main.79e9a9ca.js:2:4445834)
    at uu (https://runtime-assets.adalo.com/static/js/main.79e9a9ca.js:2:4442950)
    at Wo (https://runtime-assets.adalo.com/static/js/main.79e9a9ca.js:2:4383545)
    at https://runtime-assets.adalo.com/static/js/main.79e9a9ca.js:2:4440547 {"source":{"type":"field","source":{"type":"data","tableId":"t_5fi9vn22j1ibyg3p7mizk8hlm","dataType":"object","selector":{"type":"SELECT_VALUE_SELECTOR","selectObjectId":"1d1eqqw7ub6ghlz5ltyfykwui"},"datasourceId":"a1ab1856443b44fcbe8d838f7fcfa88b"},"fieldId":"rawconferencelist_id","dataType":"number"}} @ https://runtime-assets.adalo.com/static/js/main.79e9a9ca.js:1
[   46773ms] [WARNING] SKIPPING ERRONEOUS DEPENDENCY Error: Selector failed: {"type":"SELECT_VALUE_SELECTOR","selectObjectId":"1d1eqqw7ub6ghlz5ltyfykwui"}
    at G (https://runtime-assets.adalo.com/static/js/main.79e9a9ca.js:2:468532)
    at t.getDependencies (https://runtime-assets.adalo.com/static/js/main.79e9a9ca.js:2:467260)
    at L.isManuallyPaginated (https://runtime-assets.adalo.com/static/js/main.79e9a9ca.js:2:348848)
    at L.render (https://runtime-assets.adalo.com/static/js/main.79e9a9ca.js:2:244984)
    at Ds (https://runtime-assets.adalo.com/static/js/main.79e9a9ca.js:2:4414574)
    at Ls (https://runtime-assets.adalo.com/static/js/main.79e9a9ca.js:2:4414370)
    at Ml (https://runtime-assets.adalo.com/static/js/main.79e9a9ca.js:2:4457902)
    at bu (https://runtime-assets.adalo.com/static/js/main.79e9a9ca.js:2:4446043)
    at vu (https://runtime-assets.adalo.com/static/js/main.79e9a9ca.js:2:4445971)
    at yu (https://runtime-assets.adalo.com/static/js/main.79e9a9ca.js:2:4445834)
    at uu (https://runtime-assets.adalo.com/static/js/main.79e9a9ca.js:2:4442950)
    at Wo (https://runtime-assets.adalo.com/static/js/main.79e9a9ca.js:2:4383545)
    at https://runtime-assets.adalo.com/static/js/main.79e9a9ca.js:2:4440547 {"source":{"type":"field","source":{"type":"data","tableId":"t_5fi9vn22j1ibyg3p7mizk8hlm","dataType":"object","selector":{"type":"SELECT_VALUE_SELECTOR","selectObjectId":"1d1eqqw7ub6ghlz5ltyfykwui"},"datasourceId":"a1ab1856443b44fcbe8d838f7fcfa88b"},"fieldId":"conference_name","dataType":"text"}} @ https://runtime-assets.adalo.com/static/js/main.79e9a9ca.js:1
[   46774ms] [WARNING] SKIPPING ERRONEOUS DEPENDENCY Error: Selector failed: {"type":"CURRENT_USER_SELECTOR"}
    at G (https://runtime-assets.adalo.com/static/js/main.79e9a9ca.js:2:468532)
    at t.getDependencies (https://runtime-assets.adalo.com/static/js/main.79e9a9ca.js:2:467260)
    at L.isManuallyPaginated (https://runtime-assets.adalo.com/static/js/main.79e9a9ca.js:2:348848)
    at L.render (https://runtime-assets.adalo.com/static/js/main.79e9a9ca.js:2:244984)
    at Ds (https://runtime-assets.adalo.com/static/js/main.79e9a9ca.js:2:4414574)
    at Ls (https://runtime-assets.adalo.com/static/js/main.79e9a9ca.js:2:4414370)
    at Ml (https://runtime-assets.adalo.com/static/js/main.79e9a9ca.js:2:4457902)
    at bu (https://runtime-assets.adalo.com/static/js/main.79e9a9ca.js:2:4446043)
    at vu (https://runtime-assets.adalo.com/static/js/main.79e9a9ca.js:2:4445971)
    at yu (https://runtime-assets.adalo.com/static/js/main.79e9a9ca.js:2:4445834)
    at uu (https://runtime-assets.adalo.com/static/js/main.79e9a9ca.js:2:4442950)
    at Wo (https://runtime-assets.adalo.com/static/js/main.79e9a9ca.js:2:4383545)
    at https://runtime-assets.adalo.com/static/js/main.79e9a9ca.js:2:4440547 {"id":"en0xhfc9kfg4dbn1n2pekc207","type":"binding","source":{"type":"field","source":{"type":"data","source":null,"tableId":"t_80c852bba70544a6a98079124dfc8e10","dataType":"object","selector":{"type":"CURRENT_USER_SELECTOR"},"datasourceId":"4dba133b22784a13b18b1a791cfdd211"},"fieldId":"remaining_credits","dataType":"number"},"options":{},"comparator":"<","comparison":"1","bindingType":"libraryProp"} @ https://runtime-assets.adalo.com/static/js/main.79e9a9ca.js:1
[   46812ms] [WARNING] SKIPPING ERRONEOUS DEPENDENCY Error: Selector failed: {"type":"CURRENT_USER_SELECTOR"}
    at G (https://runtime-assets.adalo.com/static/js/main.79e9a9ca.js:2:468532)
    at t.getDependencies (https://runtime-assets.adalo.com/static/js/main.79e9a9ca.js:2:467260)
    at w.isManuallyPaginated (https://runtime-assets.adalo.com/static/js/main.79e9a9ca.js:2:348848)
    at w.getTableDataRowsForPage (https://runtime-assets.adalo.com/static/js/main.79e9a9ca.js:2:369833)
    at w.getTableDataRows (https://runtime-assets.adalo.com/static/js/main.79e9a9ca.js:2:370168)
    at w.render (https://runtime-assets.adalo.com/static/js/main.79e9a9ca.js:2:371443)
    at Ds (https://runtime-assets.adalo.com/static/js/main.79e9a9ca.js:2:4414574)
    at Ls (https://runtime-assets.adalo.com/static/js/main.79e9a9ca.js:2:4414370)
    at Ml (https://runtime-assets.adalo.com/static/js/main.79e9a9ca.js:2:4457902)
    at bu (https://runtime-assets.adalo.com/static/js/main.79e9a9ca.js:2:4446043)
    at vu (https://runtime-assets.adalo.com/static/js/main.79e9a9ca.js:2:4445971)
    at yu (https://runtime-assets.adalo.com/static/js/main.79e9a9ca.js:2:4445834)
    at uu (https://runtime-assets.adalo.com/static/js/main.79e9a9ca.js:2:4442950)
    at Wo (https://runtime-assets.adalo.com/static/js/main.79e9a9ca.js:2:4383545)
    at https://runtime-assets.adalo.com/static/js/main.79e9a9ca.js:2:4440547 {"id":"cbmpybstng5h4paecr60bbabe","type":"binding","label":"name","source":{"type":"field","source":{"type":"data","source":null,"tableId":"t_80c852bba70544a6a98079124dfc8e10","dataType":"object","selector":{"type":"CURRENT_USER_SELECTOR"},"datasourceId":"4dba133b22784a13b18b1a791cfdd211"},"fieldId":"name","dataType":"text"},"bindingType":"libraryProp","childBindings":[],"siblingBindings":["82jnplk3ef502gh5ra15iven5","alb6jx052np69houarjepkzxt","d4ccnilspvhusn5vln7fnumoq","e1u2k5uadbzmnwqydjuj41a8s","el4yprrbnqt3re35jo8dnbq8u","a523cf05i53tfa1bas0wgcebu","22a4gatllq388sgqrwk9hg2t6","a9kncdenpdwn86cruysxqr9b8","6mz0b5cugikqk54s5zozthbzy","br9652mqlrwn0h0cretf6p9zx","28us5z1bh4mkf4afr7o4k7rx7","18hbzwi2guish96ccpaonxxk4","1ggvf2r6q7go47x48nu91ucjq","42ksl48yfdoh4nqvc6timfr64","54a7sb35ft40ry0jfk4h0eyko","7h1o8zkry3k0wp4pv0b9wzr15","0ymorhi8eb1nrs3elbg40pr1z","7nbe807feozxlvbrxv7oj75u5","70hnqwp00hw0kge0jgrzr4qf7","9u8oqksftkn3agm4ipoxrsbjx","9ug8uo6o17gleq6ylnj6qavgv","dx862l5uvza6ics9aj30xud64","cgauy5zngx8hftafb99hggnr6","9bh37hevrfmh9j65ey3t5d3jo","0c5zgo2nqaryc6h436fzq1917","9p2sxifrpgjp9fcdjbogo7dpj","5byx6g0lyx65555o4o1mw38zy","0sy2fxg7c83fjpl4lvo6tfrca","7jvkthazbah1b1wn1dcq3mnyb","3x7z0ehqdtk40uxmkcuily2uh","bcd0wc7fh65tlses260mvipw8","8e2q1qbluecvdigvy8zv8paa3","4xchnrnt0ghb5js0a9hcrq4w4","7razvctmyk23l0rd9yiv57sb7","1ngsxv2y81cymdir3xvr6shvl","bak8qlbpq9rlper30e6e2kmbg","czpqup69r43tp8s7bbwzsdnh8","2yexwfwi4p5bmiwdnt7ihq5yl","bl7mk740xtdpww5ry0zu85njs","6hxt8v85e3b3e7ieyj1lyzzwz","e2nh4d93yibu4dlslg6bgmc4a","dtve1dk2jd447mh82v6otn2lz","33a6dundlksh174piduuamiho","18ga0zwqxp8u5efdlsdv82r8d","bwqw1eamimneq8zb7g2an5mid","e7yn04cnn5a3r9ni1gmanib8f","8rarref319wusbtpmj6ysddwn","85nsihg7i4vwig5xk4apauurc","83avks0gii65yn86ol2ykg9jn","77pmx827axqp70xpq5n2fs2iw","akt84ne10f21gvu1zo4a0tnky","crfi8mkht317b5t194gdx4f5y","e0byem1czlsmxycm97vuwkurs","1qc0kbf266t9we5xpxwyzrja6","2mu20s4gvb4upajd4k9v0p4lv"]} @ https://runtime-assets.adalo.com/static/js/main.79e9a9ca.js:1
[   46812ms] [WARNING] SKIPPING ERRONEOUS DEPENDENCY Error: Selector failed: {"type":"CURRENT_USER_SELECTOR"}
    at G (https://runtime-assets.adalo.com/static/js/main.79e9a9ca.js:2:468532)
    at t.getDependencies (https://runtime-assets.adalo.com/static/js/main.79e9a9ca.js:2:467260)
    at w.isManuallyPaginated (https://runtime-assets.adalo.com/static/js/main.79e9a9ca.js:2:348848)
    at w.getTableDataRowsForPage (https://runtime-assets.adalo.com/static/js/main.79e9a9ca.js:2:369833)
    at w.getTableDataRows (https://runtime-assets.adalo.com/static/js/main.79e9a9ca.js:2:370168)
    at w.render (https://runtime-assets.adalo.com/static/js/main.79e9a9ca.js:2:371443)
    at Ds (https://runtime-assets.adalo.com/static/js/main.79e9a9ca.js:2:4414574)
    at Ls (https://runtime-assets.adalo.com/static/js/main.79e9a9ca.js:2:4414370)
    at Ml (https://runtime-assets.adalo.com/static/js/main.79e9a9ca.js:2:4457902)
    at bu (https://runtime-assets.adalo.com/static/js/main.79e9a9ca.js:2:4446043)
    at vu (https://runtime-assets.adalo.com/static/js/main.79e9a9ca.js:2:4445971)
    at yu (https://runtime-assets.adalo.com/static/js/main.79e9a9ca.js:2:4445834)
    at uu (https://runtime-assets.adalo.com/static/js/main.79e9a9ca.js:2:4442950)
    at Wo (https://runtime-assets.adalo.com/static/js/main.79e9a9ca.js:2:4383545)
    at https://runtime-assets.adalo.com/static/js/main.79e9a9ca.js:2:4440547 {"id":"dx862l5uvza6ics9aj30xud64","type":"binding","label":"name","source":{"type":"field","source":{"type":"data","source":null,"tableId":"t_80c852bba70544a6a98079124dfc8e10","dataType":"object","selector":{"type":"CURRENT_USER_SELECTOR"},"datasourceId":"4dba133b22784a13b18b1a791cfdd211"},"fieldId":"name","dataType":"text"},"bindingType":"libraryProp","childBindings":[],"siblingBindings":["82jnplk3ef502gh5ra15iven5","alb6jx052np69houarjepkzxt","d4ccnilspvhusn5vln7fnumoq","e1u2k5uadbzmnwqydjuj41a8s","el4yprrbnqt3re35jo8dnbq8u","a523cf05i53tfa1bas0wgcebu","22a4gatllq388sgqrwk9hg2t6","a9kncdenpdwn86cruysxqr9b8","6mz0b5cugikqk54s5zozthbzy","br9652mqlrwn0h0cretf6p9zx","28us5z1bh4mkf4afr7o4k7rx7","18hbzwi2guish96ccpaonxxk4","1ggvf2r6q7go47x48nu91ucjq","42ksl48yfdoh4nqvc6timfr64","54a7sb35ft40ry0jfk4h0eyko","7h1o8zkry3k0wp4pv0b9wzr15","0ymorhi8eb1nrs3elbg40pr1z","7nbe807feozxlvbrxv7oj75u5","70hnqwp00hw0kge0jgrzr4qf7","9u8oqksftkn3agm4ipoxrsbjx","9ug8uo6o17gleq6ylnj6qavgv","cbmpybstng5h4paecr60bbabe","cgauy5zngx8hftafb99hggnr6","9bh37hevrfmh9j65ey3t5d3jo","0c5zgo2nqaryc6h436fzq1917","9p2sxifrpgjp9fcdjbogo7dpj","5byx6g0lyx65555o4o1mw38zy","0sy2fxg7c83fjpl4lvo6tfrca","7jvkthazbah1b1wn1dcq3mnyb","3x7z0ehqdtk40uxmkcuily2uh","bcd0wc7fh65tlses260mvipw8","8e2q1qbluecvdigvy8zv8paa3","4xchnrnt0ghb5js0a9hcrq4w4","7razvctmyk23l0rd9yiv57sb7","1ngsxv2y81cymdir3xvr6shvl","bak8qlbpq9rlper30e6e2kmbg","czpqup69r43tp8s7bbwzsdnh8","2yexwfwi4p5bmiwdnt7ihq5yl","bl7mk740xtdpww5ry0zu85njs","6hxt8v85e3b3e7ieyj1lyzzwz","e2nh4d93yibu4dlslg6bgmc4a","dtve1dk2jd447mh82v6otn2lz","33a6dundlksh174piduuamiho","18ga0zwqxp8u5efdlsdv82r8d","bwqw1eamimneq8zb7g2an5mid","e7yn04cnn5a3r9ni1gmanib8f","8rarref319wusbtpmj6ysddwn","85nsihg7i4vwig5xk4apauurc","83avks0gii65yn86ol2ykg9jn","77pmx827axqp70xpq5n2fs2iw","akt84ne10f21gvu1zo4a0tnky","crfi8mkht317b5t194gdx4f5y","e0byem1czlsmxycm97vuwkurs","1qc0kbf266t9we5xpxwyzrja6","2mu20s4gvb4upajd4k9v0p4lv"]} @ https://runtime-assets.adalo.com/static/js/main.79e9a9ca.js:1
[   46814ms] [WARNING] SKIPPING ERRONEOUS DEPENDENCY Error: Selector failed: {"type":"CURRENT_USER_SELECTOR"}
    at G (https://runtime-assets.adalo.com/static/js/main.79e9a9ca.js:2:468532)
    at t.getDependencies (https://runtime-assets.adalo.com/static/js/main.79e9a9ca.js:2:467260)
    at w.isManuallyPaginated (https://runtime-assets.adalo.com/static/js/main.79e9a9ca.js:2:348848)
    at w.renderPaginationControls (https://runtime-assets.adalo.com/static/js/main.79e9a9ca.js:2:370838)
    at w.render (https://runtime-assets.adalo.com/static/js/main.79e9a9ca.js:2:372453)
    at Ds (https://runtime-assets.adalo.com/static/js/main.79e9a9ca.js:2:4414574)
    at Ls (https://runtime-assets.adalo.com/static/js/main.79e9a9ca.js:2:4414370)
    at Ml (https://runtime-assets.adalo.com/static/js/main.79e9a9ca.js:2:4457902)
    at bu (https://runtime-assets.adalo.com/static/js/main.79e9a9ca.js:2:4446043)
    at vu (https://runtime-assets.adalo.com/static/js/main.79e9a9ca.js:2:4445971)
    at yu (https://runtime-assets.adalo.com/static/js/main.79e9a9ca.js:2:4445834)
    at uu (https://runtime-assets.adalo.com/static/js/main.79e9a9ca.js:2:4442950)
    at Wo (https://runtime-assets.adalo.com/static/js/main.79e9a9ca.js:2:4383545)
    at https://runtime-assets.adalo.com/static/js/main.79e9a9ca.js:2:4440547 {"id":"cbmpybstng5h4paecr60bbabe","type":"binding","label":"name","source":{"type":"field","source":{"type":"data","source":null,"tableId":"t_80c852bba70544a6a98079124dfc8e10","dataType":"object","selector":{"type":"CURRENT_USER_SELECTOR"},"datasourceId":"4dba133b22784a13b18b1a791cfdd211"},"fieldId":"name","dataType":"text"},"bindingType":"libraryProp","childBindings":[],"siblingBindings":["82jnplk3ef502gh5ra15iven5","alb6jx052np69houarjepkzxt","d4ccnilspvhusn5vln7fnumoq","e1u2k5uadbzmnwqydjuj41a8s","el4yprrbnqt3re35jo8dnbq8u","a523cf05i53tfa1bas0wgcebu","22a4gatllq388sgqrwk9hg2t6","a9kncdenpdwn86cruysxqr9b8","6mz0b5cugikqk54s5zozthbzy","br9652mqlrwn0h0cretf6p9zx","28us5z1bh4mkf4afr7o4k7rx7","18hbzwi2guish96ccpaonxxk4","1ggvf2r6q7go47x48nu91ucjq","42ksl48yfdoh4nqvc6timfr64","54a7sb35ft40ry0jfk4h0eyko","7h1o8zkry3k0wp4pv0b9wzr15","0ymorhi8eb1nrs3elbg40pr1z","7nbe807feozxlvbrxv7oj75u5","70hnqwp00hw0kge0jgrzr4qf7","9u8oqksftkn3agm4ipoxrsbjx","9ug8uo6o17gleq6ylnj6qavgv","dx862l5uvza6ics9aj30xud64","cgauy5zngx8hftafb99hggnr6","9bh37hevrfmh9j65ey3t5d3jo","0c5zgo2nqaryc6h436fzq1917","9p2sxifrpgjp9fcdjbogo7dpj","5byx6g0lyx65555o4o1mw38zy","0sy2fxg7c83fjpl4lvo6tfrca","7jvkthazbah1b1wn1dcq3mnyb","3x7z0ehqdtk40uxmkcuily2uh","bcd0wc7fh65tlses260mvipw8","8e2q1qbluecvdigvy8zv8paa3","4xchnrnt0ghb5js0a9hcrq4w4","7razvctmyk23l0rd9yiv57sb7","1ngsxv2y81cymdir3xvr6shvl","bak8qlbpq9rlper30e6e2kmbg","czpqup69r43tp8s7bbwzsdnh8","2yexwfwi4p5bmiwdnt7ihq5yl","bl7mk740xtdpww5ry0zu85njs","6hxt8v85e3b3e7ieyj1lyzzwz","e2nh4d93yibu4dlslg6bgmc4a","dtve1dk2jd447mh82v6otn2lz","33a6dundlksh174piduuamiho","18ga0zwqxp8u5efdlsdv82r8d","bwqw1eamimneq8zb7g2an5mid","e7yn04cnn5a3r9ni1gmanib8f","8rarref319wusbtpmj6ysddwn","85nsihg7i4vwig5xk4apauurc","83avks0gii65yn86ol2ykg9jn","77pmx827axqp70xpq5n2fs2iw","akt84ne10f21gvu1zo4a0tnky","crfi8mkht317b5t194gdx4f5y","e0byem1czlsmxycm97vuwkurs","1qc0kbf266t9we5xpxwyzrja6","2mu20s4gvb4upajd4k9v0p4lv"]} @ https://runtime-assets.adalo.com/static/js/main.79e9a9ca.js:1
[   46814ms] [WARNING] SKIPPING ERRONEOUS DEPENDENCY Error: Selector failed: {"type":"CURRENT_USER_SELECTOR"}
    at G (https://runtime-assets.adalo.com/static/js/main.79e9a9ca.js:2:468532)
    at t.getDependencies (https://runtime-assets.adalo.com/static/js/main.79e9a9ca.js:2:467260)
    at w.isManuallyPaginated (https://runtime-assets.adalo.com/static/js/main.79e9a9ca.js:2:348848)
    at w.renderPaginationControls (https://runtime-assets.adalo.com/static/js/main.79e9a9ca.js:2:370838)
    at w.render (https://runtime-assets.adalo.com/static/js/main.79e9a9ca.js:2:372453)
    at Ds (https://runtime-assets.adalo.com/static/js/main.79e9a9ca.js:2:4414574)
    at Ls (https://runtime-assets.adalo.com/static/js/main.79e9a9ca.js:2:4414370)
    at Ml (https://runtime-assets.adalo.com/static/js/main.79e9a9ca.js:2:4457902)
    at bu (https://runtime-assets.adalo.com/static/js/main.79e9a9ca.js:2:4446043)
    at vu (https://runtime-assets.adalo.com/static/js/main.79e9a9ca.js:2:4445971)
    at yu (https://runtime-assets.adalo.com/static/js/main.79e9a9ca.js:2:4445834)
    at uu (https://runtime-assets.adalo.com/static/js/main.79e9a9ca.js:2:4442950)
    at Wo (https://runtime-assets.adalo.com/static/js/main.79e9a9ca.js:2:4383545)
    at https://runtime-assets.adalo.com/static/js/main.79e9a9ca.js:2:4440547 {"id":"dx862l5uvza6ics9aj30xud64","type":"binding","label":"name","source":{"type":"field","source":{"type":"data","source":null,"tableId":"t_80c852bba70544a6a98079124dfc8e10","dataType":"object","selector":{"type":"CURRENT_USER_SELECTOR"},"datasourceId":"4dba133b22784a13b18b1a791cfdd211"},"fieldId":"name","dataType":"text"},"bindingType":"libraryProp","childBindings":[],"siblingBindings":["82jnplk3ef502gh5ra15iven5","alb6jx052np69houarjepkzxt","d4ccnilspvhusn5vln7fnumoq","e1u2k5uadbzmnwqydjuj41a8s","el4yprrbnqt3re35jo8dnbq8u","a523cf05i53tfa1bas0wgcebu","22a4gatllq388sgqrwk9hg2t6","a9kncdenpdwn86cruysxqr9b8","6mz0b5cugikqk54s5zozthbzy","br9652mqlrwn0h0cretf6p9zx","28us5z1bh4mkf4afr7o4k7rx7","18hbzwi2guish96ccpaonxxk4","1ggvf2r6q7go47x48nu91ucjq","42ksl48yfdoh4nqvc6timfr64","54a7sb35ft40ry0jfk4h0eyko","7h1o8zkry3k0wp4pv0b9wzr15","0ymorhi8eb1nrs3elbg40pr1z","7nbe807feozxlvbrxv7oj75u5","70hnqwp00hw0kge0jgrzr4qf7","9u8oqksftkn3agm4ipoxrsbjx","9ug8uo6o17gleq6ylnj6qavgv","cbmpybstng5h4paecr60bbabe","cgauy5zngx8hftafb99hggnr6","9bh37hevrfmh9j65ey3t5d3jo","0c5zgo2nqaryc6h436fzq1917","9p2sxifrpgjp9fcdjbogo7dpj","5byx6g0lyx65555o4o1mw38zy","0sy2fxg7c83fjpl4lvo6tfrca","7jvkthazbah1b1wn1dcq3mnyb","3x7z0ehqdtk40uxmkcuily2uh","bcd0wc7fh65tlses260mvipw8","8e2q1qbluecvdigvy8zv8paa3","4xchnrnt0ghb5js0a9hcrq4w4","7razvctmyk23l0rd9yiv57sb7","1ngsxv2y81cymdir3xvr6shvl","bak8qlbpq9rlper30e6e2kmbg","czpqup69r43tp8s7bbwzsdnh8","2yexwfwi4p5bmiwdnt7ihq5yl","bl7mk740xtdpww5ry0zu85njs","6hxt8v85e3b3e7ieyj1lyzzwz","e2nh4d93yibu4dlslg6bgmc4a","dtve1dk2jd447mh82v6otn2lz","33a6dundlksh174piduuamiho","18ga0zwqxp8u5efdlsdv82r8d","bwqw1eamimneq8zb7g2an5mid","e7yn04cnn5a3r9ni1gmanib8f","8rarref319wusbtpmj6ysddwn","85nsihg7i4vwig5xk4apauurc","83avks0gii65yn86ol2ykg9jn","77pmx827axqp70xpq5n2fs2iw","akt84ne10f21gvu1zo4a0tnky","crfi8mkht317b5t194gdx4f5y","e0byem1czlsmxycm97vuwkurs","1qc0kbf266t9we5xpxwyzrja6","2mu20s4gvb4upajd4k9v0p4lv"]} @ https://runtime-assets.adalo.com/static/js/main.79e9a9ca.js:1
[   46815ms] [WARNING] SKIPPING ERRONEOUS DEPENDENCY Error: Selector failed: {"type":"CURRENT_USER_SELECTOR"}
    at G (https://runtime-assets.adalo.com/static/js/main.79e9a9ca.js:2:468532)
    at t.getDependencies (https://runtime-assets.adalo.com/static/js/main.79e9a9ca.js:2:467260)
    at w.isManuallyPaginated (https://runtime-assets.adalo.com/static/js/main.79e9a9ca.js:2:348848)
    at w.getTableDataRowsForPage (https://runtime-assets.adalo.com/static/js/main.79e9a9ca.js:2:369833)
    at w.renderPaginationControls (https://runtime-assets.adalo.com/static/js/main.79e9a9ca.js:2:370943)
    at w.render (https://runtime-assets.adalo.com/static/js/main.79e9a9ca.js:2:372453)
    at Ds (https://runtime-assets.adalo.com/static/js/main.79e9a9ca.js:2:4414574)
    at Ls (https://runtime-assets.adalo.com/static/js/main.79e9a9ca.js:2:4414370)
    at Ml (https://runtime-assets.adalo.com/static/js/main.79e9a9ca.js:2:4457902)
    at bu (https://runtime-assets.adalo.com/static/js/main.79e9a9ca.js:2:4446043)
    at vu (https://runtime-assets.adalo.com/static/js/main.79e9a9ca.js:2:4445971)
    at yu (https://runtime-assets.adalo.com/static/js/main.79e9a9ca.js:2:4445834)
    at uu (https://runtime-assets.adalo.com/static/js/main.79e9a9ca.js:2:4442950)
    at Wo (https://runtime-assets.adalo.com/static/js/main.79e9a9ca.js:2:4383545)
    at https://runtime-assets.adalo.com/static/js/main.79e9a9ca.js:2:4440547 {"id":"cbmpybstng5h4paecr60bbabe","type":"binding","label":"name","source":{"type":"field","source":{"type":"data","source":null,"tableId":"t_80c852bba70544a6a98079124dfc8e10","dataType":"object","selector":{"type":"CURRENT_USER_SELECTOR"},"datasourceId":"4dba133b22784a13b18b1a791cfdd211"},"fieldId":"name","dataType":"text"},"bindingType":"libraryProp","childBindings":[],"siblingBindings":["82jnplk3ef502gh5ra15iven5","alb6jx052np69houarjepkzxt","d4ccnilspvhusn5vln7fnumoq","e1u2k5uadbzmnwqydjuj41a8s","el4yprrbnqt3re35jo8dnbq8u","a523cf05i53tfa1bas0wgcebu","22a4gatllq388sgqrwk9hg2t6","a9kncdenpdwn86cruysxqr9b8","6mz0b5cugikqk54s5zozthbzy","br9652mqlrwn0h0cretf6p9zx","28us5z1bh4mkf4afr7o4k7rx7","18hbzwi2guish96ccpaonxxk4","1ggvf2r6q7go47x48nu91ucjq","42ksl48yfdoh4nqvc6timfr64","54a7sb35ft40ry0jfk4h0eyko","7h1o8zkry3k0wp4pv0b9wzr15","0ymorhi8eb1nrs3elbg40pr1z","7nbe807feozxlvbrxv7oj75u5","70hnqwp00hw0kge0jgrzr4qf7","9u8oqksftkn3agm4ipoxrsbjx","9ug8uo6o17gleq6ylnj6qavgv","dx862l5uvza6ics9aj30xud64","cgauy5zngx8hftafb99hggnr6","9bh37hevrfmh9j65ey3t5d3jo","0c5zgo2nqaryc6h436fzq1917","9p2sxifrpgjp9fcdjbogo7dpj","5byx6g0lyx65555o4o1mw38zy","0sy2fxg7c83fjpl4lvo6tfrca","7jvkthazbah1b1wn1dcq3mnyb","3x7z0ehqdtk40uxmkcuily2uh","bcd0wc7fh65tlses260mvipw8","8e2q1qbluecvdigvy8zv8paa3","4xchnrnt0ghb5js0a9hcrq4w4","7razvctmyk23l0rd9yiv57sb7","1ngsxv2y81cymdir3xvr6shvl","bak8qlbpq9rlper30e6e2kmbg","czpqup69r43tp8s7bbwzsdnh8","2yexwfwi4p5bmiwdnt7ihq5yl","bl7mk740xtdpww5ry0zu85njs","6hxt8v85e3b3e7ieyj1lyzzwz","e2nh4d93yibu4dlslg6bgmc4a","dtve1dk2jd447mh82v6otn2lz","33a6dundlksh174piduuamiho","18ga0zwqxp8u5efdlsdv82r8d","bwqw1eamimneq8zb7g2an5mid","e7yn04cnn5a3r9ni1gmanib8f","8rarref319wusbtpmj6ysddwn","85nsihg7i4vwig5xk4apauurc","83avks0gii65yn86ol2ykg9jn","77pmx827axqp70xpq5n2fs2iw","akt84ne10f21gvu1zo4a0tnky","crfi8mkht317b5t194gdx4f5y","e0byem1czlsmxycm97vuwkurs","1qc0kbf266t9we5xpxwyzrja6","2mu20s4gvb4upajd4k9v0p4lv"]} @ https://runtime-assets.adalo.com/static/js/main.79e9a9ca.js:1
[   46816ms] [WARNING] SKIPPING ERRONEOUS DEPENDENCY Error: Selector failed: {"type":"CURRENT_USER_SELECTOR"}
    at G (https://runtime-assets.adalo.com/static/js/main.79e9a9ca.js:2:468532)
    at t.getDependencies (https://runtime-assets.adalo.com/static/js/main.79e9a9ca.js:2:467260)
    at w.isManuallyPaginated (https://runtime-assets.adalo.com/static/js/main.79e9a9ca.js:2:348848)
    at w.getTableDataRowsForPage (https://runtime-assets.adalo.com/static/js/main.79e9a9ca.js:2:369833)
    at w.renderPaginationControls (https://runtime-assets.adalo.com/static/js/main.79e9a9ca.js:2:370943)
    at w.render (https://runtime-assets.adalo.com/static/js/main.79e9a9ca.js:2:372453)
    at Ds (https://runtime-assets.adalo.com/static/js/main.79e9a9ca.js:2:4414574)
    at Ls (https://runtime-assets.adalo.com/static/js/main.79e9a9ca.js:2:4414370)
    at Ml (https://runtime-assets.adalo.com/static/js/main.79e9a9ca.js:2:4457902)
    at bu (https://runtime-assets.adalo.com/static/js/main.79e9a9ca.js:2:4446043)
    at vu (https://runtime-assets.adalo.com/static/js/main.79e9a9ca.js:2:4445971)
    at yu (https://runtime-assets.adalo.com/static/js/main.79e9a9ca.js:2:4445834)
    at uu (https://runtime-assets.adalo.com/static/js/main.79e9a9ca.js:2:4442950)
    at Wo (https://runtime-assets.adalo.com/static/js/main.79e9a9ca.js:2:4383545)
    at https://runtime-assets.adalo.com/static/js/main.79e9a9ca.js:2:4440547 {"id":"dx862l5uvza6ics9aj30xud64","type":"binding","label":"name","source":{"type":"field","source":{"type":"data","source":null,"tableId":"t_80c852bba70544a6a98079124dfc8e10","dataType":"object","selector":{"type":"CURRENT_USER_SELECTOR"},"datasourceId":"4dba133b22784a13b18b1a791cfdd211"},"fieldId":"name","dataType":"text"},"bindingType":"libraryProp","childBindings":[],"siblingBindings":["82jnplk3ef502gh5ra15iven5","alb6jx052np69houarjepkzxt","d4ccnilspvhusn5vln7fnumoq","e1u2k5uadbzmnwqydjuj41a8s","el4yprrbnqt3re35jo8dnbq8u","a523cf05i53tfa1bas0wgcebu","22a4gatllq388sgqrwk9hg2t6","a9kncdenpdwn86cruysxqr9b8","6mz0b5cugikqk54s5zozthbzy","br9652mqlrwn0h0cretf6p9zx","28us5z1bh4mkf4afr7o4k7rx7","18hbzwi2guish96ccpaonxxk4","1ggvf2r6q7go47x48nu91ucjq","42ksl48yfdoh4nqvc6timfr64","54a7sb35ft40ry0jfk4h0eyko","7h1o8zkry3k0wp4pv0b9wzr15","0ymorhi8eb1nrs3elbg40pr1z","7nbe807feozxlvbrxv7oj75u5","70hnqwp00hw0kge0jgrzr4qf7","9u8oqksftkn3agm4ipoxrsbjx","9ug8uo6o17gleq6ylnj6qavgv","cbmpybstng5h4paecr60bbabe","cgauy5zngx8hftafb99hggnr6","9bh37hevrfmh9j65ey3t5d3jo","0c5zgo2nqaryc6h436fzq1917","9p2sxifrpgjp9fcdjbogo7dpj","5byx6g0lyx65555o4o1mw38zy","0sy2fxg7c83fjpl4lvo6tfrca","7jvkthazbah1b1wn1dcq3mnyb","3x7z0ehqdtk40uxmkcuily2uh","bcd0wc7fh65tlses260mvipw8","8e2q1qbluecvdigvy8zv8paa3","4xchnrnt0ghb5js0a9hcrq4w4","7razvctmyk23l0rd9yiv57sb7","1ngsxv2y81cymdir3xvr6shvl","bak8qlbpq9rlper30e6e2kmbg","czpqup69r43tp8s7bbwzsdnh8","2yexwfwi4p5bmiwdnt7ihq5yl","bl7mk740xtdpww5ry0zu85njs","6hxt8v85e3b3e7ieyj1lyzzwz","e2nh4d93yibu4dlslg6bgmc4a","dtve1dk2jd447mh82v6otn2lz","33a6dundlksh174piduuamiho","18ga0zwqxp8u5efdlsdv82r8d","bwqw1eamimneq8zb7g2an5mid","e7yn04cnn5a3r9ni1gmanib8f","8rarref319wusbtpmj6ysddwn","85nsihg7i4vwig5xk4apauurc","83avks0gii65yn86ol2ykg9jn","77pmx827axqp70xpq5n2fs2iw","akt84ne10f21gvu1zo4a0tnky","crfi8mkht317b5t194gdx4f5y","e0byem1czlsmxycm97vuwkurs","1qc0kbf266t9we5xpxwyzrja6","2mu20s4gvb4upajd4k9v0p4lv"]} @ https://runtime-assets.adalo.com/static/js/main.79e9a9ca.js:1
[   46856ms] [WARNING] SKIPPING ERRONEOUS DEPENDENCY Error: Selector failed: {"type":"CURRENT_USER_SELECTOR"}
    at G (https://runtime-assets.adalo.com/static/js/main.79e9a9ca.js:2:468532)
    at t.getDependencies (https://runtime-assets.adalo.com/static/js/main.79e9a9ca.js:2:467260)
    at w.isManuallyPaginated (https://runtime-assets.adalo.com/static/js/main.79e9a9ca.js:2:348848)
    at w.fetchPageData (https://runtime-assets.adalo.com/static/js/main.79e9a9ca.js:2:349230)
    at https://runtime-assets.adalo.com/static/js/main.79e9a9ca.js:2:348044 {"id":"cbmpybstng5h4paecr60bbabe","type":"binding","label":"name","source":{"type":"field","source":{"type":"data","source":null,"tableId":"t_80c852bba70544a6a98079124dfc8e10","dataType":"object","selector":{"type":"CURRENT_USER_SELECTOR"},"datasourceId":"4dba133b22784a13b18b1a791cfdd211"},"fieldId":"name","dataType":"text"},"bindingType":"libraryProp","childBindings":[],"siblingBindings":["82jnplk3ef502gh5ra15iven5","alb6jx052np69houarjepkzxt","d4ccnilspvhusn5vln7fnumoq","e1u2k5uadbzmnwqydjuj41a8s","el4yprrbnqt3re35jo8dnbq8u","a523cf05i53tfa1bas0wgcebu","22a4gatllq388sgqrwk9hg2t6","a9kncdenpdwn86cruysxqr9b8","6mz0b5cugikqk54s5zozthbzy","br9652mqlrwn0h0cretf6p9zx","28us5z1bh4mkf4afr7o4k7rx7","18hbzwi2guish96ccpaonxxk4","1ggvf2r6q7go47x48nu91ucjq","42ksl48yfdoh4nqvc6timfr64","54a7sb35ft40ry0jfk4h0eyko","7h1o8zkry3k0wp4pv0b9wzr15","0ymorhi8eb1nrs3elbg40pr1z","7nbe807feozxlvbrxv7oj75u5","70hnqwp00hw0kge0jgrzr4qf7","9u8oqksftkn3agm4ipoxrsbjx","9ug8uo6o17gleq6ylnj6qavgv","dx862l5uvza6ics9aj30xud64","cgauy5zngx8hftafb99hggnr6","9bh37hevrfmh9j65ey3t5d3jo","0c5zgo2nqaryc6h436fzq1917","9p2sxifrpgjp9fcdjbogo7dpj","5byx6g0lyx65555o4o1mw38zy","0sy2fxg7c83fjpl4lvo6tfrca","7jvkthazbah1b1wn1dcq3mnyb","3x7z0ehqdtk40uxmkcuily2uh","bcd0wc7fh65tlses260mvipw8","8e2q1qbluecvdigvy8zv8paa3","4xchnrnt0ghb5js0a9hcrq4w4","7razvctmyk23l0rd9yiv57sb7","1ngsxv2y81cymdir3xvr6shvl","bak8qlbpq9rlper30e6e2kmbg","czpqup69r43tp8s7bbwzsdnh8","2yexwfwi4p5bmiwdnt7ihq5yl","bl7mk740xtdpww5ry0zu85njs","6hxt8v85e3b3e7ieyj1lyzzwz","e2nh4d93yibu4dlslg6bgmc4a","dtve1dk2jd447mh82v6otn2lz","33a6dundlksh174piduuamiho","18ga0zwqxp8u5efdlsdv82r8d","bwqw1eamimneq8zb7g2an5mid","e7yn04cnn5a3r9ni1gmanib8f","8rarref319wusbtpmj6ysddwn","85nsihg7i4vwig5xk4apauurc","83avks0gii65yn86ol2ykg9jn","77pmx827axqp70xpq5n2fs2iw","akt84ne10f21gvu1zo4a0tnky","crfi8mkht317b5t194gdx4f5y","e0byem1czlsmxycm97vuwkurs","1qc0kbf266t9we5xpxwyzrja6","2mu20s4gvb4upajd4k9v0p4lv"]} @ https://runtime-assets.adalo.com/static/js/main.79e9a9ca.js:1
[   46857ms] [WARNING] SKIPPING ERRONEOUS DEPENDENCY Error: Selector failed: {"type":"CURRENT_USER_SELECTOR"}
    at G (https://runtime-assets.adalo.com/static/js/main.79e9a9ca.js:2:468532)
    at t.getDependencies (https://runtime-assets.adalo.com/static/js/main.79e9a9ca.js:2:467260)
    at w.isManuallyPaginated (https://runtime-assets.adalo.com/static/js/main.79e9a9ca.js:2:348848)
    at w.fetchPageData (https://runtime-assets.adalo.com/static/js/main.79e9a9ca.js:2:349230)
    at https://runtime-assets.adalo.com/static/js/main.79e9a9ca.js:2:348044 {"id":"dx862l5uvza6ics9aj30xud64","type":"binding","label":"name","source":{"type":"field","source":{"type":"data","source":null,"tableId":"t_80c852bba70544a6a98079124dfc8e10","dataType":"object","selector":{"type":"CURRENT_USER_SELECTOR"},"datasourceId":"4dba133b22784a13b18b1a791cfdd211"},"fieldId":"name","dataType":"text"},"bindingType":"libraryProp","childBindings":[],"siblingBindings":["82jnplk3ef502gh5ra15iven5","alb6jx052np69houarjepkzxt","d4ccnilspvhusn5vln7fnumoq","e1u2k5uadbzmnwqydjuj41a8s","el4yprrbnqt3re35jo8dnbq8u","a523cf05i53tfa1bas0wgcebu","22a4gatllq388sgqrwk9hg2t6","a9kncdenpdwn86cruysxqr9b8","6mz0b5cugikqk54s5zozthbzy","br9652mqlrwn0h0cretf6p9zx","28us5z1bh4mkf4afr7o4k7rx7","18hbzwi2guish96ccpaonxxk4","1ggvf2r6q7go47x48nu91ucjq","42ksl48yfdoh4nqvc6timfr64","54a7sb35ft40ry0jfk4h0eyko","7h1o8zkry3k0wp4pv0b9wzr15","0ymorhi8eb1nrs3elbg40pr1z","7nbe807feozxlvbrxv7oj75u5","70hnqwp00hw0kge0jgrzr4qf7","9u8oqksftkn3agm4ipoxrsbjx","9ug8uo6o17gleq6ylnj6qavgv","cbmpybstng5h4paecr60bbabe","cgauy5zngx8hftafb99hggnr6","9bh37hevrfmh9j65ey3t5d3jo","0c5zgo2nqaryc6h436fzq1917","9p2sxifrpgjp9fcdjbogo7dpj","5byx6g0lyx65555o4o1mw38zy","0sy2fxg7c83fjpl4lvo6tfrca","7jvkthazbah1b1wn1dcq3mnyb","3x7z0ehqdtk40uxmkcuily2uh","bcd0wc7fh65tlses260mvipw8","8e2q1qbluecvdigvy8zv8paa3","4xchnrnt0ghb5js0a9hcrq4w4","7razvctmyk23l0rd9yiv57sb7","1ngsxv2y81cymdir3xvr6shvl","bak8qlbpq9rlper30e6e2kmbg","czpqup69r43tp8s7bbwzsdnh8","2yexwfwi4p5bmiwdnt7ihq5yl","bl7mk740xtdpww5ry0zu85njs","6hxt8v85e3b3e7ieyj1lyzzwz","e2nh4d93yibu4dlslg6bgmc4a","dtve1dk2jd447mh82v6otn2lz","33a6dundlksh174piduuamiho","18ga0zwqxp8u5efdlsdv82r8d","bwqw1eamimneq8zb7g2an5mid","e7yn04cnn5a3r9ni1gmanib8f","8rarref319wusbtpmj6ysddwn","85nsihg7i4vwig5xk4apauurc","83avks0gii65yn86ol2ykg9jn","77pmx827axqp70xpq5n2fs2iw","akt84ne10f21gvu1zo4a0tnky","crfi8mkht317b5t194gdx4f5y","e0byem1czlsmxycm97vuwkurs","1qc0kbf266t9we5xpxwyzrja6","2mu20s4gvb4upajd4k9v0p4lv"]} @ https://runtime-assets.adalo.com/static/js/main.79e9a9ca.js:1
[   46858ms] [WARNING] SKIPPING ERRONEOUS DEPENDENCY Error: Selector failed: {"type":"CURRENT_USER_SELECTOR"}
    at G (https://runtime-assets.adalo.com/static/js/main.79e9a9ca.js:2:468532)
    at t.getDependencies (https://runtime-assets.adalo.com/static/js/main.79e9a9ca.js:2:467260)
    at w.fetchPageData (https://runtime-assets.adalo.com/static/js/main.79e9a9ca.js:2:349556)
    at https://runtime-assets.adalo.com/static/js/main.79e9a9ca.js:2:348044 {"id":"cbmpybstng5h4paecr60bbabe","type":"binding","label":"name","source":{"type":"field","source":{"type":"data","source":null,"tableId":"t_80c852bba70544a6a98079124dfc8e10","dataType":"object","selector":{"type":"CURRENT_USER_SELECTOR"},"datasourceId":"4dba133b22784a13b18b1a791cfdd211"},"fieldId":"name","dataType":"text"},"bindingType":"libraryProp","childBindings":[],"siblingBindings":["82jnplk3ef502gh5ra15iven5","alb6jx052np69houarjepkzxt","d4ccnilspvhusn5vln7fnumoq","e1u2k5uadbzmnwqydjuj41a8s","el4yprrbnqt3re35jo8dnbq8u","a523cf05i53tfa1bas0wgcebu","22a4gatllq388sgqrwk9hg2t6","a9kncdenpdwn86cruysxqr9b8","6mz0b5cugikqk54s5zozthbzy","br9652mqlrwn0h0cretf6p9zx","28us5z1bh4mkf4afr7o4k7rx7","18hbzwi2guish96ccpaonxxk4","1ggvf2r6q7go47x48nu91ucjq","42ksl48yfdoh4nqvc6timfr64","54a7sb35ft40ry0jfk4h0eyko","7h1o8zkry3k0wp4pv0b9wzr15","0ymorhi8eb1nrs3elbg40pr1z","7nbe807feozxlvbrxv7oj75u5","70hnqwp00hw0kge0jgrzr4qf7","9u8oqksftkn3agm4ipoxrsbjx","9ug8uo6o17gleq6ylnj6qavgv","dx862l5uvza6ics9aj30xud64","cgauy5zngx8hftafb99hggnr6","9bh37hevrfmh9j65ey3t5d3jo","0c5zgo2nqaryc6h436fzq1917","9p2sxifrpgjp9fcdjbogo7dpj","5byx6g0lyx65555o4o1mw38zy","0sy2fxg7c83fjpl4lvo6tfrca","7jvkthazbah1b1wn1dcq3mnyb","3x7z0ehqdtk40uxmkcuily2uh","bcd0wc7fh65tlses260mvipw8","8e2q1qbluecvdigvy8zv8paa3","4xchnrnt0ghb5js0a9hcrq4w4","7razvctmyk23l0rd9yiv57sb7","1ngsxv2y81cymdir3xvr6shvl","bak8qlbpq9rlper30e6e2kmbg","czpqup69r43tp8s7bbwzsdnh8","2yexwfwi4p5bmiwdnt7ihq5yl","bl7mk740xtdpww5ry0zu85njs","6hxt8v85e3b3e7ieyj1lyzzwz","e2nh4d93yibu4dlslg6bgmc4a","dtve1dk2jd447mh82v6otn2lz","33a6dundlksh174piduuamiho","18ga0zwqxp8u5efdlsdv82r8d","bwqw1eamimneq8zb7g2an5mid","e7yn04cnn5a3r9ni1gmanib8f","8rarref319wusbtpmj6ysddwn","85nsihg7i4vwig5xk4apauurc","83avks0gii65yn86ol2ykg9jn","77pmx827axqp70xpq5n2fs2iw","akt84ne10f21gvu1zo4a0tnky","crfi8mkht317b5t194gdx4f5y","e0byem1czlsmxycm97vuwkurs","1qc0kbf266t9we5xpxwyzrja6","2mu20s4gvb4upajd4k9v0p4lv"]} @ https://runtime-assets.adalo.com/static/js/main.79e9a9ca.js:1
[   46858ms] [WARNING] SKIPPING ERRONEOUS DEPENDENCY Error: Selector failed: {"type":"CURRENT_USER_SELECTOR"}
    at G (https://runtime-assets.adalo.com/static/js/main.79e9a9ca.js:2:468532)
    at t.getDependencies (https://runtime-assets.adalo.com/static/js/main.79e9a9ca.js:2:467260)
    at w.fetchPageData (https://runtime-assets.adalo.com/static/js/main.79e9a9ca.js:2:349556)
    at https://runtime-assets.adalo.com/static/js/main.79e9a9ca.js:2:348044 {"id":"dx862l5uvza6ics9aj30xud64","type":"binding","label":"name","source":{"type":"field","source":{"type":"data","source":null,"tableId":"t_80c852bba70544a6a98079124dfc8e10","dataType":"object","selector":{"type":"CURRENT_USER_SELECTOR"},"datasourceId":"4dba133b22784a13b18b1a791cfdd211"},"fieldId":"name","dataType":"text"},"bindingType":"libraryProp","childBindings":[],"siblingBindings":["82jnplk3ef502gh5ra15iven5","alb6jx052np69houarjepkzxt","d4ccnilspvhusn5vln7fnumoq","e1u2k5uadbzmnwqydjuj41a8s","el4yprrbnqt3re35jo8dnbq8u","a523cf05i53tfa1bas0wgcebu","22a4gatllq388sgqrwk9hg2t6","a9kncdenpdwn86cruysxqr9b8","6mz0b5cugikqk54s5zozthbzy","br9652mqlrwn0h0cretf6p9zx","28us5z1bh4mkf4afr7o4k7rx7","18hbzwi2guish96ccpaonxxk4","1ggvf2r6q7go47x48nu91ucjq","42ksl48yfdoh4nqvc6timfr64","54a7sb35ft40ry0jfk4h0eyko","7h1o8zkry3k0wp4pv0b9wzr15","0ymorhi8eb1nrs3elbg40pr1z","7nbe807feozxlvbrxv7oj75u5","70hnqwp00hw0kge0jgrzr4qf7","9u8oqksftkn3agm4ipoxrsbjx","9ug8uo6o17gleq6ylnj6qavgv","cbmpybstng5h4paecr60bbabe","cgauy5zngx8hftafb99hggnr6","9bh37hevrfmh9j65ey3t5d3jo","0c5zgo2nqaryc6h436fzq1917","9p2sxifrpgjp9fcdjbogo7dpj","5byx6g0lyx65555o4o1mw38zy","0sy2fxg7c83fjpl4lvo6tfrca","7jvkthazbah1b1wn1dcq3mnyb","3x7z0ehqdtk40uxmkcuily2uh","bcd0wc7fh65tlses260mvipw8","8e2q1qbluecvdigvy8zv8paa3","4xchnrnt0ghb5js0a9hcrq4w4","7razvctmyk23l0rd9yiv57sb7","1ngsxv2y81cymdir3xvr6shvl","bak8qlbpq9rlper30e6e2kmbg","czpqup69r43tp8s7bbwzsdnh8","2yexwfwi4p5bmiwdnt7ihq5yl","bl7mk740xtdpww5ry0zu85njs","6hxt8v85e3b3e7ieyj1lyzzwz","e2nh4d93yibu4dlslg6bgmc4a","dtve1dk2jd447mh82v6otn2lz","33a6dundlksh174piduuamiho","18ga0zwqxp8u5efdlsdv82r8d","bwqw1eamimneq8zb7g2an5mid","e7yn04cnn5a3r9ni1gmanib8f","8rarref319wusbtpmj6ysddwn","85nsihg7i4vwig5xk4apauurc","83avks0gii65yn86ol2ykg9jn","77pmx827axqp70xpq5n2fs2iw","akt84ne10f21gvu1zo4a0tnky","crfi8mkht317b5t194gdx4f5y","e0byem1czlsmxycm97vuwkurs","1qc0kbf266t9we5xpxwyzrja6","2mu20s4gvb4upajd4k9v0p4lv"]} @ https://runtime-assets.adalo.com/static/js/main.79e9a9ca.js:1
[   46865ms] [WARNING] SKIPPING ERRONEOUS DEPENDENCY Error: Selector failed: {"type":"CURRENT_USER_SELECTOR"}
    at G (https://runtime-assets.adalo.com/static/js/main.79e9a9ca.js:2:468532)
    at t.getDependencies (https://runtime-assets.adalo.com/static/js/main.79e9a9ca.js:2:467260)
    at w.isManuallyPaginated (https://runtime-assets.adalo.com/static/js/main.79e9a9ca.js:2:348848)
    at w.getTableDataRowsForPage (https://runtime-assets.adalo.com/static/js/main.79e9a9ca.js:2:369833)
    at w.getTableDataRows (https://runtime-assets.adalo.com/static/js/main.79e9a9ca.js:2:370168)
    at w.render (https://runtime-assets.adalo.com/static/js/main.79e9a9ca.js:2:371443)
    at Ds (https://runtime-assets.adalo.com/static/js/main.79e9a9ca.js:2:4414574)
    at Ls (https://runtime-assets.adalo.com/static/js/main.79e9a9ca.js:2:4414370)
    at Ml (https://runtime-assets.adalo.com/static/js/main.79e9a9ca.js:2:4457902)
    at bu (https://runtime-assets.adalo.com/static/js/main.79e9a9ca.js:2:4446043)
    at vu (https://runtime-assets.adalo.com/static/js/main.79e9a9ca.js:2:4445971)
    at yu (https://runtime-assets.adalo.com/static/js/main.79e9a9ca.js:2:4445834)
    at uu (https://runtime-assets.adalo.com/static/js/main.79e9a9ca.js:2:4442950)
    at Wo (https://runtime-assets.adalo.com/static/js/main.79e9a9ca.js:2:4383545)
    at https://runtime-assets.adalo.com/static/js/main.79e9a9ca.js:2:4440547 {"id":"cbmpybstng5h4paecr60bbabe","type":"binding","label":"name","source":{"type":"field","source":{"type":"data","source":null,"tableId":"t_80c852bba70544a6a98079124dfc8e10","dataType":"object","selector":{"type":"CURRENT_USER_SELECTOR"},"datasourceId":"4dba133b22784a13b18b1a791cfdd211"},"fieldId":"name","dataType":"text"},"bindingType":"libraryProp","childBindings":[],"siblingBindings":["82jnplk3ef502gh5ra15iven5","alb6jx052np69houarjepkzxt","d4ccnilspvhusn5vln7fnumoq","e1u2k5uadbzmnwqydjuj41a8s","el4yprrbnqt3re35jo8dnbq8u","a523cf05i53tfa1bas0wgcebu","22a4gatllq388sgqrwk9hg2t6","a9kncdenpdwn86cruysxqr9b8","6mz0b5cugikqk54s5zozthbzy","br9652mqlrwn0h0cretf6p9zx","28us5z1bh4mkf4afr7o4k7rx7","18hbzwi2guish96ccpaonxxk4","1ggvf2r6q7go47x48nu91ucjq","42ksl48yfdoh4nqvc6timfr64","54a7sb35ft40ry0jfk4h0eyko","7h1o8zkry3k0wp4pv0b9wzr15","0ymorhi8eb1nrs3elbg40pr1z","7nbe807feozxlvbrxv7oj75u5","70hnqwp00hw0kge0jgrzr4qf7","9u8oqksftkn3agm4ipoxrsbjx","9ug8uo6o17gleq6ylnj6qavgv","dx862l5uvza6ics9aj30xud64","cgauy5zngx8hftafb99hggnr6","9bh37hevrfmh9j65ey3t5d3jo","0c5zgo2nqaryc6h436fzq1917","9p2sxifrpgjp9fcdjbogo7dpj","5byx6g0lyx65555o4o1mw38zy","0sy2fxg7c83fjpl4lvo6tfrca","7jvkthazbah1b1wn1dcq3mnyb","3x7z0ehqdtk40uxmkcuily2uh","bcd0wc7fh65tlses260mvipw8","8e2q1qbluecvdigvy8zv8paa3","4xchnrnt0ghb5js0a9hcrq4w4","7razvctmyk23l0rd9yiv57sb7","1ngsxv2y81cymdir3xvr6shvl","bak8qlbpq9rlper30e6e2kmbg","czpqup69r43tp8s7bbwzsdnh8","2yexwfwi4p5bmiwdnt7ihq5yl","bl7mk740xtdpww5ry0zu85njs","6hxt8v85e3b3e7ieyj1lyzzwz","e2nh4d93yibu4dlslg6bgmc4a","dtve1dk2jd447mh82v6otn2lz","33a6dundlksh174piduuamiho","18ga0zwqxp8u5efdlsdv82r8d","bwqw1eamimneq8zb7g2an5mid","e7yn04cnn5a3r9ni1gmanib8f","8rarref319wusbtpmj6ysddwn","85nsihg7i4vwig5xk4apauurc","83avks0gii65yn86ol2ykg9jn","77pmx827axqp70xpq5n2fs2iw","akt84ne10f21gvu1zo4a0tnky","crfi8mkht317b5t194gdx4f5y","e0byem1czlsmxycm97vuwkurs","1qc0kbf266t9we5xpxwyzrja6","2mu20s4gvb4upajd4k9v0p4lv"]} @ https://runtime-assets.adalo.com/static/js/main.79e9a9ca.js:1
[   46865ms] [WARNING] SKIPPING ERRONEOUS DEPENDENCY Error: Selector failed: {"type":"CURRENT_USER_SELECTOR"}
    at G (https://runtime-assets.adalo.com/static/js/main.79e9a9ca.js:2:468532)
    at t.getDependencies (https://runtime-assets.adalo.com/static/js/main.79e9a9ca.js:2:467260)
    at w.isManuallyPaginated (https://runtime-assets.adalo.com/static/js/main.79e9a9ca.js:2:348848)
    at w.getTableDataRowsForPage (https://runtime-assets.adalo.com/static/js/main.79e9a9ca.js:2:369833)
    at w.getTableDataRows (https://runtime-assets.adalo.com/static/js/main.79e9a9ca.js:2:370168)
    at w.render (https://runtime-assets.adalo.com/static/js/main.79e9a9ca.js:2:371443)
    at Ds (https://runtime-assets.adalo.com/static/js/main.79e9a9ca.js:2:4414574)
    at Ls (https://runtime-assets.adalo.com/static/js/main.79e9a9ca.js:2:4414370)
    at Ml (https://runtime-assets.adalo.com/static/js/main.79e9a9ca.js:2:4457902)
    at bu (https://runtime-assets.adalo.com/static/js/main.79e9a9ca.js:2:4446043)
    at vu (https://runtime-assets.adalo.com/static/js/main.79e9a9ca.js:2:4445971)
    at yu (https://runtime-assets.adalo.com/static/js/main.79e9a9ca.js:2:4445834)
    at uu (https://runtime-assets.adalo.com/static/js/main.79e9a9ca.js:2:4442950)
    at Wo (https://runtime-assets.adalo.com/static/js/main.79e9a9ca.js:2:4383545)
    at https://runtime-assets.adalo.com/static/js/main.79e9a9ca.js:2:4440547 {"id":"dx862l5uvza6ics9aj30xud64","type":"binding","label":"name","source":{"type":"field","source":{"type":"data","source":null,"tableId":"t_80c852bba70544a6a98079124dfc8e10","dataType":"object","selector":{"type":"CURRENT_USER_SELECTOR"},"datasourceId":"4dba133b22784a13b18b1a791cfdd211"},"fieldId":"name","dataType":"text"},"bindingType":"libraryProp","childBindings":[],"siblingBindings":["82jnplk3ef502gh5ra15iven5","alb6jx052np69houarjepkzxt","d4ccnilspvhusn5vln7fnumoq","e1u2k5uadbzmnwqydjuj41a8s","el4yprrbnqt3re35jo8dnbq8u","a523cf05i53tfa1bas0wgcebu","22a4gatllq388sgqrwk9hg2t6","a9kncdenpdwn86cruysxqr9b8","6mz0b5cugikqk54s5zozthbzy","br9652mqlrwn0h0cretf6p9zx","28us5z1bh4mkf4afr7o4k7rx7","18hbzwi2guish96ccpaonxxk4","1ggvf2r6q7go47x48nu91ucjq","42ksl48yfdoh4nqvc6timfr64","54a7sb35ft40ry0jfk4h0eyko","7h1o8zkry3k0wp4pv0b9wzr15","0ymorhi8eb1nrs3elbg40pr1z","7nbe807feozxlvbrxv7oj75u5","70hnqwp00hw0kge0jgrzr4qf7","9u8oqksftkn3agm4ipoxrsbjx","9ug8uo6o17gleq6ylnj6qavgv","cbmpybstng5h4paecr60bbabe","cgauy5zngx8hftafb99hggnr6","9bh37hevrfmh9j65ey3t5d3jo","0c5zgo2nqaryc6h436fzq1917","9p2sxifrpgjp9fcdjbogo7dpj","5byx6g0lyx65555o4o1mw38zy","0sy2fxg7c83fjpl4lvo6tfrca","7jvkthazbah1b1wn1dcq3mnyb","3x7z0ehqdtk40uxmkcuily2uh","bcd0wc7fh65tlses260mvipw8","8e2q1qbluecvdigvy8zv8paa3","4xchnrnt0ghb5js0a9hcrq4w4","7razvctmyk23l0rd9yiv57sb7","1ngsxv2y81cymdir3xvr6shvl","bak8qlbpq9rlper30e6e2kmbg","czpqup69r43tp8s7bbwzsdnh8","2yexwfwi4p5bmiwdnt7ihq5yl","bl7mk740xtdpww5ry0zu85njs","6hxt8v85e3b3e7ieyj1lyzzwz","e2nh4d93yibu4dlslg6bgmc4a","dtve1dk2jd447mh82v6otn2lz","33a6dundlksh174piduuamiho","18ga0zwqxp8u5efdlsdv82r8d","bwqw1eamimneq8zb7g2an5mid","e7yn04cnn5a3r9ni1gmanib8f","8rarref319wusbtpmj6ysddwn","85nsihg7i4vwig5xk4apauurc","83avks0gii65yn86ol2ykg9jn","77pmx827axqp70xpq5n2fs2iw","akt84ne10f21gvu1zo4a0tnky","crfi8mkht317b5t194gdx4f5y","e0byem1czlsmxycm97vuwkurs","1qc0kbf266t9we5xpxwyzrja6","2mu20s4gvb4upajd4k9v0p4lv"]} @ https://runtime-assets.adalo.com/static/js/main.79e9a9ca.js:1
[   46866ms] [WARNING] SKIPPING ERRONEOUS DEPENDENCY Error: Selector failed: {"type":"CURRENT_USER_SELECTOR"}
    at G (https://runtime-assets.adalo.com/static/js/main.79e9a9ca.js:2:468532)
    at t.getDependencies (https://runtime-assets.adalo.com/static/js/main.79e9a9ca.js:2:467260)
    at w.isManuallyPaginated (https://runtime-assets.adalo.com/static/js/main.79e9a9ca.js:2:348848)
    at w.renderPaginationControls (https://runtime-assets.adalo.com/static/js/main.79e9a9ca.js:2:370838)
    at w.render (https://runtime-assets.adalo.com/static/js/main.79e9a9ca.js:2:372453)
    at Ds (https://runtime-assets.adalo.com/static/js/main.79e9a9ca.js:2:4414574)
    at Ls (https://runtime-assets.adalo.com/static/js/main.79e9a9ca.js:2:4414370)
    at Ml (https://runtime-assets.adalo.com/static/js/main.79e9a9ca.js:2:4457902)
    at bu (https://runtime-assets.adalo.com/static/js/main.79e9a9ca.js:2:4446043)
    at vu (https://runtime-assets.adalo.com/static/js/main.79e9a9ca.js:2:4445971)
    at yu (https://runtime-assets.adalo.com/static/js/main.79e9a9ca.js:2:4445834)
    at uu (https://runtime-assets.adalo.com/static/js/main.79e9a9ca.js:2:4442950)
    at Wo (https://runtime-assets.adalo.com/static/js/main.79e9a9ca.js:2:4383545)
    at https://runtime-assets.adalo.com/static/js/main.79e9a9ca.js:2:4440547 {"id":"cbmpybstng5h4paecr60bbabe","type":"binding","label":"name","source":{"type":"field","source":{"type":"data","source":null,"tableId":"t_80c852bba70544a6a98079124dfc8e10","dataType":"object","selector":{"type":"CURRENT_USER_SELECTOR"},"datasourceId":"4dba133b22784a13b18b1a791cfdd211"},"fieldId":"name","dataType":"text"},"bindingType":"libraryProp","childBindings":[],"siblingBindings":["82jnplk3ef502gh5ra15iven5","alb6jx052np69houarjepkzxt","d4ccnilspvhusn5vln7fnumoq","e1u2k5uadbzmnwqydjuj41a8s","el4yprrbnqt3re35jo8dnbq8u","a523cf05i53tfa1bas0wgcebu","22a4gatllq388sgqrwk9hg2t6","a9kncdenpdwn86cruysxqr9b8","6mz0b5cugikqk54s5zozthbzy","br9652mqlrwn0h0cretf6p9zx","28us5z1bh4mkf4afr7o4k7rx7","18hbzwi2guish96ccpaonxxk4","1ggvf2r6q7go47x48nu91ucjq","42ksl48yfdoh4nqvc6timfr64","54a7sb35ft40ry0jfk4h0eyko","7h1o8zkry3k0wp4pv0b9wzr15","0ymorhi8eb1nrs3elbg40pr1z","7nbe807feozxlvbrxv7oj75u5","70hnqwp00hw0kge0jgrzr4qf7","9u8oqksftkn3agm4ipoxrsbjx","9ug8uo6o17gleq6ylnj6qavgv","dx862l5uvza6ics9aj30xud64","cgauy5zngx8hftafb99hggnr6","9bh37hevrfmh9j65ey3t5d3jo","0c5zgo2nqaryc6h436fzq1917","9p2sxifrpgjp9fcdjbogo7dpj","5byx6g0lyx65555o4o1mw38zy","0sy2fxg7c83fjpl4lvo6tfrca","7jvkthazbah1b1wn1dcq3mnyb","3x7z0ehqdtk40uxmkcuily2uh","bcd0wc7fh65tlses260mvipw8","8e2q1qbluecvdigvy8zv8paa3","4xchnrnt0ghb5js0a9hcrq4w4","7razvctmyk23l0rd9yiv57sb7","1ngsxv2y81cymdir3xvr6shvl","bak8qlbpq9rlper30e6e2kmbg","czpqup69r43tp8s7bbwzsdnh8","2yexwfwi4p5bmiwdnt7ihq5yl","bl7mk740xtdpww5ry0zu85njs","6hxt8v85e3b3e7ieyj1lyzzwz","e2nh4d93yibu4dlslg6bgmc4a","dtve1dk2jd447mh82v6otn2lz","33a6dundlksh174piduuamiho","18ga0zwqxp8u5efdlsdv82r8d","bwqw1eamimneq8zb7g2an5mid","e7yn04cnn5a3r9ni1gmanib8f","8rarref319wusbtpmj6ysddwn","85nsihg7i4vwig5xk4apauurc","83avks0gii65yn86ol2ykg9jn","77pmx827axqp70xpq5n2fs2iw","akt84ne10f21gvu1zo4a0tnky","crfi8mkht317b5t194gdx4f5y","e0byem1czlsmxycm97vuwkurs","1qc0kbf266t9we5xpxwyzrja6","2mu20s4gvb4upajd4k9v0p4lv"]} @ https://runtime-assets.adalo.com/static/js/main.79e9a9ca.js:1
[   46867ms] [WARNING] SKIPPING ERRONEOUS DEPENDENCY Error: Selector failed: {"type":"CURRENT_USER_SELECTOR"}
    at G (https://runtime-assets.adalo.com/static/js/main.79e9a9ca.js:2:468532)
    at t.getDependencies (https://runtime-assets.adalo.com/static/js/main.79e9a9ca.js:2:467260)
    at w.isManuallyPaginated (https://runtime-assets.adalo.com/static/js/main.79e9a9ca.js:2:348848)
    at w.renderPaginationControls (https://runtime-assets.adalo.com/static/js/main.79e9a9ca.js:2:370838)
    at w.render (https://runtime-assets.adalo.com/static/js/main.79e9a9ca.js:2:372453)
    at Ds (https://runtime-assets.adalo.com/static/js/main.79e9a9ca.js:2:4414574)
    at Ls (https://runtime-assets.adalo.com/static/js/main.79e9a9ca.js:2:4414370)
    at Ml (https://runtime-assets.adalo.com/static/js/main.79e9a9ca.js:2:4457902)
    at bu (https://runtime-assets.adalo.com/static/js/main.79e9a9ca.js:2:4446043)
    at vu (https://runtime-assets.adalo.com/static/js/main.79e9a9ca.js:2:4445971)
    at yu (https://runtime-assets.adalo.com/static/js/main.79e9a9ca.js:2:4445834)
    at uu (https://runtime-assets.adalo.com/static/js/main.79e9a9ca.js:2:4442950)
    at Wo (https://runtime-assets.adalo.com/static/js/main.79e9a9ca.js:2:4383545)
    at https://runtime-assets.adalo.com/static/js/main.79e9a9ca.js:2:4440547 {"id":"dx862l5uvza6ics9aj30xud64","type":"binding","label":"name","source":{"type":"field","source":{"type":"data","source":null,"tableId":"t_80c852bba70544a6a98079124dfc8e10","dataType":"object","selector":{"type":"CURRENT_USER_SELECTOR"},"datasourceId":"4dba133b22784a13b18b1a791cfdd211"},"fieldId":"name","dataType":"text"},"bindingType":"libraryProp","childBindings":[],"siblingBindings":["82jnplk3ef502gh5ra15iven5","alb6jx052np69houarjepkzxt","d4ccnilspvhusn5vln7fnumoq","e1u2k5uadbzmnwqydjuj41a8s","el4yprrbnqt3re35jo8dnbq8u","a523cf05i53tfa1bas0wgcebu","22a4gatllq388sgqrwk9hg2t6","a9kncdenpdwn86cruysxqr9b8","6mz0b5cugikqk54s5zozthbzy","br9652mqlrwn0h0cretf6p9zx","28us5z1bh4mkf4afr7o4k7rx7","18hbzwi2guish96ccpaonxxk4","1ggvf2r6q7go47x48nu91ucjq","42ksl48yfdoh4nqvc6timfr64","54a7sb35ft40ry0jfk4h0eyko","7h1o8zkry3k0wp4pv0b9wzr15","0ymorhi8eb1nrs3elbg40pr1z","7nbe807feozxlvbrxv7oj75u5","70hnqwp00hw0kge0jgrzr4qf7","9u8oqksftkn3agm4ipoxrsbjx","9ug8uo6o17gleq6ylnj6qavgv","cbmpybstng5h4paecr60bbabe","cgauy5zngx8hftafb99hggnr6","9bh37hevrfmh9j65ey3t5d3jo","0c5zgo2nqaryc6h436fzq1917","9p2sxifrpgjp9fcdjbogo7dpj","5byx6g0lyx65555o4o1mw38zy","0sy2fxg7c83fjpl4lvo6tfrca","7jvkthazbah1b1wn1dcq3mnyb","3x7z0ehqdtk40uxmkcuily2uh","bcd0wc7fh65tlses260mvipw8","8e2q1qbluecvdigvy8zv8paa3","4xchnrnt0ghb5js0a9hcrq4w4","7razvctmyk23l0rd9yiv57sb7","1ngsxv2y81cymdir3xvr6shvl","bak8qlbpq9rlper30e6e2kmbg","czpqup69r43tp8s7bbwzsdnh8","2yexwfwi4p5bmiwdnt7ihq5yl","bl7mk740xtdpww5ry0zu85njs","6hxt8v85e3b3e7ieyj1lyzzwz","e2nh4d93yibu4dlslg6bgmc4a","dtve1dk2jd447mh82v6otn2lz","33a6dundlksh174piduuamiho","18ga0zwqxp8u5efdlsdv82r8d","bwqw1eamimneq8zb7g2an5mid","e7yn04cnn5a3r9ni1gmanib8f","8rarref319wusbtpmj6ysddwn","85nsihg7i4vwig5xk4apauurc","83avks0gii65yn86ol2ykg9jn","77pmx827axqp70xpq5n2fs2iw","akt84ne10f21gvu1zo4a0tnky","crfi8mkht317b5t194gdx4f5y","e0byem1czlsmxycm97vuwkurs","1qc0kbf266t9we5xpxwyzrja6","2mu20s4gvb4upajd4k9v0p4lv"]} @ https://runtime-assets.adalo.com/static/js/main.79e9a9ca.js:1
[   46868ms] [WARNING] SKIPPING ERRONEOUS DEPENDENCY Error: Selector failed: {"type":"CURRENT_USER_SELECTOR"}
    at G (https://runtime-assets.adalo.com/static/js/main.79e9a9ca.js:2:468532)
    at t.getDependencies (https://runtime-assets.adalo.com/static/js/main.79e9a9ca.js:2:467260)
    at w.isManuallyPaginated (https://runtime-assets.adalo.com/static/js/main.79e9a9ca.js:2:348848)
    at w.getTableDataRowsForPage (https://runtime-assets.adalo.com/static/js/main.79e9a9ca.js:2:369833)
    at w.renderPaginationControls (https://runtime-assets.adalo.com/static/js/main.79e9a9ca.js:2:370943)
    at w.render (https://runtime-assets.adalo.com/static/js/main.79e9a9ca.js:2:372453)
    at Ds (https://runtime-assets.adalo.com/static/js/main.79e9a9ca.js:2:4414574)
    at Ls (https://runtime-assets.adalo.com/static/js/main.79e9a9ca.js:2:4414370)
    at Ml (https://runtime-assets.adalo.com/static/js/main.79e9a9ca.js:2:4457902)
    at bu (https://runtime-assets.adalo.com/static/js/main.79e9a9ca.js:2:4446043)
    at vu (https://runtime-assets.adalo.com/static/js/main.79e9a9ca.js:2:4445971)
    at yu (https://runtime-assets.adalo.com/static/js/main.79e9a9ca.js:2:4445834)
    at uu (https://runtime-assets.adalo.com/static/js/main.79e9a9ca.js:2:4442950)
    at Wo (https://runtime-assets.adalo.com/static/js/main.79e9a9ca.js:2:4383545)
    at https://runtime-assets.adalo.com/static/js/main.79e9a9ca.js:2:4440547 {"id":"cbmpybstng5h4paecr60bbabe","type":"binding","label":"name","source":{"type":"field","source":{"type":"data","source":null,"tableId":"t_80c852bba70544a6a98079124dfc8e10","dataType":"object","selector":{"type":"CURRENT_USER_SELECTOR"},"datasourceId":"4dba133b22784a13b18b1a791cfdd211"},"fieldId":"name","dataType":"text"},"bindingType":"libraryProp","childBindings":[],"siblingBindings":["82jnplk3ef502gh5ra15iven5","alb6jx052np69houarjepkzxt","d4ccnilspvhusn5vln7fnumoq","e1u2k5uadbzmnwqydjuj41a8s","el4yprrbnqt3re35jo8dnbq8u","a523cf05i53tfa1bas0wgcebu","22a4gatllq388sgqrwk9hg2t6","a9kncdenpdwn86cruysxqr9b8","6mz0b5cugikqk54s5zozthbzy","br9652mqlrwn0h0cretf6p9zx","28us5z1bh4mkf4afr7o4k7rx7","18hbzwi2guish96ccpaonxxk4","1ggvf2r6q7go47x48nu91ucjq","42ksl48yfdoh4nqvc6timfr64","54a7sb35ft40ry0jfk4h0eyko","7h1o8zkry3k0wp4pv0b9wzr15","0ymorhi8eb1nrs3elbg40pr1z","7nbe807feozxlvbrxv7oj75u5","70hnqwp00hw0kge0jgrzr4qf7","9u8oqksftkn3agm4ipoxrsbjx","9ug8uo6o17gleq6ylnj6qavgv","dx862l5uvza6ics9aj30xud64","cgauy5zngx8hftafb99hggnr6","9bh37hevrfmh9j65ey3t5d3jo","0c5zgo2nqaryc6h436fzq1917","9p2sxifrpgjp9fcdjbogo7dpj","5byx6g0lyx65555o4o1mw38zy","0sy2fxg7c83fjpl4lvo6tfrca","7jvkthazbah1b1wn1dcq3mnyb","3x7z0ehqdtk40uxmkcuily2uh","bcd0wc7fh65tlses260mvipw8","8e2q1qbluecvdigvy8zv8paa3","4xchnrnt0ghb5js0a9hcrq4w4","7razvctmyk23l0rd9yiv57sb7","1ngsxv2y81cymdir3xvr6shvl","bak8qlbpq9rlper30e6e2kmbg","czpqup69r43tp8s7bbwzsdnh8","2yexwfwi4p5bmiwdnt7ihq5yl","bl7mk740xtdpww5ry0zu85njs","6hxt8v85e3b3e7ieyj1lyzzwz","e2nh4d93yibu4dlslg6bgmc4a","dtve1dk2jd447mh82v6otn2lz","33a6dundlksh174piduuamiho","18ga0zwqxp8u5efdlsdv82r8d","bwqw1eamimneq8zb7g2an5mid","e7yn04cnn5a3r9ni1gmanib8f","8rarref319wusbtpmj6ysddwn","85nsihg7i4vwig5xk4apauurc","83avks0gii65yn86ol2ykg9jn","77pmx827axqp70xpq5n2fs2iw","akt84ne10f21gvu1zo4a0tnky","crfi8mkht317b5t194gdx4f5y","e0byem1czlsmxycm97vuwkurs","1qc0kbf266t9we5xpxwyzrja6","2mu20s4gvb4upajd4k9v0p4lv"]} @ https://runtime-assets.adalo.com/static/js/main.79e9a9ca.js:1
[   46869ms] [WARNING] SKIPPING ERRONEOUS DEPENDENCY Error: Selector failed: {"type":"CURRENT_USER_SELECTOR"}
    at G (https://runtime-assets.adalo.com/static/js/main.79e9a9ca.js:2:468532)
    at t.getDependencies (https://runtime-assets.adalo.com/static/js/main.79e9a9ca.js:2:467260)
    at w.isManuallyPaginated (https://runtime-assets.adalo.com/static/js/main.79e9a9ca.js:2:348848)
    at w.getTableDataRowsForPage (https://runtime-assets.adalo.com/static/js/main.79e9a9ca.js:2:369833)
    at w.renderPaginationControls (https://runtime-assets.adalo.com/static/js/main.79e9a9ca.js:2:370943)
    at w.render (https://runtime-assets.adalo.com/static/js/main.79e9a9ca.js:2:372453)
    at Ds (https://runtime-assets.adalo.com/static/js/main.79e9a9ca.js:2:4414574)
    at Ls (https://runtime-assets.adalo.com/static/js/main.79e9a9ca.js:2:4414370)
    at Ml (https://runtime-assets.adalo.com/static/js/main.79e9a9ca.js:2:4457902)
    at bu (https://runtime-assets.adalo.com/static/js/main.79e9a9ca.js:2:4446043)
    at vu (https://runtime-assets.adalo.com/static/js/main.79e9a9ca.js:2:4445971)
    at yu (https://runtime-assets.adalo.com/static/js/main.79e9a9ca.js:2:4445834)
    at uu (https://runtime-assets.adalo.com/static/js/main.79e9a9ca.js:2:4442950)
    at Wo (https://runtime-assets.adalo.com/static/js/main.79e9a9ca.js:2:4383545)
    at https://runtime-assets.adalo.com/static/js/main.79e9a9ca.js:2:4440547 {"id":"dx862l5uvza6ics9aj30xud64","type":"binding","label":"name","source":{"type":"field","source":{"type":"data","source":null,"tableId":"t_80c852bba70544a6a98079124dfc8e10","dataType":"object","selector":{"type":"CURRENT_USER_SELECTOR"},"datasourceId":"4dba133b22784a13b18b1a791cfdd211"},"fieldId":"name","dataType":"text"},"bindingType":"libraryProp","childBindings":[],"siblingBindings":["82jnplk3ef502gh5ra15iven5","alb6jx052np69houarjepkzxt","d4ccnilspvhusn5vln7fnumoq","e1u2k5uadbzmnwqydjuj41a8s","el4yprrbnqt3re35jo8dnbq8u","a523cf05i53tfa1bas0wgcebu","22a4gatllq388sgqrwk9hg2t6","a9kncdenpdwn86cruysxqr9b8","6mz0b5cugikqk54s5zozthbzy","br9652mqlrwn0h0cretf6p9zx","28us5z1bh4mkf4afr7o4k7rx7","18hbzwi2guish96ccpaonxxk4","1ggvf2r6q7go47x48nu91ucjq","42ksl48yfdoh4nqvc6timfr64","54a7sb35ft40ry0jfk4h0eyko","7h1o8zkry3k0wp4pv0b9wzr15","0ymorhi8eb1nrs3elbg40pr1z","7nbe807feozxlvbrxv7oj75u5","70hnqwp00hw0kge0jgrzr4qf7","9u8oqksftkn3agm4ipoxrsbjx","9ug8uo6o17gleq6ylnj6qavgv","cbmpybstng5h4paecr60bbabe","cgauy5zngx8hftafb99hggnr6","9bh37hevrfmh9j65ey3t5d3jo","0c5zgo2nqaryc6h436fzq1917","9p2sxifrpgjp9fcdjbogo7dpj","5byx6g0lyx65555o4o1mw38zy","0sy2fxg7c83fjpl4lvo6tfrca","7jvkthazbah1b1wn1dcq3mnyb","3x7z0ehqdtk40uxmkcuily2uh","bcd0wc7fh65tlses260mvipw8","8e2q1qbluecvdigvy8zv8paa3","4xchnrnt0ghb5js0a9hcrq4w4","7razvctmyk23l0rd9yiv57sb7","1ngsxv2y81cymdir3xvr6shvl","bak8qlbpq9rlper30e6e2kmbg","czpqup69r43tp8s7bbwzsdnh8","2yexwfwi4p5bmiwdnt7ihq5yl","bl7mk740xtdpww5ry0zu85njs","6hxt8v85e3b3e7ieyj1lyzzwz","e2nh4d93yibu4dlslg6bgmc4a","dtve1dk2jd447mh82v6otn2lz","33a6dundlksh174piduuamiho","18ga0zwqxp8u5efdlsdv82r8d","bwqw1eamimneq8zb7g2an5mid","e7yn04cnn5a3r9ni1gmanib8f","8rarref319wusbtpmj6ysddwn","85nsihg7i4vwig5xk4apauurc","83avks0gii65yn86ol2ykg9jn","77pmx827axqp70xpq5n2fs2iw","akt84ne10f21gvu1zo4a0tnky","crfi8mkht317b5t194gdx4f5y","e0byem1czlsmxycm97vuwkurs","1qc0kbf266t9we5xpxwyzrja6","2mu20s4gvb4upajd4k9v0p4lv"]} @ https://runtime-assets.adalo.com/static/js/main.79e9a9ca.js:1
[   46905ms] [WARNING] SKIPPING ERRONEOUS DEPENDENCY Error: Selector failed: {"type":"CURRENT_USER_SELECTOR"}
    at G (https://runtime-assets.adalo.com/static/js/main.79e9a9ca.js:2:468532)
    at t.getDependencies (https://runtime-assets.adalo.com/static/js/main.79e9a9ca.js:2:467260)
    at w.isManuallyPaginated (https://runtime-assets.adalo.com/static/js/main.79e9a9ca.js:2:348848)
    at w.getTableDataRowsForPage (https://runtime-assets.adalo.com/static/js/main.79e9a9ca.js:2:369833)
    at w.getTableDataRows (https://runtime-assets.adalo.com/static/js/main.79e9a9ca.js:2:370168)
    at w.render (https://runtime-assets.adalo.com/static/js/main.79e9a9ca.js:2:371443)
    at Ds (https://runtime-assets.adalo.com/static/js/main.79e9a9ca.js:2:4414574)
    at Ls (https://runtime-assets.adalo.com/static/js/main.79e9a9ca.js:2:4414370)
    at Ml (https://runtime-assets.adalo.com/static/js/main.79e9a9ca.js:2:4457902)
    at bu (https://runtime-assets.adalo.com/static/js/main.79e9a9ca.js:2:4446043)
    at vu (https://runtime-assets.adalo.com/static/js/main.79e9a9ca.js:2:4445971)
    at yu (https://runtime-assets.adalo.com/static/js/main.79e9a9ca.js:2:4445834)
    at au (https://runtime-assets.adalo.com/static/js/main.79e9a9ca.js:2:4440938)
    at S (https://runtime-assets.adalo.com/static/js/main.79e9a9ca.js:2:4731959)
    at I (https://runtime-assets.adalo.com/static/js/main.79e9a9ca.js:2:4732493)
    at O.<computed> (https://runtime-assets.adalo.com/static/js/main.79e9a9ca.js:2:4028835)
    at D (https://runtime-assets.adalo.com/static/js/main.79e9a9ca.js:2:4028604)
    at MessagePort.P (https://runtime-assets.adalo.com/static/js/main.79e9a9ca.js:2:4028663) {"id":"cbmpybstng5h4paecr60bbabe","type":"binding","label":"name","source":{"type":"field","source":{"type":"data","source":null,"tableId":"t_80c852bba70544a6a98079124dfc8e10","dataType":"object","selector":{"type":"CURRENT_USER_SELECTOR"},"datasourceId":"4dba133b22784a13b18b1a791cfdd211"},"fieldId":"name","dataType":"text"},"bindingType":"libraryProp","childBindings":[],"siblingBindings":["82jnplk3ef502gh5ra15iven5","alb6jx052np69houarjepkzxt","d4ccnilspvhusn5vln7fnumoq","e1u2k5uadbzmnwqydjuj41a8s","el4yprrbnqt3re35jo8dnbq8u","a523cf05i53tfa1bas0wgcebu","22a4gatllq388sgqrwk9hg2t6","a9kncdenpdwn86cruysxqr9b8","6mz0b5cugikqk54s5zozthbzy","br9652mqlrwn0h0cretf6p9zx","28us5z1bh4mkf4afr7o4k7rx7","18hbzwi2guish96ccpaonxxk4","1ggvf2r6q7go47x48nu91ucjq","42ksl48yfdoh4nqvc6timfr64","54a7sb35ft40ry0jfk4h0eyko","7h1o8zkry3k0wp4pv0b9wzr15","0ymorhi8eb1nrs3elbg40pr1z","7nbe807feozxlvbrxv7oj75u5","70hnqwp00hw0kge0jgrzr4qf7","9u8oqksftkn3agm4ipoxrsbjx","9ug8uo6o17gleq6ylnj6qavgv","dx862l5uvza6ics9aj30xud64","cgauy5zngx8hftafb99hggnr6","9bh37hevrfmh9j65ey3t5d3jo","0c5zgo2nqaryc6h436fzq1917","9p2sxifrpgjp9fcdjbogo7dpj","5byx6g0lyx65555o4o1mw38zy","0sy2fxg7c83fjpl4lvo6tfrca","7jvkthazbah1b1wn1dcq3mnyb","3x7z0ehqdtk40uxmkcuily2uh","bcd0wc7fh65tlses260mvipw8","8e2q1qbluecvdigvy8zv8paa3","4xchnrnt0ghb5js0a9hcrq4w4","7razvctmyk23l0rd9yiv57sb7","1ngsxv2y81cymdir3xvr6shvl","bak8qlbpq9rlper30e6e2kmbg","czpqup69r43tp8s7bbwzsdnh8","2yexwfwi4p5bmiwdnt7ihq5yl","bl7mk740xtdpww5ry0zu85njs","6hxt8v85e3b3e7ieyj1lyzzwz","e2nh4d93yibu4dlslg6bgmc4a","dtve1dk2jd447mh82v6otn2lz","33a6dundlksh174piduuamiho","18ga0zwqxp8u5efdlsdv82r8d","bwqw1eamimneq8zb7g2an5mid","e7yn04cnn5a3r9ni1gmanib8f","8rarref319wusbtpmj6ysddwn","85nsihg7i4vwig5xk4apauurc","83avks0gii65yn86ol2ykg9jn","77pmx827axqp70xpq5n2fs2iw","akt84ne10f21gvu1zo4a0tnky","crfi8mkht317b5t194gdx4f5y","e0byem1czlsmxycm97vuwkurs","1qc0kbf266t9we5xpxwyzrja6","2mu20s4gvb4upajd4k9v0p4lv"]} @ https://runtime-assets.adalo.com/static/js/main.79e9a9ca.js:1
[   46905ms] [WARNING] SKIPPING ERRONEOUS DEPENDENCY Error: Selector failed: {"type":"CURRENT_USER_SELECTOR"}
    at G (https://runtime-assets.adalo.com/static/js/main.79e9a9ca.js:2:468532)
    at t.getDependencies (https://runtime-assets.adalo.com/static/js/main.79e9a9ca.js:2:467260)
    at w.isManuallyPaginated (https://runtime-assets.adalo.com/static/js/main.79e9a9ca.js:2:348848)
    at w.getTableDataRowsForPage (https://runtime-assets.adalo.com/static/js/main.79e9a9ca.js:2:369833)
    at w.getTableDataRows (https://runtime-assets.adalo.com/static/js/main.79e9a9ca.js:2:370168)
    at w.render (https://runtime-assets.adalo.com/static/js/main.79e9a9ca.js:2:371443)
    at Ds (https://runtime-assets.adalo.com/static/js/main.79e9a9ca.js:2:4414574)
    at Ls (https://runtime-assets.adalo.com/static/js/main.79e9a9ca.js:2:4414370)
    at Ml (https://runtime-assets.adalo.com/static/js/main.79e9a9ca.js:2:4457902)
    at bu (https://runtime-assets.adalo.com/static/js/main.79e9a9ca.js:2:4446043)
    at vu (https://runtime-assets.adalo.com/static/js/main.79e9a9ca.js:2:4445971)
    at yu (https://runtime-assets.adalo.com/static/js/main.79e9a9ca.js:2:4445834)
    at au (https://runtime-assets.adalo.com/static/js/main.79e9a9ca.js:2:4440938)
    at S (https://runtime-assets.adalo.com/static/js/main.79e9a9ca.js:2:4731959)
    at I (https://runtime-assets.adalo.com/static/js/main.79e9a9ca.js:2:4732493)
    at O.<computed> (https://runtime-assets.adalo.com/static/js/main.79e9a9ca.js:2:4028835)
    at D (https://runtime-assets.adalo.com/static/js/main.79e9a9ca.js:2:4028604)
    at MessagePort.P (https://runtime-assets.adalo.com/static/js/main.79e9a9ca.js:2:4028663) {"id":"dx862l5uvza6ics9aj30xud64","type":"binding","label":"name","source":{"type":"field","source":{"type":"data","source":null,"tableId":"t_80c852bba70544a6a98079124dfc8e10","dataType":"object","selector":{"type":"CURRENT_USER_SELECTOR"},"datasourceId":"4dba133b22784a13b18b1a791cfdd211"},"fieldId":"name","dataType":"text"},"bindingType":"libraryProp","childBindings":[],"siblingBindings":["82jnplk3ef502gh5ra15iven5","alb6jx052np69houarjepkzxt","d4ccnilspvhusn5vln7fnumoq","e1u2k5uadbzmnwqydjuj41a8s","el4yprrbnqt3re35jo8dnbq8u","a523cf05i53tfa1bas0wgcebu","22a4gatllq388sgqrwk9hg2t6","a9kncdenpdwn86cruysxqr9b8","6mz0b5cugikqk54s5zozthbzy","br9652mqlrwn0h0cretf6p9zx","28us5z1bh4mkf4afr7o4k7rx7","18hbzwi2guish96ccpaonxxk4","1ggvf2r6q7go47x48nu91ucjq","42ksl48yfdoh4nqvc6timfr64","54a7sb35ft40ry0jfk4h0eyko","7h1o8zkry3k0wp4pv0b9wzr15","0ymorhi8eb1nrs3elbg40pr1z","7nbe807feozxlvbrxv7oj75u5","70hnqwp00hw0kge0jgrzr4qf7","9u8oqksftkn3agm4ipoxrsbjx","9ug8uo6o17gleq6ylnj6qavgv","cbmpybstng5h4paecr60bbabe","cgauy5zngx8hftafb99hggnr6","9bh37hevrfmh9j65ey3t5d3jo","0c5zgo2nqaryc6h436fzq1917","9p2sxifrpgjp9fcdjbogo7dpj","5byx6g0lyx65555o4o1mw38zy","0sy2fxg7c83fjpl4lvo6tfrca","7jvkthazbah1b1wn1dcq3mnyb","3x7z0ehqdtk40uxmkcuily2uh","bcd0wc7fh65tlses260mvipw8","8e2q1qbluecvdigvy8zv8paa3","4xchnrnt0ghb5js0a9hcrq4w4","7razvctmyk23l0rd9yiv57sb7","1ngsxv2y81cymdir3xvr6shvl","bak8qlbpq9rlper30e6e2kmbg","czpqup69r43tp8s7bbwzsdnh8","2yexwfwi4p5bmiwdnt7ihq5yl","bl7mk740xtdpww5ry0zu85njs","6hxt8v85e3b3e7ieyj1lyzzwz","e2nh4d93yibu4dlslg6bgmc4a","dtve1dk2jd447mh82v6otn2lz","33a6dundlksh174piduuamiho","18ga0zwqxp8u5efdlsdv82r8d","bwqw1eamimneq8zb7g2an5mid","e7yn04cnn5a3r9ni1gmanib8f","8rarref319wusbtpmj6ysddwn","85nsihg7i4vwig5xk4apauurc","83avks0gii65yn86ol2ykg9jn","77pmx827axqp70xpq5n2fs2iw","akt84ne10f21gvu1zo4a0tnky","crfi8mkht317b5t194gdx4f5y","e0byem1czlsmxycm97vuwkurs","1qc0kbf266t9we5xpxwyzrja6","2mu20s4gvb4upajd4k9v0p4lv"]} @ https://runtime-assets.adalo.com/static/js/main.79e9a9ca.js:1
[   46907ms] [WARNING] SKIPPING ERRONEOUS DEPENDENCY Error: Selector failed: {"type":"CURRENT_USER_SELECTOR"}
    at G (https://runtime-assets.adalo.com/static/js/main.79e9a9ca.js:2:468532)
    at t.getDependencies (https://runtime-assets.adalo.com/static/js/main.79e9a9ca.js:2:467260)
    at w.isManuallyPaginated (https://runtime-assets.adalo.com/static/js/main.79e9a9ca.js:2:348848)
    at w.renderPaginationControls (https://runtime-assets.adalo.com/static/js/main.79e9a9ca.js:2:370838)
    at w.render (https://runtime-assets.adalo.com/static/js/main.79e9a9ca.js:2:372453)
    at Ds (https://runtime-assets.adalo.com/static/js/main.79e9a9ca.js:2:4414574)
    at Ls (https://runtime-assets.adalo.com/static/js/main.79e9a9ca.js:2:4414370)
    at Ml (https://runtime-assets.adalo.com/static/js/main.79e9a9ca.js:2:4457902)
    at bu (https://runtime-assets.adalo.com/static/js/main.79e9a9ca.js:2:4446043)
    at vu (https://runtime-assets.adalo.com/static/js/main.79e9a9ca.js:2:4445971)
    at yu (https://runtime-assets.adalo.com/static/js/main.79e9a9ca.js:2:4445834)
    at au (https://runtime-assets.adalo.com/static/js/main.79e9a9ca.js:2:4440938)
    at S (https://runtime-assets.adalo.com/static/js/main.79e9a9ca.js:2:4731959)
    at I (https://runtime-assets.adalo.com/static/js/main.79e9a9ca.js:2:4732493)
    at O.<computed> (https://runtime-assets.adalo.com/static/js/main.79e9a9ca.js:2:4028835)
    at D (https://runtime-assets.adalo.com/static/js/main.79e9a9ca.js:2:4028604)
    at MessagePort.P (https://runtime-assets.adalo.com/static/js/main.79e9a9ca.js:2:4028663) {"id":"cbmpybstng5h4paecr60bbabe","type":"binding","label":"name","source":{"type":"field","source":{"type":"data","source":null,"tableId":"t_80c852bba70544a6a98079124dfc8e10","dataType":"object","selector":{"type":"CURRENT_USER_SELECTOR"},"datasourceId":"4dba133b22784a13b18b1a791cfdd211"},"fieldId":"name","dataType":"text"},"bindingType":"libraryProp","childBindings":[],"siblingBindings":["82jnplk3ef502gh5ra15iven5","alb6jx052np69houarjepkzxt","d4ccnilspvhusn5vln7fnumoq","e1u2k5uadbzmnwqydjuj41a8s","el4yprrbnqt3re35jo8dnbq8u","a523cf05i53tfa1bas0wgcebu","22a4gatllq388sgqrwk9hg2t6","a9kncdenpdwn86cruysxqr9b8","6mz0b5cugikqk54s5zozthbzy","br9652mqlrwn0h0cretf6p9zx","28us5z1bh4mkf4afr7o4k7rx7","18hbzwi2guish96ccpaonxxk4","1ggvf2r6q7go47x48nu91ucjq","42ksl48yfdoh4nqvc6timfr64","54a7sb35ft40ry0jfk4h0eyko","7h1o8zkry3k0wp4pv0b9wzr15","0ymorhi8eb1nrs3elbg40pr1z","7nbe807feozxlvbrxv7oj75u5","70hnqwp00hw0kge0jgrzr4qf7","9u8oqksftkn3agm4ipoxrsbjx","9ug8uo6o17gleq6ylnj6qavgv","dx862l5uvza6ics9aj30xud64","cgauy5zngx8hftafb99hggnr6","9bh37hevrfmh9j65ey3t5d3jo","0c5zgo2nqaryc6h436fzq1917","9p2sxifrpgjp9fcdjbogo7dpj","5byx6g0lyx65555o4o1mw38zy","0sy2fxg7c83fjpl4lvo6tfrca","7jvkthazbah1b1wn1dcq3mnyb","3x7z0ehqdtk40uxmkcuily2uh","bcd0wc7fh65tlses260mvipw8","8e2q1qbluecvdigvy8zv8paa3","4xchnrnt0ghb5js0a9hcrq4w4","7razvctmyk23l0rd9yiv57sb7","1ngsxv2y81cymdir3xvr6shvl","bak8qlbpq9rlper30e6e2kmbg","czpqup69r43tp8s7bbwzsdnh8","2yexwfwi4p5bmiwdnt7ihq5yl","bl7mk740xtdpww5ry0zu85njs","6hxt8v85e3b3e7ieyj1lyzzwz","e2nh4d93yibu4dlslg6bgmc4a","dtve1dk2jd447mh82v6otn2lz","33a6dundlksh174piduuamiho","18ga0zwqxp8u5efdlsdv82r8d","bwqw1eamimneq8zb7g2an5mid","e7yn04cnn5a3r9ni1gmanib8f","8rarref319wusbtpmj6ysddwn","85nsihg7i4vwig5xk4apauurc","83avks0gii65yn86ol2ykg9jn","77pmx827axqp70xpq5n2fs2iw","akt84ne10f21gvu1zo4a0tnky","crfi8mkht317b5t194gdx4f5y","e0byem1czlsmxycm97vuwkurs","1qc0kbf266t9we5xpxwyzrja6","2mu20s4gvb4upajd4k9v0p4lv"]} @ https://runtime-assets.adalo.com/static/js/main.79e9a9ca.js:1
[   46907ms] [WARNING] SKIPPING ERRONEOUS DEPENDENCY Error: Selector failed: {"type":"CURRENT_USER_SELECTOR"}
    at G (https://runtime-assets.adalo.com/static/js/main.79e9a9ca.js:2:468532)
    at t.getDependencies (https://runtime-assets.adalo.com/static/js/main.79e9a9ca.js:2:467260)
    at w.isManuallyPaginated (https://runtime-assets.adalo.com/static/js/main.79e9a9ca.js:2:348848)
    at w.renderPaginationControls (https://runtime-assets.adalo.com/static/js/main.79e9a9ca.js:2:370838)
    at w.render (https://runtime-assets.adalo.com/static/js/main.79e9a9ca.js:2:372453)
    at Ds (https://runtime-assets.adalo.com/static/js/main.79e9a9ca.js:2:4414574)
    at Ls (https://runtime-assets.adalo.com/static/js/main.79e9a9ca.js:2:4414370)
    at Ml (https://runtime-assets.adalo.com/static/js/main.79e9a9ca.js:2:4457902)
    at bu (https://runtime-assets.adalo.com/static/js/main.79e9a9ca.js:2:4446043)
    at vu (https://runtime-assets.adalo.com/static/js/main.79e9a9ca.js:2:4445971)
    at yu (https://runtime-assets.adalo.com/static/js/main.79e9a9ca.js:2:4445834)
    at au (https://runtime-assets.adalo.com/static/js/main.79e9a9ca.js:2:4440938)
    at S (https://runtime-assets.adalo.com/static/js/main.79e9a9ca.js:2:4731959)
    at I (https://runtime-assets.adalo.com/static/js/main.79e9a9ca.js:2:4732493)
    at O.<computed> (https://runtime-assets.adalo.com/static/js/main.79e9a9ca.js:2:4028835)
    at D (https://runtime-assets.adalo.com/static/js/main.79e9a9ca.js:2:4028604)
    at MessagePort.P (https://runtime-assets.adalo.com/static/js/main.79e9a9ca.js:2:4028663) {"id":"dx862l5uvza6ics9aj30xud64","type":"binding","label":"name","source":{"type":"field","source":{"type":"data","source":null,"tableId":"t_80c852bba70544a6a98079124dfc8e10","dataType":"object","selector":{"type":"CURRENT_USER_SELECTOR"},"datasourceId":"4dba133b22784a13b18b1a791cfdd211"},"fieldId":"name","dataType":"text"},"bindingType":"libraryProp","childBindings":[],"siblingBindings":["82jnplk3ef502gh5ra15iven5","alb6jx052np69houarjepkzxt","d4ccnilspvhusn5vln7fnumoq","e1u2k5uadbzmnwqydjuj41a8s","el4yprrbnqt3re35jo8dnbq8u","a523cf05i53tfa1bas0wgcebu","22a4gatllq388sgqrwk9hg2t6","a9kncdenpdwn86cruysxqr9b8","6mz0b5cugikqk54s5zozthbzy","br9652mqlrwn0h0cretf6p9zx","28us5z1bh4mkf4afr7o4k7rx7","18hbzwi2guish96ccpaonxxk4","1ggvf2r6q7go47x48nu91ucjq","42ksl48yfdoh4nqvc6timfr64","54a7sb35ft40ry0jfk4h0eyko","7h1o8zkry3k0wp4pv0b9wzr15","0ymorhi8eb1nrs3elbg40pr1z","7nbe807feozxlvbrxv7oj75u5","70hnqwp00hw0kge0jgrzr4qf7","9u8oqksftkn3agm4ipoxrsbjx","9ug8uo6o17gleq6ylnj6qavgv","cbmpybstng5h4paecr60bbabe","cgauy5zngx8hftafb99hggnr6","9bh37hevrfmh9j65ey3t5d3jo","0c5zgo2nqaryc6h436fzq1917","9p2sxifrpgjp9fcdjbogo7dpj","5byx6g0lyx65555o4o1mw38zy","0sy2fxg7c83fjpl4lvo6tfrca","7jvkthazbah1b1wn1dcq3mnyb","3x7z0ehqdtk40uxmkcuily2uh","bcd0wc7fh65tlses260mvipw8","8e2q1qbluecvdigvy8zv8paa3","4xchnrnt0ghb5js0a9hcrq4w4","7razvctmyk23l0rd9yiv57sb7","1ngsxv2y81cymdir3xvr6shvl","bak8qlbpq9rlper30e6e2kmbg","czpqup69r43tp8s7bbwzsdnh8","2yexwfwi4p5bmiwdnt7ihq5yl","bl7mk740xtdpww5ry0zu85njs","6hxt8v85e3b3e7ieyj1lyzzwz","e2nh4d93yibu4dlslg6bgmc4a","dtve1dk2jd447mh82v6otn2lz","33a6dundlksh174piduuamiho","18ga0zwqxp8u5efdlsdv82r8d","bwqw1eamimneq8zb7g2an5mid","e7yn04cnn5a3r9ni1gmanib8f","8rarref319wusbtpmj6ysddwn","85nsihg7i4vwig5xk4apauurc","83avks0gii65yn86ol2ykg9jn","77pmx827axqp70xpq5n2fs2iw","akt84ne10f21gvu1zo4a0tnky","crfi8mkht317b5t194gdx4f5y","e0byem1czlsmxycm97vuwkurs","1qc0kbf266t9we5xpxwyzrja6","2mu20s4gvb4upajd4k9v0p4lv"]} @ https://runtime-assets.adalo.com/static/js/main.79e9a9ca.js:1
[   46909ms] [WARNING] SKIPPING ERRONEOUS DEPENDENCY Error: Selector failed: {"type":"CURRENT_USER_SELECTOR"}
    at G (https://runtime-assets.adalo.com/static/js/main.79e9a9ca.js:2:468532)
    at t.getDependencies (https://runtime-assets.adalo.com/static/js/main.79e9a9ca.js:2:467260)
    at w.isManuallyPaginated (https://runtime-assets.adalo.com/static/js/main.79e9a9ca.js:2:348848)
    at w.getTableDataRowsForPage (https://runtime-assets.adalo.com/static/js/main.79e9a9ca.js:2:369833)
    at w.renderPaginationControls (https://runtime-assets.adalo.com/static/js/main.79e9a9ca.js:2:370943)
    at w.render (https://runtime-assets.adalo.com/static/js/main.79e9a9ca.js:2:372453)
    at Ds (https://runtime-assets.adalo.com/static/js/main.79e9a9ca.js:2:4414574)
    at Ls (https://runtime-assets.adalo.com/static/js/main.79e9a9ca.js:2:4414370)
    at Ml (https://runtime-assets.adalo.com/static/js/main.79e9a9ca.js:2:4457902)
    at bu (https://runtime-assets.adalo.com/static/js/main.79e9a9ca.js:2:4446043)
    at vu (https://runtime-assets.adalo.com/static/js/main.79e9a9ca.js:2:4445971)
    at yu (https://runtime-assets.adalo.com/static/js/main.79e9a9ca.js:2:4445834)
    at au (https://runtime-assets.adalo.com/static/js/main.79e9a9ca.js:2:4440938)
    at S (https://runtime-assets.adalo.com/static/js/main.79e9a9ca.js:2:4731959)
    at I (https://runtime-assets.adalo.com/static/js/main.79e9a9ca.js:2:4732493)
    at O.<computed> (https://runtime-assets.adalo.com/static/js/main.79e9a9ca.js:2:4028835)
    at D (https://runtime-assets.adalo.com/static/js/main.79e9a9ca.js:2:4028604)
    at MessagePort.P (https://runtime-assets.adalo.com/static/js/main.79e9a9ca.js:2:4028663) {"id":"cbmpybstng5h4paecr60bbabe","type":"binding","label":"name","source":{"type":"field","source":{"type":"data","source":null,"tableId":"t_80c852bba70544a6a98079124dfc8e10","dataType":"object","selector":{"type":"CURRENT_USER_SELECTOR"},"datasourceId":"4dba133b22784a13b18b1a791cfdd211"},"fieldId":"name","dataType":"text"},"bindingType":"libraryProp","childBindings":[],"siblingBindings":["82jnplk3ef502gh5ra15iven5","alb6jx052np69houarjepkzxt","d4ccnilspvhusn5vln7fnumoq","e1u2k5uadbzmnwqydjuj41a8s","el4yprrbnqt3re35jo8dnbq8u","a523cf05i53tfa1bas0wgcebu","22a4gatllq388sgqrwk9hg2t6","a9kncdenpdwn86cruysxqr9b8","6mz0b5cugikqk54s5zozthbzy","br9652mqlrwn0h0cretf6p9zx","28us5z1bh4mkf4afr7o4k7rx7","18hbzwi2guish96ccpaonxxk4","1ggvf2r6q7go47x48nu91ucjq","42ksl48yfdoh4nqvc6timfr64","54a7sb35ft40ry0jfk4h0eyko","7h1o8zkry3k0wp4pv0b9wzr15","0ymorhi8eb1nrs3elbg40pr1z","7nbe807feozxlvbrxv7oj75u5","70hnqwp00hw0kge0jgrzr4qf7","9u8oqksftkn3agm4ipoxrsbjx","9ug8uo6o17gleq6ylnj6qavgv","dx862l5uvza6ics9aj30xud64","cgauy5zngx8hftafb99hggnr6","9bh37hevrfmh9j65ey3t5d3jo","0c5zgo2nqaryc6h436fzq1917","9p2sxifrpgjp9fcdjbogo7dpj","5byx6g0lyx65555o4o1mw38zy","0sy2fxg7c83fjpl4lvo6tfrca","7jvkthazbah1b1wn1dcq3mnyb","3x7z0ehqdtk40uxmkcuily2uh","bcd0wc7fh65tlses260mvipw8","8e2q1qbluecvdigvy8zv8paa3","4xchnrnt0ghb5js0a9hcrq4w4","7razvctmyk23l0rd9yiv57sb7","1ngsxv2y81cymdir3xvr6shvl","bak8qlbpq9rlper30e6e2kmbg","czpqup69r43tp8s7bbwzsdnh8","2yexwfwi4p5bmiwdnt7ihq5yl","bl7mk740xtdpww5ry0zu85njs","6hxt8v85e3b3e7ieyj1lyzzwz","e2nh4d93yibu4dlslg6bgmc4a","dtve1dk2jd447mh82v6otn2lz","33a6dundlksh174piduuamiho","18ga0zwqxp8u5efdlsdv82r8d","bwqw1eamimneq8zb7g2an5mid","e7yn04cnn5a3r9ni1gmanib8f","8rarref319wusbtpmj6ysddwn","85nsihg7i4vwig5xk4apauurc","83avks0gii65yn86ol2ykg9jn","77pmx827axqp70xpq5n2fs2iw","akt84ne10f21gvu1zo4a0tnky","crfi8mkht317b5t194gdx4f5y","e0byem1czlsmxycm97vuwkurs","1qc0kbf266t9we5xpxwyzrja6","2mu20s4gvb4upajd4k9v0p4lv"]} @ https://runtime-assets.adalo.com/static/js/main.79e9a9ca.js:1
[   46909ms] [WARNING] SKIPPING ERRONEOUS DEPENDENCY Error: Selector failed: {"type":"CURRENT_USER_SELECTOR"}
    at G (https://runtime-assets.adalo.com/static/js/main.79e9a9ca.js:2:468532)
    at t.getDependencies (https://runtime-assets.adalo.com/static/js/main.79e9a9ca.js:2:467260)
    at w.isManuallyPaginated (https://runtime-assets.adalo.com/static/js/main.79e9a9ca.js:2:348848)
    at w.getTableDataRowsForPage (https://runtime-assets.adalo.com/static/js/main.79e9a9ca.js:2:369833)
    at w.renderPaginationControls (https://runtime-assets.adalo.com/static/js/main.79e9a9ca.js:2:370943)
    at w.render (https://runtime-assets.adalo.com/static/js/main.79e9a9ca.js:2:372453)
    at Ds (https://runtime-assets.adalo.com/static/js/main.79e9a9ca.js:2:4414574)
    at Ls (https://runtime-assets.adalo.com/static/js/main.79e9a9ca.js:2:4414370)
    at Ml (https://runtime-assets.adalo.com/static/js/main.79e9a9ca.js:2:4457902)
    at bu (https://runtime-assets.adalo.com/static/js/main.79e9a9ca.js:2:4446043)
    at vu (https://runtime-assets.adalo.com/static/js/main.79e9a9ca.js:2:4445971)
    at yu (https://runtime-assets.adalo.com/static/js/main.79e9a9ca.js:2:4445834)
    at au (https://runtime-assets.adalo.com/static/js/main.79e9a9ca.js:2:4440938)
    at S (https://runtime-assets.adalo.com/static/js/main.79e9a9ca.js:2:4731959)
    at I (https://runtime-assets.adalo.com/static/js/main.79e9a9ca.js:2:4732493)
    at O.<computed> (https://runtime-assets.adalo.com/static/js/main.79e9a9ca.js:2:4028835)
    at D (https://runtime-assets.adalo.com/static/js/main.79e9a9ca.js:2:4028604)
    at MessagePort.P (https://runtime-assets.adalo.com/static/js/main.79e9a9ca.js:2:4028663) {"id":"dx862l5uvza6ics9aj30xud64","type":"binding","label":"name","source":{"type":"field","source":{"type":"data","source":null,"tableId":"t_80c852bba70544a6a98079124dfc8e10","dataType":"object","selector":{"type":"CURRENT_USER_SELECTOR"},"datasourceId":"4dba133b22784a13b18b1a791cfdd211"},"fieldId":"name","dataType":"text"},"bindingType":"libraryProp","childBindings":[],"siblingBindings":["82jnplk3ef502gh5ra15iven5","alb6jx052np69houarjepkzxt","d4ccnilspvhusn5vln7fnumoq","e1u2k5uadbzmnwqydjuj41a8s","el4yprrbnqt3re35jo8dnbq8u","a523cf05i53tfa1bas0wgcebu","22a4gatllq388sgqrwk9hg2t6","a9kncdenpdwn86cruysxqr9b8","6mz0b5cugikqk54s5zozthbzy","br9652mqlrwn0h0cretf6p9zx","28us5z1bh4mkf4afr7o4k7rx7","18hbzwi2guish96ccpaonxxk4","1ggvf2r6q7go47x48nu91ucjq","42ksl48yfdoh4nqvc6timfr64","54a7sb35ft40ry0jfk4h0eyko","7h1o8zkry3k0wp4pv0b9wzr15","0ymorhi8eb1nrs3elbg40pr1z","7nbe807feozxlvbrxv7oj75u5","70hnqwp00hw0kge0jgrzr4qf7","9u8oqksftkn3agm4ipoxrsbjx","9ug8uo6o17gleq6ylnj6qavgv","cbmpybstng5h4paecr60bbabe","cgauy5zngx8hftafb99hggnr6","9bh37hevrfmh9j65ey3t5d3jo","0c5zgo2nqaryc6h436fzq1917","9p2sxifrpgjp9fcdjbogo7dpj","5byx6g0lyx65555o4o1mw38zy","0sy2fxg7c83fjpl4lvo6tfrca","7jvkthazbah1b1wn1dcq3mnyb","3x7z0ehqdtk40uxmkcuily2uh","bcd0wc7fh65tlses260mvipw8","8e2q1qbluecvdigvy8zv8paa3","4xchnrnt0ghb5js0a9hcrq4w4","7razvctmyk23l0rd9yiv57sb7","1ngsxv2y81cymdir3xvr6shvl","bak8qlbpq9rlper30e6e2kmbg","czpqup69r43tp8s7bbwzsdnh8","2yexwfwi4p5bmiwdnt7ihq5yl","bl7mk740xtdpww5ry0zu85njs","6hxt8v85e3b3e7ieyj1lyzzwz","e2nh4d93yibu4dlslg6bgmc4a","dtve1dk2jd447mh82v6otn2lz","33a6dundlksh174piduuamiho","18ga0zwqxp8u5efdlsdv82r8d","bwqw1eamimneq8zb7g2an5mid","e7yn04cnn5a3r9ni1gmanib8f","8rarref319wusbtpmj6ysddwn","85nsihg7i4vwig5xk4apauurc","83avks0gii65yn86ol2ykg9jn","77pmx827axqp70xpq5n2fs2iw","akt84ne10f21gvu1zo4a0tnky","crfi8mkht317b5t194gdx4f5y","e0byem1czlsmxycm97vuwkurs","1qc0kbf266t9we5xpxwyzrja6","2mu20s4gvb4upajd4k9v0p4lv"]} @ https://runtime-assets.adalo.com/static/js/main.79e9a9ca.js:1
[   46982ms] [WARNING] SKIPPING ERRONEOUS DEPENDENCY Error: Selector failed: {"type":"CURRENT_USER_SELECTOR"}
    at G (https://runtime-assets.adalo.com/static/js/main.79e9a9ca.js:2:468532)
    at t.getDependencies (https://runtime-assets.adalo.com/static/js/main.79e9a9ca.js:2:467260)
    at w.isManuallyPaginated (https://runtime-assets.adalo.com/static/js/main.79e9a9ca.js:2:348848)
    at w.getTableDataRowsForPage (https://runtime-assets.adalo.com/static/js/main.79e9a9ca.js:2:369833)
    at w.getTableDataRows (https://runtime-assets.adalo.com/static/js/main.79e9a9ca.js:2:370168)
    at w.render (https://runtime-assets.adalo.com/static/js/main.79e9a9ca.js:2:371443)
    at Ds (https://runtime-assets.adalo.com/static/js/main.79e9a9ca.js:2:4414574)
    at Ls (https://runtime-assets.adalo.com/static/js/main.79e9a9ca.js:2:4414370)
    at Ml (https://runtime-assets.adalo.com/static/js/main.79e9a9ca.js:2:4457902)
    at bu (https://runtime-assets.adalo.com/static/js/main.79e9a9ca.js:2:4446043)
    at vu (https://runtime-assets.adalo.com/static/js/main.79e9a9ca.js:2:4445971)
    at yu (https://runtime-assets.adalo.com/static/js/main.79e9a9ca.js:2:4445834)
    at uu (https://runtime-assets.adalo.com/static/js/main.79e9a9ca.js:2:4442950)
    at Wo (https://runtime-assets.adalo.com/static/js/main.79e9a9ca.js:2:4383545)
    at https://runtime-assets.adalo.com/static/js/main.79e9a9ca.js:2:4440547 {"id":"cbmpybstng5h4paecr60bbabe","type":"binding","label":"name","source":{"type":"field","source":{"type":"data","source":null,"tableId":"t_80c852bba70544a6a98079124dfc8e10","dataType":"object","selector":{"type":"CURRENT_USER_SELECTOR"},"datasourceId":"4dba133b22784a13b18b1a791cfdd211"},"fieldId":"name","dataType":"text"},"bindingType":"libraryProp","childBindings":[],"siblingBindings":["82jnplk3ef502gh5ra15iven5","alb6jx052np69houarjepkzxt","d4ccnilspvhusn5vln7fnumoq","e1u2k5uadbzmnwqydjuj41a8s","el4yprrbnqt3re35jo8dnbq8u","a523cf05i53tfa1bas0wgcebu","22a4gatllq388sgqrwk9hg2t6","a9kncdenpdwn86cruysxqr9b8","6mz0b5cugikqk54s5zozthbzy","br9652mqlrwn0h0cretf6p9zx","28us5z1bh4mkf4afr7o4k7rx7","18hbzwi2guish96ccpaonxxk4","1ggvf2r6q7go47x48nu91ucjq","42ksl48yfdoh4nqvc6timfr64","54a7sb35ft40ry0jfk4h0eyko","7h1o8zkry3k0wp4pv0b9wzr15","0ymorhi8eb1nrs3elbg40pr1z","7nbe807feozxlvbrxv7oj75u5","70hnqwp00hw0kge0jgrzr4qf7","9u8oqksftkn3agm4ipoxrsbjx","9ug8uo6o17gleq6ylnj6qavgv","dx862l5uvza6ics9aj30xud64","cgauy5zngx8hftafb99hggnr6","9bh37hevrfmh9j65ey3t5d3jo","0c5zgo2nqaryc6h436fzq1917","9p2sxifrpgjp9fcdjbogo7dpj","5byx6g0lyx65555o4o1mw38zy","0sy2fxg7c83fjpl4lvo6tfrca","7jvkthazbah1b1wn1dcq3mnyb","3x7z0ehqdtk40uxmkcuily2uh","bcd0wc7fh65tlses260mvipw8","8e2q1qbluecvdigvy8zv8paa3","4xchnrnt0ghb5js0a9hcrq4w4","7razvctmyk23l0rd9yiv57sb7","1ngsxv2y81cymdir3xvr6shvl","bak8qlbpq9rlper30e6e2kmbg","czpqup69r43tp8s7bbwzsdnh8","2yexwfwi4p5bmiwdnt7ihq5yl","bl7mk740xtdpww5ry0zu85njs","6hxt8v85e3b3e7ieyj1lyzzwz","e2nh4d93yibu4dlslg6bgmc4a","dtve1dk2jd447mh82v6otn2lz","33a6dundlksh174piduuamiho","18ga0zwqxp8u5efdlsdv82r8d","bwqw1eamimneq8zb7g2an5mid","e7yn04cnn5a3r9ni1gmanib8f","8rarref319wusbtpmj6ysddwn","85nsihg7i4vwig5xk4apauurc","83avks0gii65yn86ol2ykg9jn","77pmx827axqp70xpq5n2fs2iw","akt84ne10f21gvu1zo4a0tnky","crfi8mkht317b5t194gdx4f5y","e0byem1czlsmxycm97vuwkurs","1qc0kbf266t9we5xpxwyzrja6","2mu20s4gvb4upajd4k9v0p4lv"]} @ https://runtime-assets.adalo.com/static/js/main.79e9a9ca.js:1
[   46983ms] [WARNING] SKIPPING ERRONEOUS DEPENDENCY Error: Selector failed: {"type":"CURRENT_USER_SELECTOR"}
    at G (https://runtime-assets.adalo.com/static/js/main.79e9a9ca.js:2:468532)
    at t.getDependencies (https://runtime-assets.adalo.com/static/js/main.79e9a9ca.js:2:467260)
    at w.isManuallyPaginated (https://runtime-assets.adalo.com/static/js/main.79e9a9ca.js:2:348848)
    at w.getTableDataRowsForPage (https://runtime-assets.adalo.com/static/js/main.79e9a9ca.js:2:369833)
    at w.getTableDataRows (https://runtime-assets.adalo.com/static/js/main.79e9a9ca.js:2:370168)
    at w.render (https://runtime-assets.adalo.com/static/js/main.79e9a9ca.js:2:371443)
    at Ds (https://runtime-assets.adalo.com/static/js/main.79e9a9ca.js:2:4414574)
    at Ls (https://runtime-assets.adalo.com/static/js/main.79e9a9ca.js:2:4414370)
    at Ml (https://runtime-assets.adalo.com/static/js/main.79e9a9ca.js:2:4457902)
    at bu (https://runtime-assets.adalo.com/static/js/main.79e9a9ca.js:2:4446043)
    at vu (https://runtime-assets.adalo.com/static/js/main.79e9a9ca.js:2:4445971)
    at yu (https://runtime-assets.adalo.com/static/js/main.79e9a9ca.js:2:4445834)
    at uu (https://runtime-assets.adalo.com/static/js/main.79e9a9ca.js:2:4442950)
    at Wo (https://runtime-assets.adalo.com/static/js/main.79e9a9ca.js:2:4383545)
    at https://runtime-assets.adalo.com/static/js/main.79e9a9ca.js:2:4440547 {"id":"dx862l5uvza6ics9aj30xud64","type":"binding","label":"name","source":{"type":"field","source":{"type":"data","source":null,"tableId":"t_80c852bba70544a6a98079124dfc8e10","dataType":"object","selector":{"type":"CURRENT_USER_SELECTOR"},"datasourceId":"4dba133b22784a13b18b1a791cfdd211"},"fieldId":"name","dataType":"text"},"bindingType":"libraryProp","childBindings":[],"siblingBindings":["82jnplk3ef502gh5ra15iven5","alb6jx052np69houarjepkzxt","d4ccnilspvhusn5vln7fnumoq","e1u2k5uadbzmnwqydjuj41a8s","el4yprrbnqt3re35jo8dnbq8u","a523cf05i53tfa1bas0wgcebu","22a4gatllq388sgqrwk9hg2t6","a9kncdenpdwn86cruysxqr9b8","6mz0b5cugikqk54s5zozthbzy","br9652mqlrwn0h0cretf6p9zx","28us5z1bh4mkf4afr7o4k7rx7","18hbzwi2guish96ccpaonxxk4","1ggvf2r6q7go47x48nu91ucjq","42ksl48yfdoh4nqvc6timfr64","54a7sb35ft40ry0jfk4h0eyko","7h1o8zkry3k0wp4pv0b9wzr15","0ymorhi8eb1nrs3elbg40pr1z","7nbe807feozxlvbrxv7oj75u5","70hnqwp00hw0kge0jgrzr4qf7","9u8oqksftkn3agm4ipoxrsbjx","9ug8uo6o17gleq6ylnj6qavgv","cbmpybstng5h4paecr60bbabe","cgauy5zngx8hftafb99hggnr6","9bh37hevrfmh9j65ey3t5d3jo","0c5zgo2nqaryc6h436fzq1917","9p2sxifrpgjp9fcdjbogo7dpj","5byx6g0lyx65555o4o1mw38zy","0sy2fxg7c83fjpl4lvo6tfrca","7jvkthazbah1b1wn1dcq3mnyb","3x7z0ehqdtk40uxmkcuily2uh","bcd0wc7fh65tlses260mvipw8","8e2q1qbluecvdigvy8zv8paa3","4xchnrnt0ghb5js0a9hcrq4w4","7razvctmyk23l0rd9yiv57sb7","1ngsxv2y81cymdir3xvr6shvl","bak8qlbpq9rlper30e6e2kmbg","czpqup69r43tp8s7bbwzsdnh8","2yexwfwi4p5bmiwdnt7ihq5yl","bl7mk740xtdpww5ry0zu85njs","6hxt8v85e3b3e7ieyj1lyzzwz","e2nh4d93yibu4dlslg6bgmc4a","dtve1dk2jd447mh82v6otn2lz","33a6dundlksh174piduuamiho","18ga0zwqxp8u5efdlsdv82r8d","bwqw1eamimneq8zb7g2an5mid","e7yn04cnn5a3r9ni1gmanib8f","8rarref319wusbtpmj6ysddwn","85nsihg7i4vwig5xk4apauurc","83avks0gii65yn86ol2ykg9jn","77pmx827axqp70xpq5n2fs2iw","akt84ne10f21gvu1zo4a0tnky","crfi8mkht317b5t194gdx4f5y","e0byem1czlsmxycm97vuwkurs","1qc0kbf266t9we5xpxwyzrja6","2mu20s4gvb4upajd4k9v0p4lv"]} @ https://runtime-assets.adalo.com/static/js/main.79e9a9ca.js:1
[   46984ms] [WARNING] SKIPPING ERRONEOUS DEPENDENCY Error: Selector failed: {"type":"CURRENT_USER_SELECTOR"}
    at G (https://runtime-assets.adalo.com/static/js/main.79e9a9ca.js:2:468532)
    at t.getDependencies (https://runtime-assets.adalo.com/static/js/main.79e9a9ca.js:2:467260)
    at w.isManuallyPaginated (https://runtime-assets.adalo.com/static/js/main.79e9a9ca.js:2:348848)
    at w.renderPaginationControls (https://runtime-assets.adalo.com/static/js/main.79e9a9ca.js:2:370838)
    at w.render (https://runtime-assets.adalo.com/static/js/main.79e9a9ca.js:2:372453)
    at Ds (https://runtime-assets.adalo.com/static/js/main.79e9a9ca.js:2:4414574)
    at Ls (https://runtime-assets.adalo.com/static/js/main.79e9a9ca.js:2:4414370)
    at Ml (https://runtime-assets.adalo.com/static/js/main.79e9a9ca.js:2:4457902)
    at bu (https://runtime-assets.adalo.com/static/js/main.79e9a9ca.js:2:4446043)
    at vu (https://runtime-assets.adalo.com/static/js/main.79e9a9ca.js:2:4445971)
    at yu (https://runtime-assets.adalo.com/static/js/main.79e9a9ca.js:2:4445834)
    at uu (https://runtime-assets.adalo.com/static/js/main.79e9a9ca.js:2:4442950)
    at Wo (https://runtime-assets.adalo.com/static/js/main.79e9a9ca.js:2:4383545)
    at https://runtime-assets.adalo.com/static/js/main.79e9a9ca.js:2:4440547 {"id":"cbmpybstng5h4paecr60bbabe","type":"binding","label":"name","source":{"type":"field","source":{"type":"data","source":null,"tableId":"t_80c852bba70544a6a98079124dfc8e10","dataType":"object","selector":{"type":"CURRENT_USER_SELECTOR"},"datasourceId":"4dba133b22784a13b18b1a791cfdd211"},"fieldId":"name","dataType":"text"},"bindingType":"libraryProp","childBindings":[],"siblingBindings":["82jnplk3ef502gh5ra15iven5","alb6jx052np69houarjepkzxt","d4ccnilspvhusn5vln7fnumoq","e1u2k5uadbzmnwqydjuj41a8s","el4yprrbnqt3re35jo8dnbq8u","a523cf05i53tfa1bas0wgcebu","22a4gatllq388sgqrwk9hg2t6","a9kncdenpdwn86cruysxqr9b8","6mz0b5cugikqk54s5zozthbzy","br9652mqlrwn0h0cretf6p9zx","28us5z1bh4mkf4afr7o4k7rx7","18hbzwi2guish96ccpaonxxk4","1ggvf2r6q7go47x48nu91ucjq","42ksl48yfdoh4nqvc6timfr64","54a7sb35ft40ry0jfk4h0eyko","7h1o8zkry3k0wp4pv0b9wzr15","0ymorhi8eb1nrs3elbg40pr1z","7nbe807feozxlvbrxv7oj75u5","70hnqwp00hw0kge0jgrzr4qf7","9u8oqksftkn3agm4ipoxrsbjx","9ug8uo6o17gleq6ylnj6qavgv","dx862l5uvza6ics9aj30xud64","cgauy5zngx8hftafb99hggnr6","9bh37hevrfmh9j65ey3t5d3jo","0c5zgo2nqaryc6h436fzq1917","9p2sxifrpgjp9fcdjbogo7dpj","5byx6g0lyx65555o4o1mw38zy","0sy2fxg7c83fjpl4lvo6tfrca","7jvkthazbah1b1wn1dcq3mnyb","3x7z0ehqdtk40uxmkcuily2uh","bcd0wc7fh65tlses260mvipw8","8e2q1qbluecvdigvy8zv8paa3","4xchnrnt0ghb5js0a9hcrq4w4","7razvctmyk23l0rd9yiv57sb7","1ngsxv2y81cymdir3xvr6shvl","bak8qlbpq9rlper30e6e2kmbg","czpqup69r43tp8s7bbwzsdnh8","2yexwfwi4p5bmiwdnt7ihq5yl","bl7mk740xtdpww5ry0zu85njs","6hxt8v85e3b3e7ieyj1lyzzwz","e2nh4d93yibu4dlslg6bgmc4a","dtve1dk2jd447mh82v6otn2lz","33a6dundlksh174piduuamiho","18ga0zwqxp8u5efdlsdv82r8d","bwqw1eamimneq8zb7g2an5mid","e7yn04cnn5a3r9ni1gmanib8f","8rarref319wusbtpmj6ysddwn","85nsihg7i4vwig5xk4apauurc","83avks0gii65yn86ol2ykg9jn","77pmx827axqp70xpq5n2fs2iw","akt84ne10f21gvu1zo4a0tnky","crfi8mkht317b5t194gdx4f5y","e0byem1czlsmxycm97vuwkurs","1qc0kbf266t9we5xpxwyzrja6","2mu20s4gvb4upajd4k9v0p4lv"]} @ https://runtime-assets.adalo.com/static/js/main.79e9a9ca.js:1
[   46984ms] [WARNING] SKIPPING ERRONEOUS DEPENDENCY Error: Selector failed: {"type":"CURRENT_USER_SELECTOR"}
    at G (https://runtime-assets.adalo.com/static/js/main.79e9a9ca.js:2:468532)
    at t.getDependencies (https://runtime-assets.adalo.com/static/js/main.79e9a9ca.js:2:467260)
    at w.isManuallyPaginated (https://runtime-assets.adalo.com/static/js/main.79e9a9ca.js:2:348848)
    at w.renderPaginationControls (https://runtime-assets.adalo.com/static/js/main.79e9a9ca.js:2:370838)
    at w.render (https://runtime-assets.adalo.com/static/js/main.79e9a9ca.js:2:372453)
    at Ds (https://runtime-assets.adalo.com/static/js/main.79e9a9ca.js:2:4414574)
    at Ls (https://runtime-assets.adalo.com/static/js/main.79e9a9ca.js:2:4414370)
    at Ml (https://runtime-assets.adalo.com/static/js/main.79e9a9ca.js:2:4457902)
    at bu (https://runtime-assets.adalo.com/static/js/main.79e9a9ca.js:2:4446043)
    at vu (https://runtime-assets.adalo.com/static/js/main.79e9a9ca.js:2:4445971)
    at yu (https://runtime-assets.adalo.com/static/js/main.79e9a9ca.js:2:4445834)
    at uu (https://runtime-assets.adalo.com/static/js/main.79e9a9ca.js:2:4442950)
    at Wo (https://runtime-assets.adalo.com/static/js/main.79e9a9ca.js:2:4383545)
    at https://runtime-assets.adalo.com/static/js/main.79e9a9ca.js:2:4440547 {"id":"dx862l5uvza6ics9aj30xud64","type":"binding","label":"name","source":{"type":"field","source":{"type":"data","source":null,"tableId":"t_80c852bba70544a6a98079124dfc8e10","dataType":"object","selector":{"type":"CURRENT_USER_SELECTOR"},"datasourceId":"4dba133b22784a13b18b1a791cfdd211"},"fieldId":"name","dataType":"text"},"bindingType":"libraryProp","childBindings":[],"siblingBindings":["82jnplk3ef502gh5ra15iven5","alb6jx052np69houarjepkzxt","d4ccnilspvhusn5vln7fnumoq","e1u2k5uadbzmnwqydjuj41a8s","el4yprrbnqt3re35jo8dnbq8u","a523cf05i53tfa1bas0wgcebu","22a4gatllq388sgqrwk9hg2t6","a9kncdenpdwn86cruysxqr9b8","6mz0b5cugikqk54s5zozthbzy","br9652mqlrwn0h0cretf6p9zx","28us5z1bh4mkf4afr7o4k7rx7","18hbzwi2guish96ccpaonxxk4","1ggvf2r6q7go47x48nu91ucjq","42ksl48yfdoh4nqvc6timfr64","54a7sb35ft40ry0jfk4h0eyko","7h1o8zkry3k0wp4pv0b9wzr15","0ymorhi8eb1nrs3elbg40pr1z","7nbe807feozxlvbrxv7oj75u5","70hnqwp00hw0kge0jgrzr4qf7","9u8oqksftkn3agm4ipoxrsbjx","9ug8uo6o17gleq6ylnj6qavgv","cbmpybstng5h4paecr60bbabe","cgauy5zngx8hftafb99hggnr6","9bh37hevrfmh9j65ey3t5d3jo","0c5zgo2nqaryc6h436fzq1917","9p2sxifrpgjp9fcdjbogo7dpj","5byx6g0lyx65555o4o1mw38zy","0sy2fxg7c83fjpl4lvo6tfrca","7jvkthazbah1b1wn1dcq3mnyb","3x7z0ehqdtk40uxmkcuily2uh","bcd0wc7fh65tlses260mvipw8","8e2q1qbluecvdigvy8zv8paa3","4xchnrnt0ghb5js0a9hcrq4w4","7razvctmyk23l0rd9yiv57sb7","1ngsxv2y81cymdir3xvr6shvl","bak8qlbpq9rlper30e6e2kmbg","czpqup69r43tp8s7bbwzsdnh8","2yexwfwi4p5bmiwdnt7ihq5yl","bl7mk740xtdpww5ry0zu85njs","6hxt8v85e3b3e7ieyj1lyzzwz","e2nh4d93yibu4dlslg6bgmc4a","dtve1dk2jd447mh82v6otn2lz","33a6dundlksh174piduuamiho","18ga0zwqxp8u5efdlsdv82r8d","bwqw1eamimneq8zb7g2an5mid","e7yn04cnn5a3r9ni1gmanib8f","8rarref319wusbtpmj6ysddwn","85nsihg7i4vwig5xk4apauurc","83avks0gii65yn86ol2ykg9jn","77pmx827axqp70xpq5n2fs2iw","akt84ne10f21gvu1zo4a0tnky","crfi8mkht317b5t194gdx4f5y","e0byem1czlsmxycm97vuwkurs","1qc0kbf266t9we5xpxwyzrja6","2mu20s4gvb4upajd4k9v0p4lv"]} @ https://runtime-assets.adalo.com/static/js/main.79e9a9ca.js:1
[   46986ms] [WARNING] SKIPPING ERRONEOUS DEPENDENCY Error: Selector failed: {"type":"CURRENT_USER_SELECTOR"}
    at G (https://runtime-assets.adalo.com/static/js/main.79e9a9ca.js:2:468532)
    at t.getDependencies (https://runtime-assets.adalo.com/static/js/main.79e9a9ca.js:2:467260)
    at w.isManuallyPaginated (https://runtime-assets.adalo.com/static/js/main.79e9a9ca.js:2:348848)
    at w.getTableDataRowsForPage (https://runtime-assets.adalo.com/static/js/main.79e9a9ca.js:2:369833)
    at w.renderPaginationControls (https://runtime-assets.adalo.com/static/js/main.79e9a9ca.js:2:370943)
    at w.render (https://runtime-assets.adalo.com/static/js/main.79e9a9ca.js:2:372453)
    at Ds (https://runtime-assets.adalo.com/static/js/main.79e9a9ca.js:2:4414574)
    at Ls (https://runtime-assets.adalo.com/static/js/main.79e9a9ca.js:2:4414370)
    at Ml (https://runtime-assets.adalo.com/static/js/main.79e9a9ca.js:2:4457902)
    at bu (https://runtime-assets.adalo.com/static/js/main.79e9a9ca.js:2:4446043)
    at vu (https://runtime-assets.adalo.com/static/js/main.79e9a9ca.js:2:4445971)
    at yu (https://runtime-assets.adalo.com/static/js/main.79e9a9ca.js:2:4445834)
    at uu (https://runtime-assets.adalo.com/static/js/main.79e9a9ca.js:2:4442950)
    at Wo (https://runtime-assets.adalo.com/static/js/main.79e9a9ca.js:2:4383545)
    at https://runtime-assets.adalo.com/static/js/main.79e9a9ca.js:2:4440547 {"id":"cbmpybstng5h4paecr60bbabe","type":"binding","label":"name","source":{"type":"field","source":{"type":"data","source":null,"tableId":"t_80c852bba70544a6a98079124dfc8e10","dataType":"object","selector":{"type":"CURRENT_USER_SELECTOR"},"datasourceId":"4dba133b22784a13b18b1a791cfdd211"},"fieldId":"name","dataType":"text"},"bindingType":"libraryProp","childBindings":[],"siblingBindings":["82jnplk3ef502gh5ra15iven5","alb6jx052np69houarjepkzxt","d4ccnilspvhusn5vln7fnumoq","e1u2k5uadbzmnwqydjuj41a8s","el4yprrbnqt3re35jo8dnbq8u","a523cf05i53tfa1bas0wgcebu","22a4gatllq388sgqrwk9hg2t6","a9kncdenpdwn86cruysxqr9b8","6mz0b5cugikqk54s5zozthbzy","br9652mqlrwn0h0cretf6p9zx","28us5z1bh4mkf4afr7o4k7rx7","18hbzwi2guish96ccpaonxxk4","1ggvf2r6q7go47x48nu91ucjq","42ksl48yfdoh4nqvc6timfr64","54a7sb35ft40ry0jfk4h0eyko","7h1o8zkry3k0wp4pv0b9wzr15","0ymorhi8eb1nrs3elbg40pr1z","7nbe807feozxlvbrxv7oj75u5","70hnqwp00hw0kge0jgrzr4qf7","9u8oqksftkn3agm4ipoxrsbjx","9ug8uo6o17gleq6ylnj6qavgv","dx862l5uvza6ics9aj30xud64","cgauy5zngx8hftafb99hggnr6","9bh37hevrfmh9j65ey3t5d3jo","0c5zgo2nqaryc6h436fzq1917","9p2sxifrpgjp9fcdjbogo7dpj","5byx6g0lyx65555o4o1mw38zy","0sy2fxg7c83fjpl4lvo6tfrca","7jvkthazbah1b1wn1dcq3mnyb","3x7z0ehqdtk40uxmkcuily2uh","bcd0wc7fh65tlses260mvipw8","8e2q1qbluecvdigvy8zv8paa3","4xchnrnt0ghb5js0a9hcrq4w4","7razvctmyk23l0rd9yiv57sb7","1ngsxv2y81cymdir3xvr6shvl","bak8qlbpq9rlper30e6e2kmbg","czpqup69r43tp8s7bbwzsdnh8","2yexwfwi4p5bmiwdnt7ihq5yl","bl7mk740xtdpww5ry0zu85njs","6hxt8v85e3b3e7ieyj1lyzzwz","e2nh4d93yibu4dlslg6bgmc4a","dtve1dk2jd447mh82v6otn2lz","33a6dundlksh174piduuamiho","18ga0zwqxp8u5efdlsdv82r8d","bwqw1eamimneq8zb7g2an5mid","e7yn04cnn5a3r9ni1gmanib8f","8rarref319wusbtpmj6ysddwn","85nsihg7i4vwig5xk4apauurc","83avks0gii65yn86ol2ykg9jn","77pmx827axqp70xpq5n2fs2iw","akt84ne10f21gvu1zo4a0tnky","crfi8mkht317b5t194gdx4f5y","e0byem1czlsmxycm97vuwkurs","1qc0kbf266t9we5xpxwyzrja6","2mu20s4gvb4upajd4k9v0p4lv"]} @ https://runtime-assets.adalo.com/static/js/main.79e9a9ca.js:1
[   46986ms] [WARNING] SKIPPING ERRONEOUS DEPENDENCY Error: Selector failed: {"type":"CURRENT_USER_SELECTOR"}
    at G (https://runtime-assets.adalo.com/static/js/main.79e9a9ca.js:2:468532)
    at t.getDependencies (https://runtime-assets.adalo.com/static/js/main.79e9a9ca.js:2:467260)
    at w.isManuallyPaginated (https://runtime-assets.adalo.com/static/js/main.79e9a9ca.js:2:348848)
    at w.getTableDataRowsForPage (https://runtime-assets.adalo.com/static/js/main.79e9a9ca.js:2:369833)
    at w.renderPaginationControls (https://runtime-assets.adalo.com/static/js/main.79e9a9ca.js:2:370943)
    at w.render (https://runtime-assets.adalo.com/static/js/main.79e9a9ca.js:2:372453)
    at Ds (https://runtime-assets.adalo.com/static/js/main.79e9a9ca.js:2:4414574)
    at Ls (https://runtime-assets.adalo.com/static/js/main.79e9a9ca.js:2:4414370)
    at Ml (https://runtime-assets.adalo.com/static/js/main.79e9a9ca.js:2:4457902)
    at bu (https://runtime-assets.adalo.com/static/js/main.79e9a9ca.js:2:4446043)
    at vu (https://runtime-assets.adalo.com/static/js/main.79e9a9ca.js:2:4445971)
    at yu (https://runtime-assets.adalo.com/static/js/main.79e9a9ca.js:2:4445834)
    at uu (https://runtime-assets.adalo.com/static/js/main.79e9a9ca.js:2:4442950)
    at Wo (https://runtime-assets.adalo.com/static/js/main.79e9a9ca.js:2:4383545)
    at https://runtime-assets.adalo.com/static/js/main.79e9a9ca.js:2:4440547 {"id":"dx862l5uvza6ics9aj30xud64","type":"binding","label":"name","source":{"type":"field","source":{"type":"data","source":null,"tableId":"t_80c852bba70544a6a98079124dfc8e10","dataType":"object","selector":{"type":"CURRENT_USER_SELECTOR"},"datasourceId":"4dba133b22784a13b18b1a791cfdd211"},"fieldId":"name","dataType":"text"},"bindingType":"libraryProp","childBindings":[],"siblingBindings":["82jnplk3ef502gh5ra15iven5","alb6jx052np69houarjepkzxt","d4ccnilspvhusn5vln7fnumoq","e1u2k5uadbzmnwqydjuj41a8s","el4yprrbnqt3re35jo8dnbq8u","a523cf05i53tfa1bas0wgcebu","22a4gatllq388sgqrwk9hg2t6","a9kncdenpdwn86cruysxqr9b8","6mz0b5cugikqk54s5zozthbzy","br9652mqlrwn0h0cretf6p9zx","28us5z1bh4mkf4afr7o4k7rx7","18hbzwi2guish96ccpaonxxk4","1ggvf2r6q7go47x48nu91ucjq","42ksl48yfdoh4nqvc6timfr64","54a7sb35ft40ry0jfk4h0eyko","7h1o8zkry3k0wp4pv0b9wzr15","0ymorhi8eb1nrs3elbg40pr1z","7nbe807feozxlvbrxv7oj75u5","70hnqwp00hw0kge0jgrzr4qf7","9u8oqksftkn3agm4ipoxrsbjx","9ug8uo6o17gleq6ylnj6qavgv","cbmpybstng5h4paecr60bbabe","cgauy5zngx8hftafb99hggnr6","9bh37hevrfmh9j65ey3t5d3jo","0c5zgo2nqaryc6h436fzq1917","9p2sxifrpgjp9fcdjbogo7dpj","5byx6g0lyx65555o4o1mw38zy","0sy2fxg7c83fjpl4lvo6tfrca","7jvkthazbah1b1wn1dcq3mnyb","3x7z0ehqdtk40uxmkcuily2uh","bcd0wc7fh65tlses260mvipw8","8e2q1qbluecvdigvy8zv8paa3","4xchnrnt0ghb5js0a9hcrq4w4","7razvctmyk23l0rd9yiv57sb7","1ngsxv2y81cymdir3xvr6shvl","bak8qlbpq9rlper30e6e2kmbg","czpqup69r43tp8s7bbwzsdnh8","2yexwfwi4p5bmiwdnt7ihq5yl","bl7mk740xtdpww5ry0zu85njs","6hxt8v85e3b3e7ieyj1lyzzwz","e2nh4d93yibu4dlslg6bgmc4a","dtve1dk2jd447mh82v6otn2lz","33a6dundlksh174piduuamiho","18ga0zwqxp8u5efdlsdv82r8d","bwqw1eamimneq8zb7g2an5mid","e7yn04cnn5a3r9ni1gmanib8f","8rarref319wusbtpmj6ysddwn","85nsihg7i4vwig5xk4apauurc","83avks0gii65yn86ol2ykg9jn","77pmx827axqp70xpq5n2fs2iw","akt84ne10f21gvu1zo4a0tnky","crfi8mkht317b5t194gdx4f5y","e0byem1czlsmxycm97vuwkurs","1qc0kbf266t9we5xpxwyzrja6","2mu20s4gvb4upajd4k9v0p4lv"]} @ https://runtime-assets.adalo.com/static/js/main.79e9a9ca.js:1
[   47328ms] [WARNING] SKIPPING ERRONEOUS DEPENDENCY Error: Selector failed: {"type":"CURRENT_USER_SELECTOR"}
    at G (https://runtime-assets.adalo.com/static/js/main.79e9a9ca.js:2:468532)
    at t.getDependencies (https://runtime-assets.adalo.com/static/js/main.79e9a9ca.js:2:467260)
    at w.isManuallyPaginated (https://runtime-assets.adalo.com/static/js/main.79e9a9ca.js:2:348848)
    at w.getTableDataRowsForPage (https://runtime-assets.adalo.com/static/js/main.79e9a9ca.js:2:369833)
    at w.getTableDataRows (https://runtime-assets.adalo.com/static/js/main.79e9a9ca.js:2:370168)
    at w.render (https://runtime-assets.adalo.com/static/js/main.79e9a9ca.js:2:371443)
    at Ds (https://runtime-assets.adalo.com/static/js/main.79e9a9ca.js:2:4414574)
    at Ls (https://runtime-assets.adalo.com/static/js/main.79e9a9ca.js:2:4414370)
    at Ml (https://runtime-assets.adalo.com/static/js/main.79e9a9ca.js:2:4457902)
    at bu (https://runtime-assets.adalo.com/static/js/main.79e9a9ca.js:2:4446043)
    at vu (https://runtime-assets.adalo.com/static/js/main.79e9a9ca.js:2:4445971)
    at yu (https://runtime-assets.adalo.com/static/js/main.79e9a9ca.js:2:4445834)
    at uu (https://runtime-assets.adalo.com/static/js/main.79e9a9ca.js:2:4442950)
    at Wo (https://runtime-assets.adalo.com/static/js/main.79e9a9ca.js:2:4383545)
    at https://runtime-assets.adalo.com/static/js/main.79e9a9ca.js:2:4440547 {"id":"cbmpybstng5h4paecr60bbabe","type":"binding","label":"name","source":{"type":"field","source":{"type":"data","source":null,"tableId":"t_80c852bba70544a6a98079124dfc8e10","dataType":"object","selector":{"type":"CURRENT_USER_SELECTOR"},"datasourceId":"4dba133b22784a13b18b1a791cfdd211"},"fieldId":"name","dataType":"text"},"bindingType":"libraryProp","childBindings":[],"siblingBindings":["82jnplk3ef502gh5ra15iven5","alb6jx052np69houarjepkzxt","d4ccnilspvhusn5vln7fnumoq","e1u2k5uadbzmnwqydjuj41a8s","el4yprrbnqt3re35jo8dnbq8u","a523cf05i53tfa1bas0wgcebu","22a4gatllq388sgqrwk9hg2t6","a9kncdenpdwn86cruysxqr9b8","6mz0b5cugikqk54s5zozthbzy","br9652mqlrwn0h0cretf6p9zx","28us5z1bh4mkf4afr7o4k7rx7","18hbzwi2guish96ccpaonxxk4","1ggvf2r6q7go47x48nu91ucjq","42ksl48yfdoh4nqvc6timfr64","54a7sb35ft40ry0jfk4h0eyko","7h1o8zkry3k0wp4pv0b9wzr15","0ymorhi8eb1nrs3elbg40pr1z","7nbe807feozxlvbrxv7oj75u5","70hnqwp00hw0kge0jgrzr4qf7","9u8oqksftkn3agm4ipoxrsbjx","9ug8uo6o17gleq6ylnj6qavgv","dx862l5uvza6ics9aj30xud64","cgauy5zngx8hftafb99hggnr6","9bh37hevrfmh9j65ey3t5d3jo","0c5zgo2nqaryc6h436fzq1917","9p2sxifrpgjp9fcdjbogo7dpj","5byx6g0lyx65555o4o1mw38zy","0sy2fxg7c83fjpl4lvo6tfrca","7jvkthazbah1b1wn1dcq3mnyb","3x7z0ehqdtk40uxmkcuily2uh","bcd0wc7fh65tlses260mvipw8","8e2q1qbluecvdigvy8zv8paa3","4xchnrnt0ghb5js0a9hcrq4w4","7razvctmyk23l0rd9yiv57sb7","1ngsxv2y81cymdir3xvr6shvl","bak8qlbpq9rlper30e6e2kmbg","czpqup69r43tp8s7bbwzsdnh8","2yexwfwi4p5bmiwdnt7ihq5yl","bl7mk740xtdpww5ry0zu85njs","6hxt8v85e3b3e7ieyj1lyzzwz","e2nh4d93yibu4dlslg6bgmc4a","dtve1dk2jd447mh82v6otn2lz","33a6dundlksh174piduuamiho","18ga0zwqxp8u5efdlsdv82r8d","bwqw1eamimneq8zb7g2an5mid","e7yn04cnn5a3r9ni1gmanib8f","8rarref319wusbtpmj6ysddwn","85nsihg7i4vwig5xk4apauurc","83avks0gii65yn86ol2ykg9jn","77pmx827axqp70xpq5n2fs2iw","akt84ne10f21gvu1zo4a0tnky","crfi8mkht317b5t194gdx4f5y","e0byem1czlsmxycm97vuwkurs","1qc0kbf266t9we5xpxwyzrja6","2mu20s4gvb4upajd4k9v0p4lv"]} @ https://runtime-assets.adalo.com/static/js/main.79e9a9ca.js:1
[   47329ms] [WARNING] SKIPPING ERRONEOUS DEPENDENCY Error: Selector failed: {"type":"CURRENT_USER_SELECTOR"}
    at G (https://runtime-assets.adalo.com/static/js/main.79e9a9ca.js:2:468532)
    at t.getDependencies (https://runtime-assets.adalo.com/static/js/main.79e9a9ca.js:2:467260)
    at w.isManuallyPaginated (https://runtime-assets.adalo.com/static/js/main.79e9a9ca.js:2:348848)
    at w.getTableDataRowsForPage (https://runtime-assets.adalo.com/static/js/main.79e9a9ca.js:2:369833)
    at w.getTableDataRows (https://runtime-assets.adalo.com/static/js/main.79e9a9ca.js:2:370168)
    at w.render (https://runtime-assets.adalo.com/static/js/main.79e9a9ca.js:2:371443)
    at Ds (https://runtime-assets.adalo.com/static/js/main.79e9a9ca.js:2:4414574)
    at Ls (https://runtime-assets.adalo.com/static/js/main.79e9a9ca.js:2:4414370)
    at Ml (https://runtime-assets.adalo.com/static/js/main.79e9a9ca.js:2:4457902)
    at bu (https://runtime-assets.adalo.com/static/js/main.79e9a9ca.js:2:4446043)
    at vu (https://runtime-assets.adalo.com/static/js/main.79e9a9ca.js:2:4445971)
    at yu (https://runtime-assets.adalo.com/static/js/main.79e9a9ca.js:2:4445834)
    at uu (https://runtime-assets.adalo.com/static/js/main.79e9a9ca.js:2:4442950)
    at Wo (https://runtime-assets.adalo.com/static/js/main.79e9a9ca.js:2:4383545)
    at https://runtime-assets.adalo.com/static/js/main.79e9a9ca.js:2:4440547 {"id":"dx862l5uvza6ics9aj30xud64","type":"binding","label":"name","source":{"type":"field","source":{"type":"data","source":null,"tableId":"t_80c852bba70544a6a98079124dfc8e10","dataType":"object","selector":{"type":"CURRENT_USER_SELECTOR"},"datasourceId":"4dba133b22784a13b18b1a791cfdd211"},"fieldId":"name","dataType":"text"},"bindingType":"libraryProp","childBindings":[],"siblingBindings":["82jnplk3ef502gh5ra15iven5","alb6jx052np69houarjepkzxt","d4ccnilspvhusn5vln7fnumoq","e1u2k5uadbzmnwqydjuj41a8s","el4yprrbnqt3re35jo8dnbq8u","a523cf05i53tfa1bas0wgcebu","22a4gatllq388sgqrwk9hg2t6","a9kncdenpdwn86cruysxqr9b8","6mz0b5cugikqk54s5zozthbzy","br9652mqlrwn0h0cretf6p9zx","28us5z1bh4mkf4afr7o4k7rx7","18hbzwi2guish96ccpaonxxk4","1ggvf2r6q7go47x48nu91ucjq","42ksl48yfdoh4nqvc6timfr64","54a7sb35ft40ry0jfk4h0eyko","7h1o8zkry3k0wp4pv0b9wzr15","0ymorhi8eb1nrs3elbg40pr1z","7nbe807feozxlvbrxv7oj75u5","70hnqwp00hw0kge0jgrzr4qf7","9u8oqksftkn3agm4ipoxrsbjx","9ug8uo6o17gleq6ylnj6qavgv","cbmpybstng5h4paecr60bbabe","cgauy5zngx8hftafb99hggnr6","9bh37hevrfmh9j65ey3t5d3jo","0c5zgo2nqaryc6h436fzq1917","9p2sxifrpgjp9fcdjbogo7dpj","5byx6g0lyx65555o4o1mw38zy","0sy2fxg7c83fjpl4lvo6tfrca","7jvkthazbah1b1wn1dcq3mnyb","3x7z0ehqdtk40uxmkcuily2uh","bcd0wc7fh65tlses260mvipw8","8e2q1qbluecvdigvy8zv8paa3","4xchnrnt0ghb5js0a9hcrq4w4","7razvctmyk23l0rd9yiv57sb7","1ngsxv2y81cymdir3xvr6shvl","bak8qlbpq9rlper30e6e2kmbg","czpqup69r43tp8s7bbwzsdnh8","2yexwfwi4p5bmiwdnt7ihq5yl","bl7mk740xtdpww5ry0zu85njs","6hxt8v85e3b3e7ieyj1lyzzwz","e2nh4d93yibu4dlslg6bgmc4a","dtve1dk2jd447mh82v6otn2lz","33a6dundlksh174piduuamiho","18ga0zwqxp8u5efdlsdv82r8d","bwqw1eamimneq8zb7g2an5mid","e7yn04cnn5a3r9ni1gmanib8f","8rarref319wusbtpmj6ysddwn","85nsihg7i4vwig5xk4apauurc","83avks0gii65yn86ol2ykg9jn","77pmx827axqp70xpq5n2fs2iw","akt84ne10f21gvu1zo4a0tnky","crfi8mkht317b5t194gdx4f5y","e0byem1czlsmxycm97vuwkurs","1qc0kbf266t9we5xpxwyzrja6","2mu20s4gvb4upajd4k9v0p4lv"]} @ https://runtime-assets.adalo.com/static/js/main.79e9a9ca.js:1
[   47330ms] [WARNING] SKIPPING ERRONEOUS DEPENDENCY Error: Selector failed: {"type":"CURRENT_USER_SELECTOR"}
    at G (https://runtime-assets.adalo.com/static/js/main.79e9a9ca.js:2:468532)
    at t.getDependencies (https://runtime-assets.adalo.com/static/js/main.79e9a9ca.js:2:467260)
    at w.isManuallyPaginated (https://runtime-assets.adalo.com/static/js/main.79e9a9ca.js:2:348848)
    at w.renderPaginationControls (https://runtime-assets.adalo.com/static/js/main.79e9a9ca.js:2:370838)
    at w.render (https://runtime-assets.adalo.com/static/js/main.79e9a9ca.js:2:372453)
    at Ds (https://runtime-assets.adalo.com/static/js/main.79e9a9ca.js:2:4414574)
    at Ls (https://runtime-assets.adalo.com/static/js/main.79e9a9ca.js:2:4414370)
    at Ml (https://runtime-assets.adalo.com/static/js/main.79e9a9ca.js:2:4457902)
    at bu (https://runtime-assets.adalo.com/static/js/main.79e9a9ca.js:2:4446043)
    at vu (https://runtime-assets.adalo.com/static/js/main.79e9a9ca.js:2:4445971)
    at yu (https://runtime-assets.adalo.com/static/js/main.79e9a9ca.js:2:4445834)
    at uu (https://runtime-assets.adalo.com/static/js/main.79e9a9ca.js:2:4442950)
    at Wo (https://runtime-assets.adalo.com/static/js/main.79e9a9ca.js:2:4383545)
    at https://runtime-assets.adalo.com/static/js/main.79e9a9ca.js:2:4440547 {"id":"cbmpybstng5h4paecr60bbabe","type":"binding","label":"name","source":{"type":"field","source":{"type":"data","source":null,"tableId":"t_80c852bba70544a6a98079124dfc8e10","dataType":"object","selector":{"type":"CURRENT_USER_SELECTOR"},"datasourceId":"4dba133b22784a13b18b1a791cfdd211"},"fieldId":"name","dataType":"text"},"bindingType":"libraryProp","childBindings":[],"siblingBindings":["82jnplk3ef502gh5ra15iven5","alb6jx052np69houarjepkzxt","d4ccnilspvhusn5vln7fnumoq","e1u2k5uadbzmnwqydjuj41a8s","el4yprrbnqt3re35jo8dnbq8u","a523cf05i53tfa1bas0wgcebu","22a4gatllq388sgqrwk9hg2t6","a9kncdenpdwn86cruysxqr9b8","6mz0b5cugikqk54s5zozthbzy","br9652mqlrwn0h0cretf6p9zx","28us5z1bh4mkf4afr7o4k7rx7","18hbzwi2guish96ccpaonxxk4","1ggvf2r6q7go47x48nu91ucjq","42ksl48yfdoh4nqvc6timfr64","54a7sb35ft40ry0jfk4h0eyko","7h1o8zkry3k0wp4pv0b9wzr15","0ymorhi8eb1nrs3elbg40pr1z","7nbe807feozxlvbrxv7oj75u5","70hnqwp00hw0kge0jgrzr4qf7","9u8oqksftkn3agm4ipoxrsbjx","9ug8uo6o17gleq6ylnj6qavgv","dx862l5uvza6ics9aj30xud64","cgauy5zngx8hftafb99hggnr6","9bh37hevrfmh9j65ey3t5d3jo","0c5zgo2nqaryc6h436fzq1917","9p2sxifrpgjp9fcdjbogo7dpj","5byx6g0lyx65555o4o1mw38zy","0sy2fxg7c83fjpl4lvo6tfrca","7jvkthazbah1b1wn1dcq3mnyb","3x7z0ehqdtk40uxmkcuily2uh","bcd0wc7fh65tlses260mvipw8","8e2q1qbluecvdigvy8zv8paa3","4xchnrnt0ghb5js0a9hcrq4w4","7razvctmyk23l0rd9yiv57sb7","1ngsxv2y81cymdir3xvr6shvl","bak8qlbpq9rlper30e6e2kmbg","czpqup69r43tp8s7bbwzsdnh8","2yexwfwi4p5bmiwdnt7ihq5yl","bl7mk740xtdpww5ry0zu85njs","6hxt8v85e3b3e7ieyj1lyzzwz","e2nh4d93yibu4dlslg6bgmc4a","dtve1dk2jd447mh82v6otn2lz","33a6dundlksh174piduuamiho","18ga0zwqxp8u5efdlsdv82r8d","bwqw1eamimneq8zb7g2an5mid","e7yn04cnn5a3r9ni1gmanib8f","8rarref319wusbtpmj6ysddwn","85nsihg7i4vwig5xk4apauurc","83avks0gii65yn86ol2ykg9jn","77pmx827axqp70xpq5n2fs2iw","akt84ne10f21gvu1zo4a0tnky","crfi8mkht317b5t194gdx4f5y","e0byem1czlsmxycm97vuwkurs","1qc0kbf266t9we5xpxwyzrja6","2mu20s4gvb4upajd4k9v0p4lv"]} @ https://runtime-assets.adalo.com/static/js/main.79e9a9ca.js:1
[   47331ms] [WARNING] SKIPPING ERRONEOUS DEPENDENCY Error: Selector failed: {"type":"CURRENT_USER_SELECTOR"}
    at G (https://runtime-assets.adalo.com/static/js/main.79e9a9ca.js:2:468532)
    at t.getDependencies (https://runtime-assets.adalo.com/static/js/main.79e9a9ca.js:2:467260)
    at w.isManuallyPaginated (https://runtime-assets.adalo.com/static/js/main.79e9a9ca.js:2:348848)
    at w.renderPaginationControls (https://runtime-assets.adalo.com/static/js/main.79e9a9ca.js:2:370838)
    at w.render (https://runtime-assets.adalo.com/static/js/main.79e9a9ca.js:2:372453)
    at Ds (https://runtime-assets.adalo.com/static/js/main.79e9a9ca.js:2:4414574)
    at Ls (https://runtime-assets.adalo.com/static/js/main.79e9a9ca.js:2:4414370)
    at Ml (https://runtime-assets.adalo.com/static/js/main.79e9a9ca.js:2:4457902)
    at bu (https://runtime-assets.adalo.com/static/js/main.79e9a9ca.js:2:4446043)
    at vu (https://runtime-assets.adalo.com/static/js/main.79e9a9ca.js:2:4445971)
    at yu (https://runtime-assets.adalo.com/static/js/main.79e9a9ca.js:2:4445834)
    at uu (https://runtime-assets.adalo.com/static/js/main.79e9a9ca.js:2:4442950)
    at Wo (https://runtime-assets.adalo.com/static/js/main.79e9a9ca.js:2:4383545)
    at https://runtime-assets.adalo.com/static/js/main.79e9a9ca.js:2:4440547 {"id":"dx862l5uvza6ics9aj30xud64","type":"binding","label":"name","source":{"type":"field","source":{"type":"data","source":null,"tableId":"t_80c852bba70544a6a98079124dfc8e10","dataType":"object","selector":{"type":"CURRENT_USER_SELECTOR"},"datasourceId":"4dba133b22784a13b18b1a791cfdd211"},"fieldId":"name","dataType":"text"},"bindingType":"libraryProp","childBindings":[],"siblingBindings":["82jnplk3ef502gh5ra15iven5","alb6jx052np69houarjepkzxt","d4ccnilspvhusn5vln7fnumoq","e1u2k5uadbzmnwqydjuj41a8s","el4yprrbnqt3re35jo8dnbq8u","a523cf05i53tfa1bas0wgcebu","22a4gatllq388sgqrwk9hg2t6","a9kncdenpdwn86cruysxqr9b8","6mz0b5cugikqk54s5zozthbzy","br9652mqlrwn0h0cretf6p9zx","28us5z1bh4mkf4afr7o4k7rx7","18hbzwi2guish96ccpaonxxk4","1ggvf2r6q7go47x48nu91ucjq","42ksl48yfdoh4nqvc6timfr64","54a7sb35ft40ry0jfk4h0eyko","7h1o8zkry3k0wp4pv0b9wzr15","0ymorhi8eb1nrs3elbg40pr1z","7nbe807feozxlvbrxv7oj75u5","70hnqwp00hw0kge0jgrzr4qf7","9u8oqksftkn3agm4ipoxrsbjx","9ug8uo6o17gleq6ylnj6qavgv","cbmpybstng5h4paecr60bbabe","cgauy5zngx8hftafb99hggnr6","9bh37hevrfmh9j65ey3t5d3jo","0c5zgo2nqaryc6h436fzq1917","9p2sxifrpgjp9fcdjbogo7dpj","5byx6g0lyx65555o4o1mw38zy","0sy2fxg7c83fjpl4lvo6tfrca","7jvkthazbah1b1wn1dcq3mnyb","3x7z0ehqdtk40uxmkcuily2uh","bcd0wc7fh65tlses260mvipw8","8e2q1qbluecvdigvy8zv8paa3","4xchnrnt0ghb5js0a9hcrq4w4","7razvctmyk23l0rd9yiv57sb7","1ngsxv2y81cymdir3xvr6shvl","bak8qlbpq9rlper30e6e2kmbg","czpqup69r43tp8s7bbwzsdnh8","2yexwfwi4p5bmiwdnt7ihq5yl","bl7mk740xtdpww5ry0zu85njs","6hxt8v85e3b3e7ieyj1lyzzwz","e2nh4d93yibu4dlslg6bgmc4a","dtve1dk2jd447mh82v6otn2lz","33a6dundlksh174piduuamiho","18ga0zwqxp8u5efdlsdv82r8d","bwqw1eamimneq8zb7g2an5mid","e7yn04cnn5a3r9ni1gmanib8f","8rarref319wusbtpmj6ysddwn","85nsihg7i4vwig5xk4apauurc","83avks0gii65yn86ol2ykg9jn","77pmx827axqp70xpq5n2fs2iw","akt84ne10f21gvu1zo4a0tnky","crfi8mkht317b5t194gdx4f5y","e0byem1czlsmxycm97vuwkurs","1qc0kbf266t9we5xpxwyzrja6","2mu20s4gvb4upajd4k9v0p4lv"]} @ https://runtime-assets.adalo.com/static/js/main.79e9a9ca.js:1
[   47332ms] [WARNING] SKIPPING ERRONEOUS DEPENDENCY Error: Selector failed: {"type":"CURRENT_USER_SELECTOR"}
    at G (https://runtime-assets.adalo.com/static/js/main.79e9a9ca.js:2:468532)
    at t.getDependencies (https://runtime-assets.adalo.com/static/js/main.79e9a9ca.js:2:467260)
    at w.isManuallyPaginated (https://runtime-assets.adalo.com/static/js/main.79e9a9ca.js:2:348848)
    at w.getTableDataRowsForPage (https://runtime-assets.adalo.com/static/js/main.79e9a9ca.js:2:369833)
    at w.renderPaginationControls (https://runtime-assets.adalo.com/static/js/main.79e9a9ca.js:2:370943)
    at w.render (https://runtime-assets.adalo.com/static/js/main.79e9a9ca.js:2:372453)
    at Ds (https://runtime-assets.adalo.com/static/js/main.79e9a9ca.js:2:4414574)
    at Ls (https://runtime-assets.adalo.com/static/js/main.79e9a9ca.js:2:4414370)
    at Ml (https://runtime-assets.adalo.com/static/js/main.79e9a9ca.js:2:4457902)
    at bu (https://runtime-assets.adalo.com/static/js/main.79e9a9ca.js:2:4446043)
    at vu (https://runtime-assets.adalo.com/static/js/main.79e9a9ca.js:2:4445971)
    at yu (https://runtime-assets.adalo.com/static/js/main.79e9a9ca.js:2:4445834)
    at uu (https://runtime-assets.adalo.com/static/js/main.79e9a9ca.js:2:4442950)
    at Wo (https://runtime-assets.adalo.com/static/js/main.79e9a9ca.js:2:4383545)
    at https://runtime-assets.adalo.com/static/js/main.79e9a9ca.js:2:4440547 {"id":"cbmpybstng5h4paecr60bbabe","type":"binding","label":"name","source":{"type":"field","source":{"type":"data","source":null,"tableId":"t_80c852bba70544a6a98079124dfc8e10","dataType":"object","selector":{"type":"CURRENT_USER_SELECTOR"},"datasourceId":"4dba133b22784a13b18b1a791cfdd211"},"fieldId":"name","dataType":"text"},"bindingType":"libraryProp","childBindings":[],"siblingBindings":["82jnplk3ef502gh5ra15iven5","alb6jx052np69houarjepkzxt","d4ccnilspvhusn5vln7fnumoq","e1u2k5uadbzmnwqydjuj41a8s","el4yprrbnqt3re35jo8dnbq8u","a523cf05i53tfa1bas0wgcebu","22a4gatllq388sgqrwk9hg2t6","a9kncdenpdwn86cruysxqr9b8","6mz0b5cugikqk54s5zozthbzy","br9652mqlrwn0h0cretf6p9zx","28us5z1bh4mkf4afr7o4k7rx7","18hbzwi2guish96ccpaonxxk4","1ggvf2r6q7go47x48nu91ucjq","42ksl48yfdoh4nqvc6timfr64","54a7sb35ft40ry0jfk4h0eyko","7h1o8zkry3k0wp4pv0b9wzr15","0ymorhi8eb1nrs3elbg40pr1z","7nbe807feozxlvbrxv7oj75u5","70hnqwp00hw0kge0jgrzr4qf7","9u8oqksftkn3agm4ipoxrsbjx","9ug8uo6o17gleq6ylnj6qavgv","dx862l5uvza6ics9aj30xud64","cgauy5zngx8hftafb99hggnr6","9bh37hevrfmh9j65ey3t5d3jo","0c5zgo2nqaryc6h436fzq1917","9p2sxifrpgjp9fcdjbogo7dpj","5byx6g0lyx65555o4o1mw38zy","0sy2fxg7c83fjpl4lvo6tfrca","7jvkthazbah1b1wn1dcq3mnyb","3x7z0ehqdtk40uxmkcuily2uh","bcd0wc7fh65tlses260mvipw8","8e2q1qbluecvdigvy8zv8paa3","4xchnrnt0ghb5js0a9hcrq4w4","7razvctmyk23l0rd9yiv57sb7","1ngsxv2y81cymdir3xvr6shvl","bak8qlbpq9rlper30e6e2kmbg","czpqup69r43tp8s7bbwzsdnh8","2yexwfwi4p5bmiwdnt7ihq5yl","bl7mk740xtdpww5ry0zu85njs","6hxt8v85e3b3e7ieyj1lyzzwz","e2nh4d93yibu4dlslg6bgmc4a","dtve1dk2jd447mh82v6otn2lz","33a6dundlksh174piduuamiho","18ga0zwqxp8u5efdlsdv82r8d","bwqw1eamimneq8zb7g2an5mid","e7yn04cnn5a3r9ni1gmanib8f","8rarref319wusbtpmj6ysddwn","85nsihg7i4vwig5xk4apauurc","83avks0gii65yn86ol2ykg9jn","77pmx827axqp70xpq5n2fs2iw","akt84ne10f21gvu1zo4a0tnky","crfi8mkht317b5t194gdx4f5y","e0byem1czlsmxycm97vuwkurs","1qc0kbf266t9we5xpxwyzrja6","2mu20s4gvb4upajd4k9v0p4lv"]} @ https://runtime-assets.adalo.com/static/js/main.79e9a9ca.js:1
[   47332ms] [WARNING] SKIPPING ERRONEOUS DEPENDENCY Error: Selector failed: {"type":"CURRENT_USER_SELECTOR"}
    at G (https://runtime-assets.adalo.com/static/js/main.79e9a9ca.js:2:468532)
    at t.getDependencies (https://runtime-assets.adalo.com/static/js/main.79e9a9ca.js:2:467260)
    at w.isManuallyPaginated (https://runtime-assets.adalo.com/static/js/main.79e9a9ca.js:2:348848)
    at w.getTableDataRowsForPage (https://runtime-assets.adalo.com/static/js/main.79e9a9ca.js:2:369833)
    at w.renderPaginationControls (https://runtime-assets.adalo.com/static/js/main.79e9a9ca.js:2:370943)
    at w.render (https://runtime-assets.adalo.com/static/js/main.79e9a9ca.js:2:372453)
    at Ds (https://runtime-assets.adalo.com/static/js/main.79e9a9ca.js:2:4414574)
    at Ls (https://runtime-assets.adalo.com/static/js/main.79e9a9ca.js:2:4414370)
    at Ml (https://runtime-assets.adalo.com/static/js/main.79e9a9ca.js:2:4457902)
    at bu (https://runtime-assets.adalo.com/static/js/main.79e9a9ca.js:2:4446043)
    at vu (https://runtime-assets.adalo.com/static/js/main.79e9a9ca.js:2:4445971)
    at yu (https://runtime-assets.adalo.com/static/js/main.79e9a9ca.js:2:4445834)
    at uu (https://runtime-assets.adalo.com/static/js/main.79e9a9ca.js:2:4442950)
    at Wo (https://runtime-assets.adalo.com/static/js/main.79e9a9ca.js:2:4383545)
    at https://runtime-assets.adalo.com/static/js/main.79e9a9ca.js:2:4440547 {"id":"dx862l5uvza6ics9aj30xud64","type":"binding","label":"name","source":{"type":"field","source":{"type":"data","source":null,"tableId":"t_80c852bba70544a6a98079124dfc8e10","dataType":"object","selector":{"type":"CURRENT_USER_SELECTOR"},"datasourceId":"4dba133b22784a13b18b1a791cfdd211"},"fieldId":"name","dataType":"text"},"bindingType":"libraryProp","childBindings":[],"siblingBindings":["82jnplk3ef502gh5ra15iven5","alb6jx052np69houarjepkzxt","d4ccnilspvhusn5vln7fnumoq","e1u2k5uadbzmnwqydjuj41a8s","el4yprrbnqt3re35jo8dnbq8u","a523cf05i53tfa1bas0wgcebu","22a4gatllq388sgqrwk9hg2t6","a9kncdenpdwn86cruysxqr9b8","6mz0b5cugikqk54s5zozthbzy","br9652mqlrwn0h0cretf6p9zx","28us5z1bh4mkf4afr7o4k7rx7","18hbzwi2guish96ccpaonxxk4","1ggvf2r6q7go47x48nu91ucjq","42ksl48yfdoh4nqvc6timfr64","54a7sb35ft40ry0jfk4h0eyko","7h1o8zkry3k0wp4pv0b9wzr15","0ymorhi8eb1nrs3elbg40pr1z","7nbe807feozxlvbrxv7oj75u5","70hnqwp00hw0kge0jgrzr4qf7","9u8oqksftkn3agm4ipoxrsbjx","9ug8uo6o17gleq6ylnj6qavgv","cbmpybstng5h4paecr60bbabe","cgauy5zngx8hftafb99hggnr6","9bh37hevrfmh9j65ey3t5d3jo","0c5zgo2nqaryc6h436fzq1917","9p2sxifrpgjp9fcdjbogo7dpj","5byx6g0lyx65555o4o1mw38zy","0sy2fxg7c83fjpl4lvo6tfrca","7jvkthazbah1b1wn1dcq3mnyb","3x7z0ehqdtk40uxmkcuily2uh","bcd0wc7fh65tlses260mvipw8","8e2q1qbluecvdigvy8zv8paa3","4xchnrnt0ghb5js0a9hcrq4w4","7razvctmyk23l0rd9yiv57sb7","1ngsxv2y81cymdir3xvr6shvl","bak8qlbpq9rlper30e6e2kmbg","czpqup69r43tp8s7bbwzsdnh8","2yexwfwi4p5bmiwdnt7ihq5yl","bl7mk740xtdpww5ry0zu85njs","6hxt8v85e3b3e7ieyj1lyzzwz","e2nh4d93yibu4dlslg6bgmc4a","dtve1dk2jd447mh82v6otn2lz","33a6dundlksh174piduuamiho","18ga0zwqxp8u5efdlsdv82r8d","bwqw1eamimneq8zb7g2an5mid","e7yn04cnn5a3r9ni1gmanib8f","8rarref319wusbtpmj6ysddwn","85nsihg7i4vwig5xk4apauurc","83avks0gii65yn86ol2ykg9jn","77pmx827axqp70xpq5n2fs2iw","akt84ne10f21gvu1zo4a0tnky","crfi8mkht317b5t194gdx4f5y","e0byem1czlsmxycm97vuwkurs","1qc0kbf266t9we5xpxwyzrja6","2mu20s4gvb4upajd4k9v0p4lv"]} @ https://runtime-assets.adalo.com/static/js/main.79e9a9ca.js:1
[   48350ms] [WARNING] SKIPPING ERRONEOUS DEPENDENCY Error: Selector failed: {"type":"CURRENT_USER_SELECTOR"}
    at G (https://runtime-assets.adalo.com/static/js/main.79e9a9ca.js:2:468532)
    at t.getDependencies (https://runtime-assets.adalo.com/static/js/main.79e9a9ca.js:2:467260)
    at w.isManuallyPaginated (https://runtime-assets.adalo.com/static/js/main.79e9a9ca.js:2:348848)
    at w.getTableDataRowsForPage (https://runtime-assets.adalo.com/static/js/main.79e9a9ca.js:2:369833)
    at w.getTableDataRows (https://runtime-assets.adalo.com/static/js/main.79e9a9ca.js:2:370168)
    at w.render (https://runtime-assets.adalo.com/static/js/main.79e9a9ca.js:2:371443)
    at Ds (https://runtime-assets.adalo.com/static/js/main.79e9a9ca.js:2:4414574)
    at Ls (https://runtime-assets.adalo.com/static/js/main.79e9a9ca.js:2:4414370)
    at Ml (https://runtime-assets.adalo.com/static/js/main.79e9a9ca.js:2:4457902)
    at bu (https://runtime-assets.adalo.com/static/js/main.79e9a9ca.js:2:4446043)
    at vu (https://runtime-assets.adalo.com/static/js/main.79e9a9ca.js:2:4445971)
    at yu (https://runtime-assets.adalo.com/static/js/main.79e9a9ca.js:2:4445834)
    at uu (https://runtime-assets.adalo.com/static/js/main.79e9a9ca.js:2:4442950)
    at Wo (https://runtime-assets.adalo.com/static/js/main.79e9a9ca.js:2:4383545)
    at https://runtime-assets.adalo.com/static/js/main.79e9a9ca.js:2:4440547 {"id":"cbmpybstng5h4paecr60bbabe","type":"binding","label":"name","source":{"type":"field","source":{"type":"data","source":null,"tableId":"t_80c852bba70544a6a98079124dfc8e10","dataType":"object","selector":{"type":"CURRENT_USER_SELECTOR"},"datasourceId":"4dba133b22784a13b18b1a791cfdd211"},"fieldId":"name","dataType":"text"},"bindingType":"libraryProp","childBindings":[],"siblingBindings":["82jnplk3ef502gh5ra15iven5","alb6jx052np69houarjepkzxt","d4ccnilspvhusn5vln7fnumoq","e1u2k5uadbzmnwqydjuj41a8s","el4yprrbnqt3re35jo8dnbq8u","a523cf05i53tfa1bas0wgcebu","22a4gatllq388sgqrwk9hg2t6","a9kncdenpdwn86cruysxqr9b8","6mz0b5cugikqk54s5zozthbzy","br9652mqlrwn0h0cretf6p9zx","28us5z1bh4mkf4afr7o4k7rx7","18hbzwi2guish96ccpaonxxk4","1ggvf2r6q7go47x48nu91ucjq","42ksl48yfdoh4nqvc6timfr64","54a7sb35ft40ry0jfk4h0eyko","7h1o8zkry3k0wp4pv0b9wzr15","0ymorhi8eb1nrs3elbg40pr1z","7nbe807feozxlvbrxv7oj75u5","70hnqwp00hw0kge0jgrzr4qf7","9u8oqksftkn3agm4ipoxrsbjx","9ug8uo6o17gleq6ylnj6qavgv","dx862l5uvza6ics9aj30xud64","cgauy5zngx8hftafb99hggnr6","9bh37hevrfmh9j65ey3t5d3jo","0c5zgo2nqaryc6h436fzq1917","9p2sxifrpgjp9fcdjbogo7dpj","5byx6g0lyx65555o4o1mw38zy","0sy2fxg7c83fjpl4lvo6tfrca","7jvkthazbah1b1wn1dcq3mnyb","3x7z0ehqdtk40uxmkcuily2uh","bcd0wc7fh65tlses260mvipw8","8e2q1qbluecvdigvy8zv8paa3","4xchnrnt0ghb5js0a9hcrq4w4","7razvctmyk23l0rd9yiv57sb7","1ngsxv2y81cymdir3xvr6shvl","bak8qlbpq9rlper30e6e2kmbg","czpqup69r43tp8s7bbwzsdnh8","2yexwfwi4p5bmiwdnt7ihq5yl","bl7mk740xtdpww5ry0zu85njs","6hxt8v85e3b3e7ieyj1lyzzwz","e2nh4d93yibu4dlslg6bgmc4a","dtve1dk2jd447mh82v6otn2lz","33a6dundlksh174piduuamiho","18ga0zwqxp8u5efdlsdv82r8d","bwqw1eamimneq8zb7g2an5mid","e7yn04cnn5a3r9ni1gmanib8f","8rarref319wusbtpmj6ysddwn","85nsihg7i4vwig5xk4apauurc","83avks0gii65yn86ol2ykg9jn","77pmx827axqp70xpq5n2fs2iw","akt84ne10f21gvu1zo4a0tnky","crfi8mkht317b5t194gdx4f5y","e0byem1czlsmxycm97vuwkurs","1qc0kbf266t9we5xpxwyzrja6","2mu20s4gvb4upajd4k9v0p4lv"]} @ https://runtime-assets.adalo.com/static/js/main.79e9a9ca.js:1
[   48351ms] [WARNING] SKIPPING ERRONEOUS DEPENDENCY Error: Selector failed: {"type":"CURRENT_USER_SELECTOR"}
    at G (https://runtime-assets.adalo.com/static/js/main.79e9a9ca.js:2:468532)
    at t.getDependencies (https://runtime-assets.adalo.com/static/js/main.79e9a9ca.js:2:467260)
    at w.isManuallyPaginated (https://runtime-assets.adalo.com/static/js/main.79e9a9ca.js:2:348848)
    at w.getTableDataRowsForPage (https://runtime-assets.adalo.com/static/js/main.79e9a9ca.js:2:369833)
    at w.getTableDataRows (https://runtime-assets.adalo.com/static/js/main.79e9a9ca.js:2:370168)
    at w.render (https://runtime-assets.adalo.com/static/js/main.79e9a9ca.js:2:371443)
    at Ds (https://runtime-assets.adalo.com/static/js/main.79e9a9ca.js:2:4414574)
    at Ls (https://runtime-assets.adalo.com/static/js/main.79e9a9ca.js:2:4414370)
    at Ml (https://runtime-assets.adalo.com/static/js/main.79e9a9ca.js:2:4457902)
    at bu (https://runtime-assets.adalo.com/static/js/main.79e9a9ca.js:2:4446043)
    at vu (https://runtime-assets.adalo.com/static/js/main.79e9a9ca.js:2:4445971)
    at yu (https://runtime-assets.adalo.com/static/js/main.79e9a9ca.js:2:4445834)
    at uu (https://runtime-assets.adalo.com/static/js/main.79e9a9ca.js:2:4442950)
    at Wo (https://runtime-assets.adalo.com/static/js/main.79e9a9ca.js:2:4383545)
    at https://runtime-assets.adalo.com/static/js/main.79e9a9ca.js:2:4440547 {"id":"dx862l5uvza6ics9aj30xud64","type":"binding","label":"name","source":{"type":"field","source":{"type":"data","source":null,"tableId":"t_80c852bba70544a6a98079124dfc8e10","dataType":"object","selector":{"type":"CURRENT_USER_SELECTOR"},"datasourceId":"4dba133b22784a13b18b1a791cfdd211"},"fieldId":"name","dataType":"text"},"bindingType":"libraryProp","childBindings":[],"siblingBindings":["82jnplk3ef502gh5ra15iven5","alb6jx052np69houarjepkzxt","d4ccnilspvhusn5vln7fnumoq","e1u2k5uadbzmnwqydjuj41a8s","el4yprrbnqt3re35jo8dnbq8u","a523cf05i53tfa1bas0wgcebu","22a4gatllq388sgqrwk9hg2t6","a9kncdenpdwn86cruysxqr9b8","6mz0b5cugikqk54s5zozthbzy","br9652mqlrwn0h0cretf6p9zx","28us5z1bh4mkf4afr7o4k7rx7","18hbzwi2guish96ccpaonxxk4","1ggvf2r6q7go47x48nu91ucjq","42ksl48yfdoh4nqvc6timfr64","54a7sb35ft40ry0jfk4h0eyko","7h1o8zkry3k0wp4pv0b9wzr15","0ymorhi8eb1nrs3elbg40pr1z","7nbe807feozxlvbrxv7oj75u5","70hnqwp00hw0kge0jgrzr4qf7","9u8oqksftkn3agm4ipoxrsbjx","9ug8uo6o17gleq6ylnj6qavgv","cbmpybstng5h4paecr60bbabe","cgauy5zngx8hftafb99hggnr6","9bh37hevrfmh9j65ey3t5d3jo","0c5zgo2nqaryc6h436fzq1917","9p2sxifrpgjp9fcdjbogo7dpj","5byx6g0lyx65555o4o1mw38zy","0sy2fxg7c83fjpl4lvo6tfrca","7jvkthazbah1b1wn1dcq3mnyb","3x7z0ehqdtk40uxmkcuily2uh","bcd0wc7fh65tlses260mvipw8","8e2q1qbluecvdigvy8zv8paa3","4xchnrnt0ghb5js0a9hcrq4w4","7razvctmyk23l0rd9yiv57sb7","1ngsxv2y81cymdir3xvr6shvl","bak8qlbpq9rlper30e6e2kmbg","czpqup69r43tp8s7bbwzsdnh8","2yexwfwi4p5bmiwdnt7ihq5yl","bl7mk740xtdpww5ry0zu85njs","6hxt8v85e3b3e7ieyj1lyzzwz","e2nh4d93yibu4dlslg6bgmc4a","dtve1dk2jd447mh82v6otn2lz","33a6dundlksh174piduuamiho","18ga0zwqxp8u5efdlsdv82r8d","bwqw1eamimneq8zb7g2an5mid","e7yn04cnn5a3r9ni1gmanib8f","8rarref319wusbtpmj6ysddwn","85nsihg7i4vwig5xk4apauurc","83avks0gii65yn86ol2ykg9jn","77pmx827axqp70xpq5n2fs2iw","akt84ne10f21gvu1zo4a0tnky","crfi8mkht317b5t194gdx4f5y","e0byem1czlsmxycm97vuwkurs","1qc0kbf266t9we5xpxwyzrja6","2mu20s4gvb4upajd4k9v0p4lv"]} @ https://runtime-assets.adalo.com/static/js/main.79e9a9ca.js:1
[   48352ms] [WARNING] SKIPPING ERRONEOUS DEPENDENCY Error: Selector failed: {"type":"CURRENT_USER_SELECTOR"}
    at G (https://runtime-assets.adalo.com/static/js/main.79e9a9ca.js:2:468532)
    at t.getDependencies (https://runtime-assets.adalo.com/static/js/main.79e9a9ca.js:2:467260)
    at w.isManuallyPaginated (https://runtime-assets.adalo.com/static/js/main.79e9a9ca.js:2:348848)
    at w.renderPaginationControls (https://runtime-assets.adalo.com/static/js/main.79e9a9ca.js:2:370838)
    at w.render (https://runtime-assets.adalo.com/static/js/main.79e9a9ca.js:2:372453)
    at Ds (https://runtime-assets.adalo.com/static/js/main.79e9a9ca.js:2:4414574)
    at Ls (https://runtime-assets.adalo.com/static/js/main.79e9a9ca.js:2:4414370)
    at Ml (https://runtime-assets.adalo.com/static/js/main.79e9a9ca.js:2:4457902)
    at bu (https://runtime-assets.adalo.com/static/js/main.79e9a9ca.js:2:4446043)
    at vu (https://runtime-assets.adalo.com/static/js/main.79e9a9ca.js:2:4445971)
    at yu (https://runtime-assets.adalo.com/static/js/main.79e9a9ca.js:2:4445834)
    at uu (https://runtime-assets.adalo.com/static/js/main.79e9a9ca.js:2:4442950)
    at Wo (https://runtime-assets.adalo.com/static/js/main.79e9a9ca.js:2:4383545)
    at https://runtime-assets.adalo.com/static/js/main.79e9a9ca.js:2:4440547 {"id":"cbmpybstng5h4paecr60bbabe","type":"binding","label":"name","source":{"type":"field","source":{"type":"data","source":null,"tableId":"t_80c852bba70544a6a98079124dfc8e10","dataType":"object","selector":{"type":"CURRENT_USER_SELECTOR"},"datasourceId":"4dba133b22784a13b18b1a791cfdd211"},"fieldId":"name","dataType":"text"},"bindingType":"libraryProp","childBindings":[],"siblingBindings":["82jnplk3ef502gh5ra15iven5","alb6jx052np69houarjepkzxt","d4ccnilspvhusn5vln7fnumoq","e1u2k5uadbzmnwqydjuj41a8s","el4yprrbnqt3re35jo8dnbq8u","a523cf05i53tfa1bas0wgcebu","22a4gatllq388sgqrwk9hg2t6","a9kncdenpdwn86cruysxqr9b8","6mz0b5cugikqk54s5zozthbzy","br9652mqlrwn0h0cretf6p9zx","28us5z1bh4mkf4afr7o4k7rx7","18hbzwi2guish96ccpaonxxk4","1ggvf2r6q7go47x48nu91ucjq","42ksl48yfdoh4nqvc6timfr64","54a7sb35ft40ry0jfk4h0eyko","7h1o8zkry3k0wp4pv0b9wzr15","0ymorhi8eb1nrs3elbg40pr1z","7nbe807feozxlvbrxv7oj75u5","70hnqwp00hw0kge0jgrzr4qf7","9u8oqksftkn3agm4ipoxrsbjx","9ug8uo6o17gleq6ylnj6qavgv","dx862l5uvza6ics9aj30xud64","cgauy5zngx8hftafb99hggnr6","9bh37hevrfmh9j65ey3t5d3jo","0c5zgo2nqaryc6h436fzq1917","9p2sxifrpgjp9fcdjbogo7dpj","5byx6g0lyx65555o4o1mw38zy","0sy2fxg7c83fjpl4lvo6tfrca","7jvkthazbah1b1wn1dcq3mnyb","3x7z0ehqdtk40uxmkcuily2uh","bcd0wc7fh65tlses260mvipw8","8e2q1qbluecvdigvy8zv8paa3","4xchnrnt0ghb5js0a9hcrq4w4","7razvctmyk23l0rd9yiv57sb7","1ngsxv2y81cymdir3xvr6shvl","bak8qlbpq9rlper30e6e2kmbg","czpqup69r43tp8s7bbwzsdnh8","2yexwfwi4p5bmiwdnt7ihq5yl","bl7mk740xtdpww5ry0zu85njs","6hxt8v85e3b3e7ieyj1lyzzwz","e2nh4d93yibu4dlslg6bgmc4a","dtve1dk2jd447mh82v6otn2lz","33a6dundlksh174piduuamiho","18ga0zwqxp8u5efdlsdv82r8d","bwqw1eamimneq8zb7g2an5mid","e7yn04cnn5a3r9ni1gmanib8f","8rarref319wusbtpmj6ysddwn","85nsihg7i4vwig5xk4apauurc","83avks0gii65yn86ol2ykg9jn","77pmx827axqp70xpq5n2fs2iw","akt84ne10f21gvu1zo4a0tnky","crfi8mkht317b5t194gdx4f5y","e0byem1czlsmxycm97vuwkurs","1qc0kbf266t9we5xpxwyzrja6","2mu20s4gvb4upajd4k9v0p4lv"]} @ https://runtime-assets.adalo.com/static/js/main.79e9a9ca.js:1
[   48353ms] [WARNING] SKIPPING ERRONEOUS DEPENDENCY Error: Selector failed: {"type":"CURRENT_USER_SELECTOR"}
    at G (https://runtime-assets.adalo.com/static/js/main.79e9a9ca.js:2:468532)
    at t.getDependencies (https://runtime-assets.adalo.com/static/js/main.79e9a9ca.js:2:467260)
    at w.isManuallyPaginated (https://runtime-assets.adalo.com/static/js/main.79e9a9ca.js:2:348848)
    at w.renderPaginationControls (https://runtime-assets.adalo.com/static/js/main.79e9a9ca.js:2:370838)
    at w.render (https://runtime-assets.adalo.com/static/js/main.79e9a9ca.js:2:372453)
    at Ds (https://runtime-assets.adalo.com/static/js/main.79e9a9ca.js:2:4414574)
    at Ls (https://runtime-assets.adalo.com/static/js/main.79e9a9ca.js:2:4414370)
    at Ml (https://runtime-assets.adalo.com/static/js/main.79e9a9ca.js:2:4457902)
    at bu (https://runtime-assets.adalo.com/static/js/main.79e9a9ca.js:2:4446043)
    at vu (https://runtime-assets.adalo.com/static/js/main.79e9a9ca.js:2:4445971)
    at yu (https://runtime-assets.adalo.com/static/js/main.79e9a9ca.js:2:4445834)
    at uu (https://runtime-assets.adalo.com/static/js/main.79e9a9ca.js:2:4442950)
    at Wo (https://runtime-assets.adalo.com/static/js/main.79e9a9ca.js:2:4383545)
    at https://runtime-assets.adalo.com/static/js/main.79e9a9ca.js:2:4440547 {"id":"dx862l5uvza6ics9aj30xud64","type":"binding","label":"name","source":{"type":"field","source":{"type":"data","source":null,"tableId":"t_80c852bba70544a6a98079124dfc8e10","dataType":"object","selector":{"type":"CURRENT_USER_SELECTOR"},"datasourceId":"4dba133b22784a13b18b1a791cfdd211"},"fieldId":"name","dataType":"text"},"bindingType":"libraryProp","childBindings":[],"siblingBindings":["82jnplk3ef502gh5ra15iven5","alb6jx052np69houarjepkzxt","d4ccnilspvhusn5vln7fnumoq","e1u2k5uadbzmnwqydjuj41a8s","el4yprrbnqt3re35jo8dnbq8u","a523cf05i53tfa1bas0wgcebu","22a4gatllq388sgqrwk9hg2t6","a9kncdenpdwn86cruysxqr9b8","6mz0b5cugikqk54s5zozthbzy","br9652mqlrwn0h0cretf6p9zx","28us5z1bh4mkf4afr7o4k7rx7","18hbzwi2guish96ccpaonxxk4","1ggvf2r6q7go47x48nu91ucjq","42ksl48yfdoh4nqvc6timfr64","54a7sb35ft40ry0jfk4h0eyko","7h1o8zkry3k0wp4pv0b9wzr15","0ymorhi8eb1nrs3elbg40pr1z","7nbe807feozxlvbrxv7oj75u5","70hnqwp00hw0kge0jgrzr4qf7","9u8oqksftkn3agm4ipoxrsbjx","9ug8uo6o17gleq6ylnj6qavgv","cbmpybstng5h4paecr60bbabe","cgauy5zngx8hftafb99hggnr6","9bh37hevrfmh9j65ey3t5d3jo","0c5zgo2nqaryc6h436fzq1917","9p2sxifrpgjp9fcdjbogo7dpj","5byx6g0lyx65555o4o1mw38zy","0sy2fxg7c83fjpl4lvo6tfrca","7jvkthazbah1b1wn1dcq3mnyb","3x7z0ehqdtk40uxmkcuily2uh","bcd0wc7fh65tlses260mvipw8","8e2q1qbluecvdigvy8zv8paa3","4xchnrnt0ghb5js0a9hcrq4w4","7razvctmyk23l0rd9yiv57sb7","1ngsxv2y81cymdir3xvr6shvl","bak8qlbpq9rlper30e6e2kmbg","czpqup69r43tp8s7bbwzsdnh8","2yexwfwi4p5bmiwdnt7ihq5yl","bl7mk740xtdpww5ry0zu85njs","6hxt8v85e3b3e7ieyj1lyzzwz","e2nh4d93yibu4dlslg6bgmc4a","dtve1dk2jd447mh82v6otn2lz","33a6dundlksh174piduuamiho","18ga0zwqxp8u5efdlsdv82r8d","bwqw1eamimneq8zb7g2an5mid","e7yn04cnn5a3r9ni1gmanib8f","8rarref319wusbtpmj6ysddwn","85nsihg7i4vwig5xk4apauurc","83avks0gii65yn86ol2ykg9jn","77pmx827axqp70xpq5n2fs2iw","akt84ne10f21gvu1zo4a0tnky","crfi8mkht317b5t194gdx4f5y","e0byem1czlsmxycm97vuwkurs","1qc0kbf266t9we5xpxwyzrja6","2mu20s4gvb4upajd4k9v0p4lv"]} @ https://runtime-assets.adalo.com/static/js/main.79e9a9ca.js:1
[   48354ms] [WARNING] SKIPPING ERRONEOUS DEPENDENCY Error: Selector failed: {"type":"CURRENT_USER_SELECTOR"}
    at G (https://runtime-assets.adalo.com/static/js/main.79e9a9ca.js:2:468532)
    at t.getDependencies (https://runtime-assets.adalo.com/static/js/main.79e9a9ca.js:2:467260)
    at w.isManuallyPaginated (https://runtime-assets.adalo.com/static/js/main.79e9a9ca.js:2:348848)
    at w.getTableDataRowsForPage (https://runtime-assets.adalo.com/static/js/main.79e9a9ca.js:2:369833)
    at w.renderPaginationControls (https://runtime-assets.adalo.com/static/js/main.79e9a9ca.js:2:370943)
    at w.render (https://runtime-assets.adalo.com/static/js/main.79e9a9ca.js:2:372453)
    at Ds (https://runtime-assets.adalo.com/static/js/main.79e9a9ca.js:2:4414574)
    at Ls (https://runtime-assets.adalo.com/static/js/main.79e9a9ca.js:2:4414370)
    at Ml (https://runtime-assets.adalo.com/static/js/main.79e9a9ca.js:2:4457902)
    at bu (https://runtime-assets.adalo.com/static/js/main.79e9a9ca.js:2:4446043)
    at vu (https://runtime-assets.adalo.com/static/js/main.79e9a9ca.js:2:4445971)
    at yu (https://runtime-assets.adalo.com/static/js/main.79e9a9ca.js:2:4445834)
    at uu (https://runtime-assets.adalo.com/static/js/main.79e9a9ca.js:2:4442950)
    at Wo (https://runtime-assets.adalo.com/static/js/main.79e9a9ca.js:2:4383545)
    at https://runtime-assets.adalo.com/static/js/main.79e9a9ca.js:2:4440547 {"id":"cbmpybstng5h4paecr60bbabe","type":"binding","label":"name","source":{"type":"field","source":{"type":"data","source":null,"tableId":"t_80c852bba70544a6a98079124dfc8e10","dataType":"object","selector":{"type":"CURRENT_USER_SELECTOR"},"datasourceId":"4dba133b22784a13b18b1a791cfdd211"},"fieldId":"name","dataType":"text"},"bindingType":"libraryProp","childBindings":[],"siblingBindings":["82jnplk3ef502gh5ra15iven5","alb6jx052np69houarjepkzxt","d4ccnilspvhusn5vln7fnumoq","e1u2k5uadbzmnwqydjuj41a8s","el4yprrbnqt3re35jo8dnbq8u","a523cf05i53tfa1bas0wgcebu","22a4gatllq388sgqrwk9hg2t6","a9kncdenpdwn86cruysxqr9b8","6mz0b5cugikqk54s5zozthbzy","br9652mqlrwn0h0cretf6p9zx","28us5z1bh4mkf4afr7o4k7rx7","18hbzwi2guish96ccpaonxxk4","1ggvf2r6q7go47x48nu91ucjq","42ksl48yfdoh4nqvc6timfr64","54a7sb35ft40ry0jfk4h0eyko","7h1o8zkry3k0wp4pv0b9wzr15","0ymorhi8eb1nrs3elbg40pr1z","7nbe807feozxlvbrxv7oj75u5","70hnqwp00hw0kge0jgrzr4qf7","9u8oqksftkn3agm4ipoxrsbjx","9ug8uo6o17gleq6ylnj6qavgv","dx862l5uvza6ics9aj30xud64","cgauy5zngx8hftafb99hggnr6","9bh37hevrfmh9j65ey3t5d3jo","0c5zgo2nqaryc6h436fzq1917","9p2sxifrpgjp9fcdjbogo7dpj","5byx6g0lyx65555o4o1mw38zy","0sy2fxg7c83fjpl4lvo6tfrca","7jvkthazbah1b1wn1dcq3mnyb","3x7z0ehqdtk40uxmkcuily2uh","bcd0wc7fh65tlses260mvipw8","8e2q1qbluecvdigvy8zv8paa3","4xchnrnt0ghb5js0a9hcrq4w4","7razvctmyk23l0rd9yiv57sb7","1ngsxv2y81cymdir3xvr6shvl","bak8qlbpq9rlper30e6e2kmbg","czpqup69r43tp8s7bbwzsdnh8","2yexwfwi4p5bmiwdnt7ihq5yl","bl7mk740xtdpww5ry0zu85njs","6hxt8v85e3b3e7ieyj1lyzzwz","e2nh4d93yibu4dlslg6bgmc4a","dtve1dk2jd447mh82v6otn2lz","33a6dundlksh174piduuamiho","18ga0zwqxp8u5efdlsdv82r8d","bwqw1eamimneq8zb7g2an5mid","e7yn04cnn5a3r9ni1gmanib8f","8rarref319wusbtpmj6ysddwn","85nsihg7i4vwig5xk4apauurc","83avks0gii65yn86ol2ykg9jn","77pmx827axqp70xpq5n2fs2iw","akt84ne10f21gvu1zo4a0tnky","crfi8mkht317b5t194gdx4f5y","e0byem1czlsmxycm97vuwkurs","1qc0kbf266t9we5xpxwyzrja6","2mu20s4gvb4upajd4k9v0p4lv"]} @ https://runtime-assets.adalo.com/static/js/main.79e9a9ca.js:1
[   48355ms] [WARNING] SKIPPING ERRONEOUS DEPENDENCY Error: Selector failed: {"type":"CURRENT_USER_SELECTOR"}
    at G (https://runtime-assets.adalo.com/static/js/main.79e9a9ca.js:2:468532)
    at t.getDependencies (https://runtime-assets.adalo.com/static/js/main.79e9a9ca.js:2:467260)
    at w.isManuallyPaginated (https://runtime-assets.adalo.com/static/js/main.79e9a9ca.js:2:348848)
    at w.getTableDataRowsForPage (https://runtime-assets.adalo.com/static/js/main.79e9a9ca.js:2:369833)
    at w.renderPaginationControls (https://runtime-assets.adalo.com/static/js/main.79e9a9ca.js:2:370943)
    at w.render (https://runtime-assets.adalo.com/static/js/main.79e9a9ca.js:2:372453)
    at Ds (https://runtime-assets.adalo.com/static/js/main.79e9a9ca.js:2:4414574)
    at Ls (https://runtime-assets.adalo.com/static/js/main.79e9a9ca.js:2:4414370)
    at Ml (https://runtime-assets.adalo.com/static/js/main.79e9a9ca.js:2:4457902)
    at bu (https://runtime-assets.adalo.com/static/js/main.79e9a9ca.js:2:4446043)
    at vu (https://runtime-assets.adalo.com/static/js/main.79e9a9ca.js:2:4445971)
    at yu (https://runtime-assets.adalo.com/static/js/main.79e9a9ca.js:2:4445834)
    at uu (https://runtime-assets.adalo.com/static/js/main.79e9a9ca.js:2:4442950)
    at Wo (https://runtime-assets.adalo.com/static/js/main.79e9a9ca.js:2:4383545)
    at https://runtime-assets.adalo.com/static/js/main.79e9a9ca.js:2:4440547 {"id":"dx862l5uvza6ics9aj30xud64","type":"binding","label":"name","source":{"type":"field","source":{"type":"data","source":null,"tableId":"t_80c852bba70544a6a98079124dfc8e10","dataType":"object","selector":{"type":"CURRENT_USER_SELECTOR"},"datasourceId":"4dba133b22784a13b18b1a791cfdd211"},"fieldId":"name","dataType":"text"},"bindingType":"libraryProp","childBindings":[],"siblingBindings":["82jnplk3ef502gh5ra15iven5","alb6jx052np69houarjepkzxt","d4ccnilspvhusn5vln7fnumoq","e1u2k5uadbzmnwqydjuj41a8s","el4yprrbnqt3re35jo8dnbq8u","a523cf05i53tfa1bas0wgcebu","22a4gatllq388sgqrwk9hg2t6","a9kncdenpdwn86cruysxqr9b8","6mz0b5cugikqk54s5zozthbzy","br9652mqlrwn0h0cretf6p9zx","28us5z1bh4mkf4afr7o4k7rx7","18hbzwi2guish96ccpaonxxk4","1ggvf2r6q7go47x48nu91ucjq","42ksl48yfdoh4nqvc6timfr64","54a7sb35ft40ry0jfk4h0eyko","7h1o8zkry3k0wp4pv0b9wzr15","0ymorhi8eb1nrs3elbg40pr1z","7nbe807feozxlvbrxv7oj75u5","70hnqwp00hw0kge0jgrzr4qf7","9u8oqksftkn3agm4ipoxrsbjx","9ug8uo6o17gleq6ylnj6qavgv","cbmpybstng5h4paecr60bbabe","cgauy5zngx8hftafb99hggnr6","9bh37hevrfmh9j65ey3t5d3jo","0c5zgo2nqaryc6h436fzq1917","9p2sxifrpgjp9fcdjbogo7dpj","5byx6g0lyx65555o4o1mw38zy","0sy2fxg7c83fjpl4lvo6tfrca","7jvkthazbah1b1wn1dcq3mnyb","3x7z0ehqdtk40uxmkcuily2uh","bcd0wc7fh65tlses260mvipw8","8e2q1qbluecvdigvy8zv8paa3","4xchnrnt0ghb5js0a9hcrq4w4","7razvctmyk23l0rd9yiv57sb7","1ngsxv2y81cymdir3xvr6shvl","bak8qlbpq9rlper30e6e2kmbg","czpqup69r43tp8s7bbwzsdnh8","2yexwfwi4p5bmiwdnt7ihq5yl","bl7mk740xtdpww5ry0zu85njs","6hxt8v85e3b3e7ieyj1lyzzwz","e2nh4d93yibu4dlslg6bgmc4a","dtve1dk2jd447mh82v6otn2lz","33a6dundlksh174piduuamiho","18ga0zwqxp8u5efdlsdv82r8d","bwqw1eamimneq8zb7g2an5mid","e7yn04cnn5a3r9ni1gmanib8f","8rarref319wusbtpmj6ysddwn","85nsihg7i4vwig5xk4apauurc","83avks0gii65yn86ol2ykg9jn","77pmx827axqp70xpq5n2fs2iw","akt84ne10f21gvu1zo4a0tnky","crfi8mkht317b5t194gdx4f5y","e0byem1czlsmxycm97vuwkurs","1qc0kbf266t9we5xpxwyzrja6","2mu20s4gvb4upajd4k9v0p4lv"]} @ https://runtime-assets.adalo.com/static/js/main.79e9a9ca.js:1
[   48550ms] [WARNING] SKIPPING ERRONEOUS DEPENDENCY Error: Selector failed: {"type":"CURRENT_USER_SELECTOR"}
    at G (https://runtime-assets.adalo.com/static/js/main.79e9a9ca.js:2:468532)
    at t.getDependencies (https://runtime-assets.adalo.com/static/js/main.79e9a9ca.js:2:467260)
    at w.isManuallyPaginated (https://runtime-assets.adalo.com/static/js/main.79e9a9ca.js:2:348848)
    at w.getTableDataRowsForPage (https://runtime-assets.adalo.com/static/js/main.79e9a9ca.js:2:369833)
    at w.getTableDataRows (https://runtime-assets.adalo.com/static/js/main.79e9a9ca.js:2:370168)
    at w.render (https://runtime-assets.adalo.com/static/js/main.79e9a9ca.js:2:371443)
    at Ds (https://runtime-assets.adalo.com/static/js/main.79e9a9ca.js:2:4414574)
    at Ls (https://runtime-assets.adalo.com/static/js/main.79e9a9ca.js:2:4414370)
    at Ml (https://runtime-assets.adalo.com/static/js/main.79e9a9ca.js:2:4457902)
    at bu (https://runtime-assets.adalo.com/static/js/main.79e9a9ca.js:2:4446043)
    at vu (https://runtime-assets.adalo.com/static/js/main.79e9a9ca.js:2:4445971)
    at yu (https://runtime-assets.adalo.com/static/js/main.79e9a9ca.js:2:4445834)
    at uu (https://runtime-assets.adalo.com/static/js/main.79e9a9ca.js:2:4442950)
    at Wo (https://runtime-assets.adalo.com/static/js/main.79e9a9ca.js:2:4383545)
    at https://runtime-assets.adalo.com/static/js/main.79e9a9ca.js:2:4440547 {"id":"cbmpybstng5h4paecr60bbabe","type":"binding","label":"name","source":{"type":"field","source":{"type":"data","source":null,"tableId":"t_80c852bba70544a6a98079124dfc8e10","dataType":"object","selector":{"type":"CURRENT_USER_SELECTOR"},"datasourceId":"4dba133b22784a13b18b1a791cfdd211"},"fieldId":"name","dataType":"text"},"bindingType":"libraryProp","childBindings":[],"siblingBindings":["82jnplk3ef502gh5ra15iven5","alb6jx052np69houarjepkzxt","d4ccnilspvhusn5vln7fnumoq","e1u2k5uadbzmnwqydjuj41a8s","el4yprrbnqt3re35jo8dnbq8u","a523cf05i53tfa1bas0wgcebu","22a4gatllq388sgqrwk9hg2t6","a9kncdenpdwn86cruysxqr9b8","6mz0b5cugikqk54s5zozthbzy","br9652mqlrwn0h0cretf6p9zx","28us5z1bh4mkf4afr7o4k7rx7","18hbzwi2guish96ccpaonxxk4","1ggvf2r6q7go47x48nu91ucjq","42ksl48yfdoh4nqvc6timfr64","54a7sb35ft40ry0jfk4h0eyko","7h1o8zkry3k0wp4pv0b9wzr15","0ymorhi8eb1nrs3elbg40pr1z","7nbe807feozxlvbrxv7oj75u5","70hnqwp00hw0kge0jgrzr4qf7","9u8oqksftkn3agm4ipoxrsbjx","9ug8uo6o17gleq6ylnj6qavgv","dx862l5uvza6ics9aj30xud64","cgauy5zngx8hftafb99hggnr6","9bh37hevrfmh9j65ey3t5d3jo","0c5zgo2nqaryc6h436fzq1917","9p2sxifrpgjp9fcdjbogo7dpj","5byx6g0lyx65555o4o1mw38zy","0sy2fxg7c83fjpl4lvo6tfrca","7jvkthazbah1b1wn1dcq3mnyb","3x7z0ehqdtk40uxmkcuily2uh","bcd0wc7fh65tlses260mvipw8","8e2q1qbluecvdigvy8zv8paa3","4xchnrnt0ghb5js0a9hcrq4w4","7razvctmyk23l0rd9yiv57sb7","1ngsxv2y81cymdir3xvr6shvl","bak8qlbpq9rlper30e6e2kmbg","czpqup69r43tp8s7bbwzsdnh8","2yexwfwi4p5bmiwdnt7ihq5yl","bl7mk740xtdpww5ry0zu85njs","6hxt8v85e3b3e7ieyj1lyzzwz","e2nh4d93yibu4dlslg6bgmc4a","dtve1dk2jd447mh82v6otn2lz","33a6dundlksh174piduuamiho","18ga0zwqxp8u5efdlsdv82r8d","bwqw1eamimneq8zb7g2an5mid","e7yn04cnn5a3r9ni1gmanib8f","8rarref319wusbtpmj6ysddwn","85nsihg7i4vwig5xk4apauurc","83avks0gii65yn86ol2ykg9jn","77pmx827axqp70xpq5n2fs2iw","akt84ne10f21gvu1zo4a0tnky","crfi8mkht317b5t194gdx4f5y","e0byem1czlsmxycm97vuwkurs","1qc0kbf266t9we5xpxwyzrja6","2mu20s4gvb4upajd4k9v0p4lv"]} @ https://runtime-assets.adalo.com/static/js/main.79e9a9ca.js:1
[   48550ms] [WARNING] SKIPPING ERRONEOUS DEPENDENCY Error: Selector failed: {"type":"CURRENT_USER_SELECTOR"}
    at G (https://runtime-assets.adalo.com/static/js/main.79e9a9ca.js:2:468532)
    at t.getDependencies (https://runtime-assets.adalo.com/static/js/main.79e9a9ca.js:2:467260)
    at w.isManuallyPaginated (https://runtime-assets.adalo.com/static/js/main.79e9a9ca.js:2:348848)
    at w.getTableDataRowsForPage (https://runtime-assets.adalo.com/static/js/main.79e9a9ca.js:2:369833)
    at w.getTableDataRows (https://runtime-assets.adalo.com/static/js/main.79e9a9ca.js:2:370168)
    at w.render (https://runtime-assets.adalo.com/static/js/main.79e9a9ca.js:2:371443)
    at Ds (https://runtime-assets.adalo.com/static/js/main.79e9a9ca.js:2:4414574)
    at Ls (https://runtime-assets.adalo.com/static/js/main.79e9a9ca.js:2:4414370)
    at Ml (https://runtime-assets.adalo.com/static/js/main.79e9a9ca.js:2:4457902)
    at bu (https://runtime-assets.adalo.com/static/js/main.79e9a9ca.js:2:4446043)
    at vu (https://runtime-assets.adalo.com/static/js/main.79e9a9ca.js:2:4445971)
    at yu (https://runtime-assets.adalo.com/static/js/main.79e9a9ca.js:2:4445834)
    at uu (https://runtime-assets.adalo.com/static/js/main.79e9a9ca.js:2:4442950)
    at Wo (https://runtime-assets.adalo.com/static/js/main.79e9a9ca.js:2:4383545)
    at https://runtime-assets.adalo.com/static/js/main.79e9a9ca.js:2:4440547 {"id":"dx862l5uvza6ics9aj30xud64","type":"binding","label":"name","source":{"type":"field","source":{"type":"data","source":null,"tableId":"t_80c852bba70544a6a98079124dfc8e10","dataType":"object","selector":{"type":"CURRENT_USER_SELECTOR"},"datasourceId":"4dba133b22784a13b18b1a791cfdd211"},"fieldId":"name","dataType":"text"},"bindingType":"libraryProp","childBindings":[],"siblingBindings":["82jnplk3ef502gh5ra15iven5","alb6jx052np69houarjepkzxt","d4ccnilspvhusn5vln7fnumoq","e1u2k5uadbzmnwqydjuj41a8s","el4yprrbnqt3re35jo8dnbq8u","a523cf05i53tfa1bas0wgcebu","22a4gatllq388sgqrwk9hg2t6","a9kncdenpdwn86cruysxqr9b8","6mz0b5cugikqk54s5zozthbzy","br9652mqlrwn0h0cretf6p9zx","28us5z1bh4mkf4afr7o4k7rx7","18hbzwi2guish96ccpaonxxk4","1ggvf2r6q7go47x48nu91ucjq","42ksl48yfdoh4nqvc6timfr64","54a7sb35ft40ry0jfk4h0eyko","7h1o8zkry3k0wp4pv0b9wzr15","0ymorhi8eb1nrs3elbg40pr1z","7nbe807feozxlvbrxv7oj75u5","70hnqwp00hw0kge0jgrzr4qf7","9u8oqksftkn3agm4ipoxrsbjx","9ug8uo6o17gleq6ylnj6qavgv","cbmpybstng5h4paecr60bbabe","cgauy5zngx8hftafb99hggnr6","9bh37hevrfmh9j65ey3t5d3jo","0c5zgo2nqaryc6h436fzq1917","9p2sxifrpgjp9fcdjbogo7dpj","5byx6g0lyx65555o4o1mw38zy","0sy2fxg7c83fjpl4lvo6tfrca","7jvkthazbah1b1wn1dcq3mnyb","3x7z0ehqdtk40uxmkcuily2uh","bcd0wc7fh65tlses260mvipw8","8e2q1qbluecvdigvy8zv8paa3","4xchnrnt0ghb5js0a9hcrq4w4","7razvctmyk23l0rd9yiv57sb7","1ngsxv2y81cymdir3xvr6shvl","bak8qlbpq9rlper30e6e2kmbg","czpqup69r43tp8s7bbwzsdnh8","2yexwfwi4p5bmiwdnt7ihq5yl","bl7mk740xtdpww5ry0zu85njs","6hxt8v85e3b3e7ieyj1lyzzwz","e2nh4d93yibu4dlslg6bgmc4a","dtve1dk2jd447mh82v6otn2lz","33a6dundlksh174piduuamiho","18ga0zwqxp8u5efdlsdv82r8d","bwqw1eamimneq8zb7g2an5mid","e7yn04cnn5a3r9ni1gmanib8f","8rarref319wusbtpmj6ysddwn","85nsihg7i4vwig5xk4apauurc","83avks0gii65yn86ol2ykg9jn","77pmx827axqp70xpq5n2fs2iw","akt84ne10f21gvu1zo4a0tnky","crfi8mkht317b5t194gdx4f5y","e0byem1czlsmxycm97vuwkurs","1qc0kbf266t9we5xpxwyzrja6","2mu20s4gvb4upajd4k9v0p4lv"]} @ https://runtime-assets.adalo.com/static/js/main.79e9a9ca.js:1
[   48551ms] [WARNING] SKIPPING ERRONEOUS DEPENDENCY Error: Selector failed: {"type":"CURRENT_USER_SELECTOR"}
    at G (https://runtime-assets.adalo.com/static/js/main.79e9a9ca.js:2:468532)
    at t.getDependencies (https://runtime-assets.adalo.com/static/js/main.79e9a9ca.js:2:467260)
    at w.isManuallyPaginated (https://runtime-assets.adalo.com/static/js/main.79e9a9ca.js:2:348848)
    at w.renderPaginationControls (https://runtime-assets.adalo.com/static/js/main.79e9a9ca.js:2:370838)
    at w.render (https://runtime-assets.adalo.com/static/js/main.79e9a9ca.js:2:372453)
    at Ds (https://runtime-assets.adalo.com/static/js/main.79e9a9ca.js:2:4414574)
    at Ls (https://runtime-assets.adalo.com/static/js/main.79e9a9ca.js:2:4414370)
    at Ml (https://runtime-assets.adalo.com/static/js/main.79e9a9ca.js:2:4457902)
    at bu (https://runtime-assets.adalo.com/static/js/main.79e9a9ca.js:2:4446043)
    at vu (https://runtime-assets.adalo.com/static/js/main.79e9a9ca.js:2:4445971)
    at yu (https://runtime-assets.adalo.com/static/js/main.79e9a9ca.js:2:4445834)
    at uu (https://runtime-assets.adalo.com/static/js/main.79e9a9ca.js:2:4442950)
    at Wo (https://runtime-assets.adalo.com/static/js/main.79e9a9ca.js:2:4383545)
    at https://runtime-assets.adalo.com/static/js/main.79e9a9ca.js:2:4440547 {"id":"cbmpybstng5h4paecr60bbabe","type":"binding","label":"name","source":{"type":"field","source":{"type":"data","source":null,"tableId":"t_80c852bba70544a6a98079124dfc8e10","dataType":"object","selector":{"type":"CURRENT_USER_SELECTOR"},"datasourceId":"4dba133b22784a13b18b1a791cfdd211"},"fieldId":"name","dataType":"text"},"bindingType":"libraryProp","childBindings":[],"siblingBindings":["82jnplk3ef502gh5ra15iven5","alb6jx052np69houarjepkzxt","d4ccnilspvhusn5vln7fnumoq","e1u2k5uadbzmnwqydjuj41a8s","el4yprrbnqt3re35jo8dnbq8u","a523cf05i53tfa1bas0wgcebu","22a4gatllq388sgqrwk9hg2t6","a9kncdenpdwn86cruysxqr9b8","6mz0b5cugikqk54s5zozthbzy","br9652mqlrwn0h0cretf6p9zx","28us5z1bh4mkf4afr7o4k7rx7","18hbzwi2guish96ccpaonxxk4","1ggvf2r6q7go47x48nu91ucjq","42ksl48yfdoh4nqvc6timfr64","54a7sb35ft40ry0jfk4h0eyko","7h1o8zkry3k0wp4pv0b9wzr15","0ymorhi8eb1nrs3elbg40pr1z","7nbe807feozxlvbrxv7oj75u5","70hnqwp00hw0kge0jgrzr4qf7","9u8oqksftkn3agm4ipoxrsbjx","9ug8uo6o17gleq6ylnj6qavgv","dx862l5uvza6ics9aj30xud64","cgauy5zngx8hftafb99hggnr6","9bh37hevrfmh9j65ey3t5d3jo","0c5zgo2nqaryc6h436fzq1917","9p2sxifrpgjp9fcdjbogo7dpj","5byx6g0lyx65555o4o1mw38zy","0sy2fxg7c83fjpl4lvo6tfrca","7jvkthazbah1b1wn1dcq3mnyb","3x7z0ehqdtk40uxmkcuily2uh","bcd0wc7fh65tlses260mvipw8","8e2q1qbluecvdigvy8zv8paa3","4xchnrnt0ghb5js0a9hcrq4w4","7razvctmyk23l0rd9yiv57sb7","1ngsxv2y81cymdir3xvr6shvl","bak8qlbpq9rlper30e6e2kmbg","czpqup69r43tp8s7bbwzsdnh8","2yexwfwi4p5bmiwdnt7ihq5yl","bl7mk740xtdpww5ry0zu85njs","6hxt8v85e3b3e7ieyj1lyzzwz","e2nh4d93yibu4dlslg6bgmc4a","dtve1dk2jd447mh82v6otn2lz","33a6dundlksh174piduuamiho","18ga0zwqxp8u5efdlsdv82r8d","bwqw1eamimneq8zb7g2an5mid","e7yn04cnn5a3r9ni1gmanib8f","8rarref319wusbtpmj6ysddwn","85nsihg7i4vwig5xk4apauurc","83avks0gii65yn86ol2ykg9jn","77pmx827axqp70xpq5n2fs2iw","akt84ne10f21gvu1zo4a0tnky","crfi8mkht317b5t194gdx4f5y","e0byem1czlsmxycm97vuwkurs","1qc0kbf266t9we5xpxwyzrja6","2mu20s4gvb4upajd4k9v0p4lv"]} @ https://runtime-assets.adalo.com/static/js/main.79e9a9ca.js:1
[   48552ms] [WARNING] SKIPPING ERRONEOUS DEPENDENCY Error: Selector failed: {"type":"CURRENT_USER_SELECTOR"}
    at G (https://runtime-assets.adalo.com/static/js/main.79e9a9ca.js:2:468532)
    at t.getDependencies (https://runtime-assets.adalo.com/static/js/main.79e9a9ca.js:2:467260)
    at w.isManuallyPaginated (https://runtime-assets.adalo.com/static/js/main.79e9a9ca.js:2:348848)
    at w.renderPaginationControls (https://runtime-assets.adalo.com/static/js/main.79e9a9ca.js:2:370838)
    at w.render (https://runtime-assets.adalo.com/static/js/main.79e9a9ca.js:2:372453)
    at Ds (https://runtime-assets.adalo.com/static/js/main.79e9a9ca.js:2:4414574)
    at Ls (https://runtime-assets.adalo.com/static/js/main.79e9a9ca.js:2:4414370)
    at Ml (https://runtime-assets.adalo.com/static/js/main.79e9a9ca.js:2:4457902)
    at bu (https://runtime-assets.adalo.com/static/js/main.79e9a9ca.js:2:4446043)
    at vu (https://runtime-assets.adalo.com/static/js/main.79e9a9ca.js:2:4445971)
    at yu (https://runtime-assets.adalo.com/static/js/main.79e9a9ca.js:2:4445834)
    at uu (https://runtime-assets.adalo.com/static/js/main.79e9a9ca.js:2:4442950)
    at Wo (https://runtime-assets.adalo.com/static/js/main.79e9a9ca.js:2:4383545)
    at https://runtime-assets.adalo.com/static/js/main.79e9a9ca.js:2:4440547 {"id":"dx862l5uvza6ics9aj30xud64","type":"binding","label":"name","source":{"type":"field","source":{"type":"data","source":null,"tableId":"t_80c852bba70544a6a98079124dfc8e10","dataType":"object","selector":{"type":"CURRENT_USER_SELECTOR"},"datasourceId":"4dba133b22784a13b18b1a791cfdd211"},"fieldId":"name","dataType":"text"},"bindingType":"libraryProp","childBindings":[],"siblingBindings":["82jnplk3ef502gh5ra15iven5","alb6jx052np69houarjepkzxt","d4ccnilspvhusn5vln7fnumoq","e1u2k5uadbzmnwqydjuj41a8s","el4yprrbnqt3re35jo8dnbq8u","a523cf05i53tfa1bas0wgcebu","22a4gatllq388sgqrwk9hg2t6","a9kncdenpdwn86cruysxqr9b8","6mz0b5cugikqk54s5zozthbzy","br9652mqlrwn0h0cretf6p9zx","28us5z1bh4mkf4afr7o4k7rx7","18hbzwi2guish96ccpaonxxk4","1ggvf2r6q7go47x48nu91ucjq","42ksl48yfdoh4nqvc6timfr64","54a7sb35ft40ry0jfk4h0eyko","7h1o8zkry3k0wp4pv0b9wzr15","0ymorhi8eb1nrs3elbg40pr1z","7nbe807feozxlvbrxv7oj75u5","70hnqwp00hw0kge0jgrzr4qf7","9u8oqksftkn3agm4ipoxrsbjx","9ug8uo6o17gleq6ylnj6qavgv","cbmpybstng5h4paecr60bbabe","cgauy5zngx8hftafb99hggnr6","9bh37hevrfmh9j65ey3t5d3jo","0c5zgo2nqaryc6h436fzq1917","9p2sxifrpgjp9fcdjbogo7dpj","5byx6g0lyx65555o4o1mw38zy","0sy2fxg7c83fjpl4lvo6tfrca","7jvkthazbah1b1wn1dcq3mnyb","3x7z0ehqdtk40uxmkcuily2uh","bcd0wc7fh65tlses260mvipw8","8e2q1qbluecvdigvy8zv8paa3","4xchnrnt0ghb5js0a9hcrq4w4","7razvctmyk23l0rd9yiv57sb7","1ngsxv2y81cymdir3xvr6shvl","bak8qlbpq9rlper30e6e2kmbg","czpqup69r43tp8s7bbwzsdnh8","2yexwfwi4p5bmiwdnt7ihq5yl","bl7mk740xtdpww5ry0zu85njs","6hxt8v85e3b3e7ieyj1lyzzwz","e2nh4d93yibu4dlslg6bgmc4a","dtve1dk2jd447mh82v6otn2lz","33a6dundlksh174piduuamiho","18ga0zwqxp8u5efdlsdv82r8d","bwqw1eamimneq8zb7g2an5mid","e7yn04cnn5a3r9ni1gmanib8f","8rarref319wusbtpmj6ysddwn","85nsihg7i4vwig5xk4apauurc","83avks0gii65yn86ol2ykg9jn","77pmx827axqp70xpq5n2fs2iw","akt84ne10f21gvu1zo4a0tnky","crfi8mkht317b5t194gdx4f5y","e0byem1czlsmxycm97vuwkurs","1qc0kbf266t9we5xpxwyzrja6","2mu20s4gvb4upajd4k9v0p4lv"]} @ https://runtime-assets.adalo.com/static/js/main.79e9a9ca.js:1
[   48553ms] [WARNING] SKIPPING ERRONEOUS DEPENDENCY Error: Selector failed: {"type":"CURRENT_USER_SELECTOR"}
    at G (https://runtime-assets.adalo.com/static/js/main.79e9a9ca.js:2:468532)
    at t.getDependencies (https://runtime-assets.adalo.com/static/js/main.79e9a9ca.js:2:467260)
    at w.isManuallyPaginated (https://runtime-assets.adalo.com/static/js/main.79e9a9ca.js:2:348848)
    at w.getTableDataRowsForPage (https://runtime-assets.adalo.com/static/js/main.79e9a9ca.js:2:369833)
    at w.renderPaginationControls (https://runtime-assets.adalo.com/static/js/main.79e9a9ca.js:2:370943)
    at w.render (https://runtime-assets.adalo.com/static/js/main.79e9a9ca.js:2:372453)
    at Ds (https://runtime-assets.adalo.com/static/js/main.79e9a9ca.js:2:4414574)
    at Ls (https://runtime-assets.adalo.com/static/js/main.79e9a9ca.js:2:4414370)
    at Ml (https://runtime-assets.adalo.com/static/js/main.79e9a9ca.js:2:4457902)
    at bu (https://runtime-assets.adalo.com/static/js/main.79e9a9ca.js:2:4446043)
    at vu (https://runtime-assets.adalo.com/static/js/main.79e9a9ca.js:2:4445971)
    at yu (https://runtime-assets.adalo.com/static/js/main.79e9a9ca.js:2:4445834)
    at uu (https://runtime-assets.adalo.com/static/js/main.79e9a9ca.js:2:4442950)
    at Wo (https://runtime-assets.adalo.com/static/js/main.79e9a9ca.js:2:4383545)
    at https://runtime-assets.adalo.com/static/js/main.79e9a9ca.js:2:4440547 {"id":"cbmpybstng5h4paecr60bbabe","type":"binding","label":"name","source":{"type":"field","source":{"type":"data","source":null,"tableId":"t_80c852bba70544a6a98079124dfc8e10","dataType":"object","selector":{"type":"CURRENT_USER_SELECTOR"},"datasourceId":"4dba133b22784a13b18b1a791cfdd211"},"fieldId":"name","dataType":"text"},"bindingType":"libraryProp","childBindings":[],"siblingBindings":["82jnplk3ef502gh5ra15iven5","alb6jx052np69houarjepkzxt","d4ccnilspvhusn5vln7fnumoq","e1u2k5uadbzmnwqydjuj41a8s","el4yprrbnqt3re35jo8dnbq8u","a523cf05i53tfa1bas0wgcebu","22a4gatllq388sgqrwk9hg2t6","a9kncdenpdwn86cruysxqr9b8","6mz0b5cugikqk54s5zozthbzy","br9652mqlrwn0h0cretf6p9zx","28us5z1bh4mkf4afr7o4k7rx7","18hbzwi2guish96ccpaonxxk4","1ggvf2r6q7go47x48nu91ucjq","42ksl48yfdoh4nqvc6timfr64","54a7sb35ft40ry0jfk4h0eyko","7h1o8zkry3k0wp4pv0b9wzr15","0ymorhi8eb1nrs3elbg40pr1z","7nbe807feozxlvbrxv7oj75u5","70hnqwp00hw0kge0jgrzr4qf7","9u8oqksftkn3agm4ipoxrsbjx","9ug8uo6o17gleq6ylnj6qavgv","dx862l5uvza6ics9aj30xud64","cgauy5zngx8hftafb99hggnr6","9bh37hevrfmh9j65ey3t5d3jo","0c5zgo2nqaryc6h436fzq1917","9p2sxifrpgjp9fcdjbogo7dpj","5byx6g0lyx65555o4o1mw38zy","0sy2fxg7c83fjpl4lvo6tfrca","7jvkthazbah1b1wn1dcq3mnyb","3x7z0ehqdtk40uxmkcuily2uh","bcd0wc7fh65tlses260mvipw8","8e2q1qbluecvdigvy8zv8paa3","4xchnrnt0ghb5js0a9hcrq4w4","7razvctmyk23l0rd9yiv57sb7","1ngsxv2y81cymdir3xvr6shvl","bak8qlbpq9rlper30e6e2kmbg","czpqup69r43tp8s7bbwzsdnh8","2yexwfwi4p5bmiwdnt7ihq5yl","bl7mk740xtdpww5ry0zu85njs","6hxt8v85e3b3e7ieyj1lyzzwz","e2nh4d93yibu4dlslg6bgmc4a","dtve1dk2jd447mh82v6otn2lz","33a6dundlksh174piduuamiho","18ga0zwqxp8u5efdlsdv82r8d","bwqw1eamimneq8zb7g2an5mid","e7yn04cnn5a3r9ni1gmanib8f","8rarref319wusbtpmj6ysddwn","85nsihg7i4vwig5xk4apauurc","83avks0gii65yn86ol2ykg9jn","77pmx827axqp70xpq5n2fs2iw","akt84ne10f21gvu1zo4a0tnky","crfi8mkht317b5t194gdx4f5y","e0byem1czlsmxycm97vuwkurs","1qc0kbf266t9we5xpxwyzrja6","2mu20s4gvb4upajd4k9v0p4lv"]} @ https://runtime-assets.adalo.com/static/js/main.79e9a9ca.js:1
[   48553ms] [WARNING] SKIPPING ERRONEOUS DEPENDENCY Error: Selector failed: {"type":"CURRENT_USER_SELECTOR"}
    at G (https://runtime-assets.adalo.com/static/js/main.79e9a9ca.js:2:468532)
    at t.getDependencies (https://runtime-assets.adalo.com/static/js/main.79e9a9ca.js:2:467260)
    at w.isManuallyPaginated (https://runtime-assets.adalo.com/static/js/main.79e9a9ca.js:2:348848)
    at w.getTableDataRowsForPage (https://runtime-assets.adalo.com/static/js/main.79e9a9ca.js:2:369833)
    at w.renderPaginationControls (https://runtime-assets.adalo.com/static/js/main.79e9a9ca.js:2:370943)
    at w.render (https://runtime-assets.adalo.com/static/js/main.79e9a9ca.js:2:372453)
    at Ds (https://runtime-assets.adalo.com/static/js/main.79e9a9ca.js:2:4414574)
    at Ls (https://runtime-assets.adalo.com/static/js/main.79e9a9ca.js:2:4414370)
    at Ml (https://runtime-assets.adalo.com/static/js/main.79e9a9ca.js:2:4457902)
    at bu (https://runtime-assets.adalo.com/static/js/main.79e9a9ca.js:2:4446043)
    at vu (https://runtime-assets.adalo.com/static/js/main.79e9a9ca.js:2:4445971)
    at yu (https://runtime-assets.adalo.com/static/js/main.79e9a9ca.js:2:4445834)
    at uu (https://runtime-assets.adalo.com/static/js/main.79e9a9ca.js:2:4442950)
    at Wo (https://runtime-assets.adalo.com/static/js/main.79e9a9ca.js:2:4383545)
    at https://runtime-assets.adalo.com/static/js/main.79e9a9ca.js:2:4440547 {"id":"dx862l5uvza6ics9aj30xud64","type":"binding","label":"name","source":{"type":"field","source":{"type":"data","source":null,"tableId":"t_80c852bba70544a6a98079124dfc8e10","dataType":"object","selector":{"type":"CURRENT_USER_SELECTOR"},"datasourceId":"4dba133b22784a13b18b1a791cfdd211"},"fieldId":"name","dataType":"text"},"bindingType":"libraryProp","childBindings":[],"siblingBindings":["82jnplk3ef502gh5ra15iven5","alb6jx052np69houarjepkzxt","d4ccnilspvhusn5vln7fnumoq","e1u2k5uadbzmnwqydjuj41a8s","el4yprrbnqt3re35jo8dnbq8u","a523cf05i53tfa1bas0wgcebu","22a4gatllq388sgqrwk9hg2t6","a9kncdenpdwn86cruysxqr9b8","6mz0b5cugikqk54s5zozthbzy","br9652mqlrwn0h0cretf6p9zx","28us5z1bh4mkf4afr7o4k7rx7","18hbzwi2guish96ccpaonxxk4","1ggvf2r6q7go47x48nu91ucjq","42ksl48yfdoh4nqvc6timfr64","54a7sb35ft40ry0jfk4h0eyko","7h1o8zkry3k0wp4pv0b9wzr15","0ymorhi8eb1nrs3elbg40pr1z","7nbe807feozxlvbrxv7oj75u5","70hnqwp00hw0kge0jgrzr4qf7","9u8oqksftkn3agm4ipoxrsbjx","9ug8uo6o17gleq6ylnj6qavgv","cbmpybstng5h4paecr60bbabe","cgauy5zngx8hftafb99hggnr6","9bh37hevrfmh9j65ey3t5d3jo","0c5zgo2nqaryc6h436fzq1917","9p2sxifrpgjp9fcdjbogo7dpj","5byx6g0lyx65555o4o1mw38zy","0sy2fxg7c83fjpl4lvo6tfrca","7jvkthazbah1b1wn1dcq3mnyb","3x7z0ehqdtk40uxmkcuily2uh","bcd0wc7fh65tlses260mvipw8","8e2q1qbluecvdigvy8zv8paa3","4xchnrnt0ghb5js0a9hcrq4w4","7razvctmyk23l0rd9yiv57sb7","1ngsxv2y81cymdir3xvr6shvl","bak8qlbpq9rlper30e6e2kmbg","czpqup69r43tp8s7bbwzsdnh8","2yexwfwi4p5bmiwdnt7ihq5yl","bl7mk740xtdpww5ry0zu85njs","6hxt8v85e3b3e7ieyj1lyzzwz","e2nh4d93yibu4dlslg6bgmc4a","dtve1dk2jd447mh82v6otn2lz","33a6dundlksh174piduuamiho","18ga0zwqxp8u5efdlsdv82r8d","bwqw1eamimneq8zb7g2an5mid","e7yn04cnn5a3r9ni1gmanib8f","8rarref319wusbtpmj6ysddwn","85nsihg7i4vwig5xk4apauurc","83avks0gii65yn86ol2ykg9jn","77pmx827axqp70xpq5n2fs2iw","akt84ne10f21gvu1zo4a0tnky","crfi8mkht317b5t194gdx4f5y","e0byem1czlsmxycm97vuwkurs","1qc0kbf266t9we5xpxwyzrja6","2mu20s4gvb4upajd4k9v0p4lv"]} @ https://runtime-assets.adalo.com/static/js/main.79e9a9ca.js:1
[   49103ms] [WARNING] SKIPPING ERRONEOUS DEPENDENCY Error: Selector failed: {"type":"CURRENT_USER_SELECTOR"}
    at G (https://runtime-assets.adalo.com/static/js/main.79e9a9ca.js:2:468532)
    at t.getDependencies (https://runtime-assets.adalo.com/static/js/main.79e9a9ca.js:2:467260)
    at w.isManuallyPaginated (https://runtime-assets.adalo.com/static/js/main.79e9a9ca.js:2:348848)
    at w.getTableDataRowsForPage (https://runtime-assets.adalo.com/static/js/main.79e9a9ca.js:2:369833)
    at w.getTableDataRows (https://runtime-assets.adalo.com/static/js/main.79e9a9ca.js:2:370168)
    at w.render (https://runtime-assets.adalo.com/static/js/main.79e9a9ca.js:2:371443)
    at Ds (https://runtime-assets.adalo.com/static/js/main.79e9a9ca.js:2:4414574)
    at Ls (https://runtime-assets.adalo.com/static/js/main.79e9a9ca.js:2:4414370)
    at Ml (https://runtime-assets.adalo.com/static/js/main.79e9a9ca.js:2:4457902)
    at bu (https://runtime-assets.adalo.com/static/js/main.79e9a9ca.js:2:4446043)
    at vu (https://runtime-assets.adalo.com/static/js/main.79e9a9ca.js:2:4445971)
    at yu (https://runtime-assets.adalo.com/static/js/main.79e9a9ca.js:2:4445834)
    at uu (https://runtime-assets.adalo.com/static/js/main.79e9a9ca.js:2:4442950)
    at Wo (https://runtime-assets.adalo.com/static/js/main.79e9a9ca.js:2:4383545)
    at https://runtime-assets.adalo.com/static/js/main.79e9a9ca.js:2:4440547 {"id":"cbmpybstng5h4paecr60bbabe","type":"binding","label":"name","source":{"type":"field","source":{"type":"data","source":null,"tableId":"t_80c852bba70544a6a98079124dfc8e10","dataType":"object","selector":{"type":"CURRENT_USER_SELECTOR"},"datasourceId":"4dba133b22784a13b18b1a791cfdd211"},"fieldId":"name","dataType":"text"},"bindingType":"libraryProp","childBindings":[],"siblingBindings":["82jnplk3ef502gh5ra15iven5","alb6jx052np69houarjepkzxt","d4ccnilspvhusn5vln7fnumoq","e1u2k5uadbzmnwqydjuj41a8s","el4yprrbnqt3re35jo8dnbq8u","a523cf05i53tfa1bas0wgcebu","22a4gatllq388sgqrwk9hg2t6","a9kncdenpdwn86cruysxqr9b8","6mz0b5cugikqk54s5zozthbzy","br9652mqlrwn0h0cretf6p9zx","28us5z1bh4mkf4afr7o4k7rx7","18hbzwi2guish96ccpaonxxk4","1ggvf2r6q7go47x48nu91ucjq","42ksl48yfdoh4nqvc6timfr64","54a7sb35ft40ry0jfk4h0eyko","7h1o8zkry3k0wp4pv0b9wzr15","0ymorhi8eb1nrs3elbg40pr1z","7nbe807feozxlvbrxv7oj75u5","70hnqwp00hw0kge0jgrzr4qf7","9u8oqksftkn3agm4ipoxrsbjx","9ug8uo6o17gleq6ylnj6qavgv","dx862l5uvza6ics9aj30xud64","cgauy5zngx8hftafb99hggnr6","9bh37hevrfmh9j65ey3t5d3jo","0c5zgo2nqaryc6h436fzq1917","9p2sxifrpgjp9fcdjbogo7dpj","5byx6g0lyx65555o4o1mw38zy","0sy2fxg7c83fjpl4lvo6tfrca","7jvkthazbah1b1wn1dcq3mnyb","3x7z0ehqdtk40uxmkcuily2uh","bcd0wc7fh65tlses260mvipw8","8e2q1qbluecvdigvy8zv8paa3","4xchnrnt0ghb5js0a9hcrq4w4","7razvctmyk23l0rd9yiv57sb7","1ngsxv2y81cymdir3xvr6shvl","bak8qlbpq9rlper30e6e2kmbg","czpqup69r43tp8s7bbwzsdnh8","2yexwfwi4p5bmiwdnt7ihq5yl","bl7mk740xtdpww5ry0zu85njs","6hxt8v85e3b3e7ieyj1lyzzwz","e2nh4d93yibu4dlslg6bgmc4a","dtve1dk2jd447mh82v6otn2lz","33a6dundlksh174piduuamiho","18ga0zwqxp8u5efdlsdv82r8d","bwqw1eamimneq8zb7g2an5mid","e7yn04cnn5a3r9ni1gmanib8f","8rarref319wusbtpmj6ysddwn","85nsihg7i4vwig5xk4apauurc","83avks0gii65yn86ol2ykg9jn","77pmx827axqp70xpq5n2fs2iw","akt84ne10f21gvu1zo4a0tnky","crfi8mkht317b5t194gdx4f5y","e0byem1czlsmxycm97vuwkurs","1qc0kbf266t9we5xpxwyzrja6","2mu20s4gvb4upajd4k9v0p4lv"]} @ https://runtime-assets.adalo.com/static/js/main.79e9a9ca.js:1
[   49103ms] [WARNING] SKIPPING ERRONEOUS DEPENDENCY Error: Selector failed: {"type":"CURRENT_USER_SELECTOR"}
    at G (https://runtime-assets.adalo.com/static/js/main.79e9a9ca.js:2:468532)
    at t.getDependencies (https://runtime-assets.adalo.com/static/js/main.79e9a9ca.js:2:467260)
    at w.isManuallyPaginated (https://runtime-assets.adalo.com/static/js/main.79e9a9ca.js:2:348848)
    at w.getTableDataRowsForPage (https://runtime-assets.adalo.com/static/js/main.79e9a9ca.js:2:369833)
    at w.getTableDataRows (https://runtime-assets.adalo.com/static/js/main.79e9a9ca.js:2:370168)
    at w.render (https://runtime-assets.adalo.com/static/js/main.79e9a9ca.js:2:371443)
    at Ds (https://runtime-assets.adalo.com/static/js/main.79e9a9ca.js:2:4414574)
    at Ls (https://runtime-assets.adalo.com/static/js/main.79e9a9ca.js:2:4414370)
    at Ml (https://runtime-assets.adalo.com/static/js/main.79e9a9ca.js:2:4457902)
    at bu (https://runtime-assets.adalo.com/static/js/main.79e9a9ca.js:2:4446043)
    at vu (https://runtime-assets.adalo.com/static/js/main.79e9a9ca.js:2:4445971)
    at yu (https://runtime-assets.adalo.com/static/js/main.79e9a9ca.js:2:4445834)
    at uu (https://runtime-assets.adalo.com/static/js/main.79e9a9ca.js:2:4442950)
    at Wo (https://runtime-assets.adalo.com/static/js/main.79e9a9ca.js:2:4383545)
    at https://runtime-assets.adalo.com/static/js/main.79e9a9ca.js:2:4440547 {"id":"dx862l5uvza6ics9aj30xud64","type":"binding","label":"name","source":{"type":"field","source":{"type":"data","source":null,"tableId":"t_80c852bba70544a6a98079124dfc8e10","dataType":"object","selector":{"type":"CURRENT_USER_SELECTOR"},"datasourceId":"4dba133b22784a13b18b1a791cfdd211"},"fieldId":"name","dataType":"text"},"bindingType":"libraryProp","childBindings":[],"siblingBindings":["82jnplk3ef502gh5ra15iven5","alb6jx052np69houarjepkzxt","d4ccnilspvhusn5vln7fnumoq","e1u2k5uadbzmnwqydjuj41a8s","el4yprrbnqt3re35jo8dnbq8u","a523cf05i53tfa1bas0wgcebu","22a4gatllq388sgqrwk9hg2t6","a9kncdenpdwn86cruysxqr9b8","6mz0b5cugikqk54s5zozthbzy","br9652mqlrwn0h0cretf6p9zx","28us5z1bh4mkf4afr7o4k7rx7","18hbzwi2guish96ccpaonxxk4","1ggvf2r6q7go47x48nu91ucjq","42ksl48yfdoh4nqvc6timfr64","54a7sb35ft40ry0jfk4h0eyko","7h1o8zkry3k0wp4pv0b9wzr15","0ymorhi8eb1nrs3elbg40pr1z","7nbe807feozxlvbrxv7oj75u5","70hnqwp00hw0kge0jgrzr4qf7","9u8oqksftkn3agm4ipoxrsbjx","9ug8uo6o17gleq6ylnj6qavgv","cbmpybstng5h4paecr60bbabe","cgauy5zngx8hftafb99hggnr6","9bh37hevrfmh9j65ey3t5d3jo","0c5zgo2nqaryc6h436fzq1917","9p2sxifrpgjp9fcdjbogo7dpj","5byx6g0lyx65555o4o1mw38zy","0sy2fxg7c83fjpl4lvo6tfrca","7jvkthazbah1b1wn1dcq3mnyb","3x7z0ehqdtk40uxmkcuily2uh","bcd0wc7fh65tlses260mvipw8","8e2q1qbluecvdigvy8zv8paa3","4xchnrnt0ghb5js0a9hcrq4w4","7razvctmyk23l0rd9yiv57sb7","1ngsxv2y81cymdir3xvr6shvl","bak8qlbpq9rlper30e6e2kmbg","czpqup69r43tp8s7bbwzsdnh8","2yexwfwi4p5bmiwdnt7ihq5yl","bl7mk740xtdpww5ry0zu85njs","6hxt8v85e3b3e7ieyj1lyzzwz","e2nh4d93yibu4dlslg6bgmc4a","dtve1dk2jd447mh82v6otn2lz","33a6dundlksh174piduuamiho","18ga0zwqxp8u5efdlsdv82r8d","bwqw1eamimneq8zb7g2an5mid","e7yn04cnn5a3r9ni1gmanib8f","8rarref319wusbtpmj6ysddwn","85nsihg7i4vwig5xk4apauurc","83avks0gii65yn86ol2ykg9jn","77pmx827axqp70xpq5n2fs2iw","akt84ne10f21gvu1zo4a0tnky","crfi8mkht317b5t194gdx4f5y","e0byem1czlsmxycm97vuwkurs","1qc0kbf266t9we5xpxwyzrja6","2mu20s4gvb4upajd4k9v0p4lv"]} @ https://runtime-assets.adalo.com/static/js/main.79e9a9ca.js:1
[   49105ms] [WARNING] SKIPPING ERRONEOUS DEPENDENCY Error: Selector failed: {"type":"CURRENT_USER_SELECTOR"}
    at G (https://runtime-assets.adalo.com/static/js/main.79e9a9ca.js:2:468532)
    at t.getDependencies (https://runtime-assets.adalo.com/static/js/main.79e9a9ca.js:2:467260)
    at w.isManuallyPaginated (https://runtime-assets.adalo.com/static/js/main.79e9a9ca.js:2:348848)
    at w.renderPaginationControls (https://runtime-assets.adalo.com/static/js/main.79e9a9ca.js:2:370838)
    at w.render (https://runtime-assets.adalo.com/static/js/main.79e9a9ca.js:2:372453)
    at Ds (https://runtime-assets.adalo.com/static/js/main.79e9a9ca.js:2:4414574)
    at Ls (https://runtime-assets.adalo.com/static/js/main.79e9a9ca.js:2:4414370)
    at Ml (https://runtime-assets.adalo.com/static/js/main.79e9a9ca.js:2:4457902)
    at bu (https://runtime-assets.adalo.com/static/js/main.79e9a9ca.js:2:4446043)
    at vu (https://runtime-assets.adalo.com/static/js/main.79e9a9ca.js:2:4445971)
    at yu (https://runtime-assets.adalo.com/static/js/main.79e9a9ca.js:2:4445834)
    at uu (https://runtime-assets.adalo.com/static/js/main.79e9a9ca.js:2:4442950)
    at Wo (https://runtime-assets.adalo.com/static/js/main.79e9a9ca.js:2:4383545)
    at https://runtime-assets.adalo.com/static/js/main.79e9a9ca.js:2:4440547 {"id":"cbmpybstng5h4paecr60bbabe","type":"binding","label":"name","source":{"type":"field","source":{"type":"data","source":null,"tableId":"t_80c852bba70544a6a98079124dfc8e10","dataType":"object","selector":{"type":"CURRENT_USER_SELECTOR"},"datasourceId":"4dba133b22784a13b18b1a791cfdd211"},"fieldId":"name","dataType":"text"},"bindingType":"libraryProp","childBindings":[],"siblingBindings":["82jnplk3ef502gh5ra15iven5","alb6jx052np69houarjepkzxt","d4ccnilspvhusn5vln7fnumoq","e1u2k5uadbzmnwqydjuj41a8s","el4yprrbnqt3re35jo8dnbq8u","a523cf05i53tfa1bas0wgcebu","22a4gatllq388sgqrwk9hg2t6","a9kncdenpdwn86cruysxqr9b8","6mz0b5cugikqk54s5zozthbzy","br9652mqlrwn0h0cretf6p9zx","28us5z1bh4mkf4afr7o4k7rx7","18hbzwi2guish96ccpaonxxk4","1ggvf2r6q7go47x48nu91ucjq","42ksl48yfdoh4nqvc6timfr64","54a7sb35ft40ry0jfk4h0eyko","7h1o8zkry3k0wp4pv0b9wzr15","0ymorhi8eb1nrs3elbg40pr1z","7nbe807feozxlvbrxv7oj75u5","70hnqwp00hw0kge0jgrzr4qf7","9u8oqksftkn3agm4ipoxrsbjx","9ug8uo6o17gleq6ylnj6qavgv","dx862l5uvza6ics9aj30xud64","cgauy5zngx8hftafb99hggnr6","9bh37hevrfmh9j65ey3t5d3jo","0c5zgo2nqaryc6h436fzq1917","9p2sxifrpgjp9fcdjbogo7dpj","5byx6g0lyx65555o4o1mw38zy","0sy2fxg7c83fjpl4lvo6tfrca","7jvkthazbah1b1wn1dcq3mnyb","3x7z0ehqdtk40uxmkcuily2uh","bcd0wc7fh65tlses260mvipw8","8e2q1qbluecvdigvy8zv8paa3","4xchnrnt0ghb5js0a9hcrq4w4","7razvctmyk23l0rd9yiv57sb7","1ngsxv2y81cymdir3xvr6shvl","bak8qlbpq9rlper30e6e2kmbg","czpqup69r43tp8s7bbwzsdnh8","2yexwfwi4p5bmiwdnt7ihq5yl","bl7mk740xtdpww5ry0zu85njs","6hxt8v85e3b3e7ieyj1lyzzwz","e2nh4d93yibu4dlslg6bgmc4a","dtve1dk2jd447mh82v6otn2lz","33a6dundlksh174piduuamiho","18ga0zwqxp8u5efdlsdv82r8d","bwqw1eamimneq8zb7g2an5mid","e7yn04cnn5a3r9ni1gmanib8f","8rarref319wusbtpmj6ysddwn","85nsihg7i4vwig5xk4apauurc","83avks0gii65yn86ol2ykg9jn","77pmx827axqp70xpq5n2fs2iw","akt84ne10f21gvu1zo4a0tnky","crfi8mkht317b5t194gdx4f5y","e0byem1czlsmxycm97vuwkurs","1qc0kbf266t9we5xpxwyzrja6","2mu20s4gvb4upajd4k9v0p4lv"]} @ https://runtime-assets.adalo.com/static/js/main.79e9a9ca.js:1
[   49105ms] [WARNING] SKIPPING ERRONEOUS DEPENDENCY Error: Selector failed: {"type":"CURRENT_USER_SELECTOR"}
    at G (https://runtime-assets.adalo.com/static/js/main.79e9a9ca.js:2:468532)
    at t.getDependencies (https://runtime-assets.adalo.com/static/js/main.79e9a9ca.js:2:467260)
    at w.isManuallyPaginated (https://runtime-assets.adalo.com/static/js/main.79e9a9ca.js:2:348848)
    at w.renderPaginationControls (https://runtime-assets.adalo.com/static/js/main.79e9a9ca.js:2:370838)
    at w.render (https://runtime-assets.adalo.com/static/js/main.79e9a9ca.js:2:372453)
    at Ds (https://runtime-assets.adalo.com/static/js/main.79e9a9ca.js:2:4414574)
    at Ls (https://runtime-assets.adalo.com/static/js/main.79e9a9ca.js:2:4414370)
    at Ml (https://runtime-assets.adalo.com/static/js/main.79e9a9ca.js:2:4457902)
    at bu (https://runtime-assets.adalo.com/static/js/main.79e9a9ca.js:2:4446043)
    at vu (https://runtime-assets.adalo.com/static/js/main.79e9a9ca.js:2:4445971)
    at yu (https://runtime-assets.adalo.com/static/js/main.79e9a9ca.js:2:4445834)
    at uu (https://runtime-assets.adalo.com/static/js/main.79e9a9ca.js:2:4442950)
    at Wo (https://runtime-assets.adalo.com/static/js/main.79e9a9ca.js:2:4383545)
    at https://runtime-assets.adalo.com/static/js/main.79e9a9ca.js:2:4440547 {"id":"dx862l5uvza6ics9aj30xud64","type":"binding","label":"name","source":{"type":"field","source":{"type":"data","source":null,"tableId":"t_80c852bba70544a6a98079124dfc8e10","dataType":"object","selector":{"type":"CURRENT_USER_SELECTOR"},"datasourceId":"4dba133b22784a13b18b1a791cfdd211"},"fieldId":"name","dataType":"text"},"bindingType":"libraryProp","childBindings":[],"siblingBindings":["82jnplk3ef502gh5ra15iven5","alb6jx052np69houarjepkzxt","d4ccnilspvhusn5vln7fnumoq","e1u2k5uadbzmnwqydjuj41a8s","el4yprrbnqt3re35jo8dnbq8u","a523cf05i53tfa1bas0wgcebu","22a4gatllq388sgqrwk9hg2t6","a9kncdenpdwn86cruysxqr9b8","6mz0b5cugikqk54s5zozthbzy","br9652mqlrwn0h0cretf6p9zx","28us5z1bh4mkf4afr7o4k7rx7","18hbzwi2guish96ccpaonxxk4","1ggvf2r6q7go47x48nu91ucjq","42ksl48yfdoh4nqvc6timfr64","54a7sb35ft40ry0jfk4h0eyko","7h1o8zkry3k0wp4pv0b9wzr15","0ymorhi8eb1nrs3elbg40pr1z","7nbe807feozxlvbrxv7oj75u5","70hnqwp00hw0kge0jgrzr4qf7","9u8oqksftkn3agm4ipoxrsbjx","9ug8uo6o17gleq6ylnj6qavgv","cbmpybstng5h4paecr60bbabe","cgauy5zngx8hftafb99hggnr6","9bh37hevrfmh9j65ey3t5d3jo","0c5zgo2nqaryc6h436fzq1917","9p2sxifrpgjp9fcdjbogo7dpj","5byx6g0lyx65555o4o1mw38zy","0sy2fxg7c83fjpl4lvo6tfrca","7jvkthazbah1b1wn1dcq3mnyb","3x7z0ehqdtk40uxmkcuily2uh","bcd0wc7fh65tlses260mvipw8","8e2q1qbluecvdigvy8zv8paa3","4xchnrnt0ghb5js0a9hcrq4w4","7razvctmyk23l0rd9yiv57sb7","1ngsxv2y81cymdir3xvr6shvl","bak8qlbpq9rlper30e6e2kmbg","czpqup69r43tp8s7bbwzsdnh8","2yexwfwi4p5bmiwdnt7ihq5yl","bl7mk740xtdpww5ry0zu85njs","6hxt8v85e3b3e7ieyj1lyzzwz","e2nh4d93yibu4dlslg6bgmc4a","dtve1dk2jd447mh82v6otn2lz","33a6dundlksh174piduuamiho","18ga0zwqxp8u5efdlsdv82r8d","bwqw1eamimneq8zb7g2an5mid","e7yn04cnn5a3r9ni1gmanib8f","8rarref319wusbtpmj6ysddwn","85nsihg7i4vwig5xk4apauurc","83avks0gii65yn86ol2ykg9jn","77pmx827axqp70xpq5n2fs2iw","akt84ne10f21gvu1zo4a0tnky","crfi8mkht317b5t194gdx4f5y","e0byem1czlsmxycm97vuwkurs","1qc0kbf266t9we5xpxwyzrja6","2mu20s4gvb4upajd4k9v0p4lv"]} @ https://runtime-assets.adalo.com/static/js/main.79e9a9ca.js:1
[   49106ms] [WARNING] SKIPPING ERRONEOUS DEPENDENCY Error: Selector failed: {"type":"CURRENT_USER_SELECTOR"}
    at G (https://runtime-assets.adalo.com/static/js/main.79e9a9ca.js:2:468532)
    at t.getDependencies (https://runtime-assets.adalo.com/static/js/main.79e9a9ca.js:2:467260)
    at w.isManuallyPaginated (https://runtime-assets.adalo.com/static/js/main.79e9a9ca.js:2:348848)
    at w.getTableDataRowsForPage (https://runtime-assets.adalo.com/static/js/main.79e9a9ca.js:2:369833)
    at w.renderPaginationControls (https://runtime-assets.adalo.com/static/js/main.79e9a9ca.js:2:370943)
    at w.render (https://runtime-assets.adalo.com/static/js/main.79e9a9ca.js:2:372453)
    at Ds (https://runtime-assets.adalo.com/static/js/main.79e9a9ca.js:2:4414574)
    at Ls (https://runtime-assets.adalo.com/static/js/main.79e9a9ca.js:2:4414370)
    at Ml (https://runtime-assets.adalo.com/static/js/main.79e9a9ca.js:2:4457902)
    at bu (https://runtime-assets.adalo.com/static/js/main.79e9a9ca.js:2:4446043)
    at vu (https://runtime-assets.adalo.com/static/js/main.79e9a9ca.js:2:4445971)
    at yu (https://runtime-assets.adalo.com/static/js/main.79e9a9ca.js:2:4445834)
    at uu (https://runtime-assets.adalo.com/static/js/main.79e9a9ca.js:2:4442950)
    at Wo (https://runtime-assets.adalo.com/static/js/main.79e9a9ca.js:2:4383545)
    at https://runtime-assets.adalo.com/static/js/main.79e9a9ca.js:2:4440547 {"id":"cbmpybstng5h4paecr60bbabe","type":"binding","label":"name","source":{"type":"field","source":{"type":"data","source":null,"tableId":"t_80c852bba70544a6a98079124dfc8e10","dataType":"object","selector":{"type":"CURRENT_USER_SELECTOR"},"datasourceId":"4dba133b22784a13b18b1a791cfdd211"},"fieldId":"name","dataType":"text"},"bindingType":"libraryProp","childBindings":[],"siblingBindings":["82jnplk3ef502gh5ra15iven5","alb6jx052np69houarjepkzxt","d4ccnilspvhusn5vln7fnumoq","e1u2k5uadbzmnwqydjuj41a8s","el4yprrbnqt3re35jo8dnbq8u","a523cf05i53tfa1bas0wgcebu","22a4gatllq388sgqrwk9hg2t6","a9kncdenpdwn86cruysxqr9b8","6mz0b5cugikqk54s5zozthbzy","br9652mqlrwn0h0cretf6p9zx","28us5z1bh4mkf4afr7o4k7rx7","18hbzwi2guish96ccpaonxxk4","1ggvf2r6q7go47x48nu91ucjq","42ksl48yfdoh4nqvc6timfr64","54a7sb35ft40ry0jfk4h0eyko","7h1o8zkry3k0wp4pv0b9wzr15","0ymorhi8eb1nrs3elbg40pr1z","7nbe807feozxlvbrxv7oj75u5","70hnqwp00hw0kge0jgrzr4qf7","9u8oqksftkn3agm4ipoxrsbjx","9ug8uo6o17gleq6ylnj6qavgv","dx862l5uvza6ics9aj30xud64","cgauy5zngx8hftafb99hggnr6","9bh37hevrfmh9j65ey3t5d3jo","0c5zgo2nqaryc6h436fzq1917","9p2sxifrpgjp9fcdjbogo7dpj","5byx6g0lyx65555o4o1mw38zy","0sy2fxg7c83fjpl4lvo6tfrca","7jvkthazbah1b1wn1dcq3mnyb","3x7z0ehqdtk40uxmkcuily2uh","bcd0wc7fh65tlses260mvipw8","8e2q1qbluecvdigvy8zv8paa3","4xchnrnt0ghb5js0a9hcrq4w4","7razvctmyk23l0rd9yiv57sb7","1ngsxv2y81cymdir3xvr6shvl","bak8qlbpq9rlper30e6e2kmbg","czpqup69r43tp8s7bbwzsdnh8","2yexwfwi4p5bmiwdnt7ihq5yl","bl7mk740xtdpww5ry0zu85njs","6hxt8v85e3b3e7ieyj1lyzzwz","e2nh4d93yibu4dlslg6bgmc4a","dtve1dk2jd447mh82v6otn2lz","33a6dundlksh174piduuamiho","18ga0zwqxp8u5efdlsdv82r8d","bwqw1eamimneq8zb7g2an5mid","e7yn04cnn5a3r9ni1gmanib8f","8rarref319wusbtpmj6ysddwn","85nsihg7i4vwig5xk4apauurc","83avks0gii65yn86ol2ykg9jn","77pmx827axqp70xpq5n2fs2iw","akt84ne10f21gvu1zo4a0tnky","crfi8mkht317b5t194gdx4f5y","e0byem1czlsmxycm97vuwkurs","1qc0kbf266t9we5xpxwyzrja6","2mu20s4gvb4upajd4k9v0p4lv"]} @ https://runtime-assets.adalo.com/static/js/main.79e9a9ca.js:1
[   49107ms] [WARNING] SKIPPING ERRONEOUS DEPENDENCY Error: Selector failed: {"type":"CURRENT_USER_SELECTOR"}
    at G (https://runtime-assets.adalo.com/static/js/main.79e9a9ca.js:2:468532)
    at t.getDependencies (https://runtime-assets.adalo.com/static/js/main.79e9a9ca.js:2:467260)
    at w.isManuallyPaginated (https://runtime-assets.adalo.com/static/js/main.79e9a9ca.js:2:348848)
    at w.getTableDataRowsForPage (https://runtime-assets.adalo.com/static/js/main.79e9a9ca.js:2:369833)
    at w.renderPaginationControls (https://runtime-assets.adalo.com/static/js/main.79e9a9ca.js:2:370943)
    at w.render (https://runtime-assets.adalo.com/static/js/main.79e9a9ca.js:2:372453)
    at Ds (https://runtime-assets.adalo.com/static/js/main.79e9a9ca.js:2:4414574)
    at Ls (https://runtime-assets.adalo.com/static/js/main.79e9a9ca.js:2:4414370)
    at Ml (https://runtime-assets.adalo.com/static/js/main.79e9a9ca.js:2:4457902)
    at bu (https://runtime-assets.adalo.com/static/js/main.79e9a9ca.js:2:4446043)
    at vu (https://runtime-assets.adalo.com/static/js/main.79e9a9ca.js:2:4445971)
    at yu (https://runtime-assets.adalo.com/static/js/main.79e9a9ca.js:2:4445834)
    at uu (https://runtime-assets.adalo.com/static/js/main.79e9a9ca.js:2:4442950)
    at Wo (https://runtime-assets.adalo.com/static/js/main.79e9a9ca.js:2:4383545)
    at https://runtime-assets.adalo.com/static/js/main.79e9a9ca.js:2:4440547 {"id":"dx862l5uvza6ics9aj30xud64","type":"binding","label":"name","source":{"type":"field","source":{"type":"data","source":null,"tableId":"t_80c852bba70544a6a98079124dfc8e10","dataType":"object","selector":{"type":"CURRENT_USER_SELECTOR"},"datasourceId":"4dba133b22784a13b18b1a791cfdd211"},"fieldId":"name","dataType":"text"},"bindingType":"libraryProp","childBindings":[],"siblingBindings":["82jnplk3ef502gh5ra15iven5","alb6jx052np69houarjepkzxt","d4ccnilspvhusn5vln7fnumoq","e1u2k5uadbzmnwqydjuj41a8s","el4yprrbnqt3re35jo8dnbq8u","a523cf05i53tfa1bas0wgcebu","22a4gatllq388sgqrwk9hg2t6","a9kncdenpdwn86cruysxqr9b8","6mz0b5cugikqk54s5zozthbzy","br9652mqlrwn0h0cretf6p9zx","28us5z1bh4mkf4afr7o4k7rx7","18hbzwi2guish96ccpaonxxk4","1ggvf2r6q7go47x48nu91ucjq","42ksl48yfdoh4nqvc6timfr64","54a7sb35ft40ry0jfk4h0eyko","7h1o8zkry3k0wp4pv0b9wzr15","0ymorhi8eb1nrs3elbg40pr1z","7nbe807feozxlvbrxv7oj75u5","70hnqwp00hw0kge0jgrzr4qf7","9u8oqksftkn3agm4ipoxrsbjx","9ug8uo6o17gleq6ylnj6qavgv","cbmpybstng5h4paecr60bbabe","cgauy5zngx8hftafb99hggnr6","9bh37hevrfmh9j65ey3t5d3jo","0c5zgo2nqaryc6h436fzq1917","9p2sxifrpgjp9fcdjbogo7dpj","5byx6g0lyx65555o4o1mw38zy","0sy2fxg7c83fjpl4lvo6tfrca","7jvkthazbah1b1wn1dcq3mnyb","3x7z0ehqdtk40uxmkcuily2uh","bcd0wc7fh65tlses260mvipw8","8e2q1qbluecvdigvy8zv8paa3","4xchnrnt0ghb5js0a9hcrq4w4","7razvctmyk23l0rd9yiv57sb7","1ngsxv2y81cymdir3xvr6shvl","bak8qlbpq9rlper30e6e2kmbg","czpqup69r43tp8s7bbwzsdnh8","2yexwfwi4p5bmiwdnt7ihq5yl","bl7mk740xtdpww5ry0zu85njs","6hxt8v85e3b3e7ieyj1lyzzwz","e2nh4d93yibu4dlslg6bgmc4a","dtve1dk2jd447mh82v6otn2lz","33a6dundlksh174piduuamiho","18ga0zwqxp8u5efdlsdv82r8d","bwqw1eamimneq8zb7g2an5mid","e7yn04cnn5a3r9ni1gmanib8f","8rarref319wusbtpmj6ysddwn","85nsihg7i4vwig5xk4apauurc","83avks0gii65yn86ol2ykg9jn","77pmx827axqp70xpq5n2fs2iw","akt84ne10f21gvu1zo4a0tnky","crfi8mkht317b5t194gdx4f5y","e0byem1czlsmxycm97vuwkurs","1qc0kbf266t9we5xpxwyzrja6","2mu20s4gvb4upajd4k9v0p4lv"]} @ https://runtime-assets.adalo.com/static/js/main.79e9a9ca.js:1
[   49456ms] [WARNING] SKIPPING ERRONEOUS DEPENDENCY Error: Selector failed: {"type":"CURRENT_USER_SELECTOR"}
    at G (https://runtime-assets.adalo.com/static/js/main.79e9a9ca.js:2:468532)
    at t.getDependencies (https://runtime-assets.adalo.com/static/js/main.79e9a9ca.js:2:467260)
    at w.isManuallyPaginated (https://runtime-assets.adalo.com/static/js/main.79e9a9ca.js:2:348848)
    at w.getTableDataRowsForPage (https://runtime-assets.adalo.com/static/js/main.79e9a9ca.js:2:369833)
    at w.getTableDataRows (https://runtime-assets.adalo.com/static/js/main.79e9a9ca.js:2:370168)
    at w.render (https://runtime-assets.adalo.com/static/js/main.79e9a9ca.js:2:371443)
    at Ds (https://runtime-assets.adalo.com/static/js/main.79e9a9ca.js:2:4414574)
    at Ls (https://runtime-assets.adalo.com/static/js/main.79e9a9ca.js:2:4414370)
    at Ml (https://runtime-assets.adalo.com/static/js/main.79e9a9ca.js:2:4457902)
    at bu (https://runtime-assets.adalo.com/static/js/main.79e9a9ca.js:2:4446043)
    at vu (https://runtime-assets.adalo.com/static/js/main.79e9a9ca.js:2:4445971)
    at yu (https://runtime-assets.adalo.com/static/js/main.79e9a9ca.js:2:4445834)
    at uu (https://runtime-assets.adalo.com/static/js/main.79e9a9ca.js:2:4442950)
    at Wo (https://runtime-assets.adalo.com/static/js/main.79e9a9ca.js:2:4383545)
    at https://runtime-assets.adalo.com/static/js/main.79e9a9ca.js:2:4440547 {"id":"cbmpybstng5h4paecr60bbabe","type":"binding","label":"name","source":{"type":"field","source":{"type":"data","source":null,"tableId":"t_80c852bba70544a6a98079124dfc8e10","dataType":"object","selector":{"type":"CURRENT_USER_SELECTOR"},"datasourceId":"4dba133b22784a13b18b1a791cfdd211"},"fieldId":"name","dataType":"text"},"bindingType":"libraryProp","childBindings":[],"siblingBindings":["82jnplk3ef502gh5ra15iven5","alb6jx052np69houarjepkzxt","d4ccnilspvhusn5vln7fnumoq","e1u2k5uadbzmnwqydjuj41a8s","el4yprrbnqt3re35jo8dnbq8u","a523cf05i53tfa1bas0wgcebu","22a4gatllq388sgqrwk9hg2t6","a9kncdenpdwn86cruysxqr9b8","6mz0b5cugikqk54s5zozthbzy","br9652mqlrwn0h0cretf6p9zx","28us5z1bh4mkf4afr7o4k7rx7","18hbzwi2guish96ccpaonxxk4","1ggvf2r6q7go47x48nu91ucjq","42ksl48yfdoh4nqvc6timfr64","54a7sb35ft40ry0jfk4h0eyko","7h1o8zkry3k0wp4pv0b9wzr15","0ymorhi8eb1nrs3elbg40pr1z","7nbe807feozxlvbrxv7oj75u5","70hnqwp00hw0kge0jgrzr4qf7","9u8oqksftkn3agm4ipoxrsbjx","9ug8uo6o17gleq6ylnj6qavgv","dx862l5uvza6ics9aj30xud64","cgauy5zngx8hftafb99hggnr6","9bh37hevrfmh9j65ey3t5d3jo","0c5zgo2nqaryc6h436fzq1917","9p2sxifrpgjp9fcdjbogo7dpj","5byx6g0lyx65555o4o1mw38zy","0sy2fxg7c83fjpl4lvo6tfrca","7jvkthazbah1b1wn1dcq3mnyb","3x7z0ehqdtk40uxmkcuily2uh","bcd0wc7fh65tlses260mvipw8","8e2q1qbluecvdigvy8zv8paa3","4xchnrnt0ghb5js0a9hcrq4w4","7razvctmyk23l0rd9yiv57sb7","1ngsxv2y81cymdir3xvr6shvl","bak8qlbpq9rlper30e6e2kmbg","czpqup69r43tp8s7bbwzsdnh8","2yexwfwi4p5bmiwdnt7ihq5yl","bl7mk740xtdpww5ry0zu85njs","6hxt8v85e3b3e7ieyj1lyzzwz","e2nh4d93yibu4dlslg6bgmc4a","dtve1dk2jd447mh82v6otn2lz","33a6dundlksh174piduuamiho","18ga0zwqxp8u5efdlsdv82r8d","bwqw1eamimneq8zb7g2an5mid","e7yn04cnn5a3r9ni1gmanib8f","8rarref319wusbtpmj6ysddwn","85nsihg7i4vwig5xk4apauurc","83avks0gii65yn86ol2ykg9jn","77pmx827axqp70xpq5n2fs2iw","akt84ne10f21gvu1zo4a0tnky","crfi8mkht317b5t194gdx4f5y","e0byem1czlsmxycm97vuwkurs","1qc0kbf266t9we5xpxwyzrja6","2mu20s4gvb4upajd4k9v0p4lv"]} @ https://runtime-assets.adalo.com/static/js/main.79e9a9ca.js:1
[   49457ms] [WARNING] SKIPPING ERRONEOUS DEPENDENCY Error: Selector failed: {"type":"CURRENT_USER_SELECTOR"}
    at G (https://runtime-assets.adalo.com/static/js/main.79e9a9ca.js:2:468532)
    at t.getDependencies (https://runtime-assets.adalo.com/static/js/main.79e9a9ca.js:2:467260)
    at w.isManuallyPaginated (https://runtime-assets.adalo.com/static/js/main.79e9a9ca.js:2:348848)
    at w.getTableDataRowsForPage (https://runtime-assets.adalo.com/static/js/main.79e9a9ca.js:2:369833)
    at w.getTableDataRows (https://runtime-assets.adalo.com/static/js/main.79e9a9ca.js:2:370168)
    at w.render (https://runtime-assets.adalo.com/static/js/main.79e9a9ca.js:2:371443)
    at Ds (https://runtime-assets.adalo.com/static/js/main.79e9a9ca.js:2:4414574)
    at Ls (https://runtime-assets.adalo.com/static/js/main.79e9a9ca.js:2:4414370)
    at Ml (https://runtime-assets.adalo.com/static/js/main.79e9a9ca.js:2:4457902)
    at bu (https://runtime-assets.adalo.com/static/js/main.79e9a9ca.js:2:4446043)
    at vu (https://runtime-assets.adalo.com/static/js/main.79e9a9ca.js:2:4445971)
    at yu (https://runtime-assets.adalo.com/static/js/main.79e9a9ca.js:2:4445834)
    at uu (https://runtime-assets.adalo.com/static/js/main.79e9a9ca.js:2:4442950)
    at Wo (https://runtime-assets.adalo.com/static/js/main.79e9a9ca.js:2:4383545)
    at https://runtime-assets.adalo.com/static/js/main.79e9a9ca.js:2:4440547 {"id":"dx862l5uvza6ics9aj30xud64","type":"binding","label":"name","source":{"type":"field","source":{"type":"data","source":null,"tableId":"t_80c852bba70544a6a98079124dfc8e10","dataType":"object","selector":{"type":"CURRENT_USER_SELECTOR"},"datasourceId":"4dba133b22784a13b18b1a791cfdd211"},"fieldId":"name","dataType":"text"},"bindingType":"libraryProp","childBindings":[],"siblingBindings":["82jnplk3ef502gh5ra15iven5","alb6jx052np69houarjepkzxt","d4ccnilspvhusn5vln7fnumoq","e1u2k5uadbzmnwqydjuj41a8s","el4yprrbnqt3re35jo8dnbq8u","a523cf05i53tfa1bas0wgcebu","22a4gatllq388sgqrwk9hg2t6","a9kncdenpdwn86cruysxqr9b8","6mz0b5cugikqk54s5zozthbzy","br9652mqlrwn0h0cretf6p9zx","28us5z1bh4mkf4afr7o4k7rx7","18hbzwi2guish96ccpaonxxk4","1ggvf2r6q7go47x48nu91ucjq","42ksl48yfdoh4nqvc6timfr64","54a7sb35ft40ry0jfk4h0eyko","7h1o8zkry3k0wp4pv0b9wzr15","0ymorhi8eb1nrs3elbg40pr1z","7nbe807feozxlvbrxv7oj75u5","70hnqwp00hw0kge0jgrzr4qf7","9u8oqksftkn3agm4ipoxrsbjx","9ug8uo6o17gleq6ylnj6qavgv","cbmpybstng5h4paecr60bbabe","cgauy5zngx8hftafb99hggnr6","9bh37hevrfmh9j65ey3t5d3jo","0c5zgo2nqaryc6h436fzq1917","9p2sxifrpgjp9fcdjbogo7dpj","5byx6g0lyx65555o4o1mw38zy","0sy2fxg7c83fjpl4lvo6tfrca","7jvkthazbah1b1wn1dcq3mnyb","3x7z0ehqdtk40uxmkcuily2uh","bcd0wc7fh65tlses260mvipw8","8e2q1qbluecvdigvy8zv8paa3","4xchnrnt0ghb5js0a9hcrq4w4","7razvctmyk23l0rd9yiv57sb7","1ngsxv2y81cymdir3xvr6shvl","bak8qlbpq9rlper30e6e2kmbg","czpqup69r43tp8s7bbwzsdnh8","2yexwfwi4p5bmiwdnt7ihq5yl","bl7mk740xtdpww5ry0zu85njs","6hxt8v85e3b3e7ieyj1lyzzwz","e2nh4d93yibu4dlslg6bgmc4a","dtve1dk2jd447mh82v6otn2lz","33a6dundlksh174piduuamiho","18ga0zwqxp8u5efdlsdv82r8d","bwqw1eamimneq8zb7g2an5mid","e7yn04cnn5a3r9ni1gmanib8f","8rarref319wusbtpmj6ysddwn","85nsihg7i4vwig5xk4apauurc","83avks0gii65yn86ol2ykg9jn","77pmx827axqp70xpq5n2fs2iw","akt84ne10f21gvu1zo4a0tnky","crfi8mkht317b5t194gdx4f5y","e0byem1czlsmxycm97vuwkurs","1qc0kbf266t9we5xpxwyzrja6","2mu20s4gvb4upajd4k9v0p4lv"]} @ https://runtime-assets.adalo.com/static/js/main.79e9a9ca.js:1
[   49458ms] [WARNING] SKIPPING ERRONEOUS DEPENDENCY Error: Selector failed: {"type":"CURRENT_USER_SELECTOR"}
    at G (https://runtime-assets.adalo.com/static/js/main.79e9a9ca.js:2:468532)
    at t.getDependencies (https://runtime-assets.adalo.com/static/js/main.79e9a9ca.js:2:467260)
    at w.isManuallyPaginated (https://runtime-assets.adalo.com/static/js/main.79e9a9ca.js:2:348848)
    at w.renderPaginationControls (https://runtime-assets.adalo.com/static/js/main.79e9a9ca.js:2:370838)
    at w.render (https://runtime-assets.adalo.com/static/js/main.79e9a9ca.js:2:372453)
    at Ds (https://runtime-assets.adalo.com/static/js/main.79e9a9ca.js:2:4414574)
    at Ls (https://runtime-assets.adalo.com/static/js/main.79e9a9ca.js:2:4414370)
    at Ml (https://runtime-assets.adalo.com/static/js/main.79e9a9ca.js:2:4457902)
    at bu (https://runtime-assets.adalo.com/static/js/main.79e9a9ca.js:2:4446043)
    at vu (https://runtime-assets.adalo.com/static/js/main.79e9a9ca.js:2:4445971)
    at yu (https://runtime-assets.adalo.com/static/js/main.79e9a9ca.js:2:4445834)
    at uu (https://runtime-assets.adalo.com/static/js/main.79e9a9ca.js:2:4442950)
    at Wo (https://runtime-assets.adalo.com/static/js/main.79e9a9ca.js:2:4383545)
    at https://runtime-assets.adalo.com/static/js/main.79e9a9ca.js:2:4440547 {"id":"cbmpybstng5h4paecr60bbabe","type":"binding","label":"name","source":{"type":"field","source":{"type":"data","source":null,"tableId":"t_80c852bba70544a6a98079124dfc8e10","dataType":"object","selector":{"type":"CURRENT_USER_SELECTOR"},"datasourceId":"4dba133b22784a13b18b1a791cfdd211"},"fieldId":"name","dataType":"text"},"bindingType":"libraryProp","childBindings":[],"siblingBindings":["82jnplk3ef502gh5ra15iven5","alb6jx052np69houarjepkzxt","d4ccnilspvhusn5vln7fnumoq","e1u2k5uadbzmnwqydjuj41a8s","el4yprrbnqt3re35jo8dnbq8u","a523cf05i53tfa1bas0wgcebu","22a4gatllq388sgqrwk9hg2t6","a9kncdenpdwn86cruysxqr9b8","6mz0b5cugikqk54s5zozthbzy","br9652mqlrwn0h0cretf6p9zx","28us5z1bh4mkf4afr7o4k7rx7","18hbzwi2guish96ccpaonxxk4","1ggvf2r6q7go47x48nu91ucjq","42ksl48yfdoh4nqvc6timfr64","54a7sb35ft40ry0jfk4h0eyko","7h1o8zkry3k0wp4pv0b9wzr15","0ymorhi8eb1nrs3elbg40pr1z","7nbe807feozxlvbrxv7oj75u5","70hnqwp00hw0kge0jgrzr4qf7","9u8oqksftkn3agm4ipoxrsbjx","9ug8uo6o17gleq6ylnj6qavgv","dx862l5uvza6ics9aj30xud64","cgauy5zngx8hftafb99hggnr6","9bh37hevrfmh9j65ey3t5d3jo","0c5zgo2nqaryc6h436fzq1917","9p2sxifrpgjp9fcdjbogo7dpj","5byx6g0lyx65555o4o1mw38zy","0sy2fxg7c83fjpl4lvo6tfrca","7jvkthazbah1b1wn1dcq3mnyb","3x7z0ehqdtk40uxmkcuily2uh","bcd0wc7fh65tlses260mvipw8","8e2q1qbluecvdigvy8zv8paa3","4xchnrnt0ghb5js0a9hcrq4w4","7razvctmyk23l0rd9yiv57sb7","1ngsxv2y81cymdir3xvr6shvl","bak8qlbpq9rlper30e6e2kmbg","czpqup69r43tp8s7bbwzsdnh8","2yexwfwi4p5bmiwdnt7ihq5yl","bl7mk740xtdpww5ry0zu85njs","6hxt8v85e3b3e7ieyj1lyzzwz","e2nh4d93yibu4dlslg6bgmc4a","dtve1dk2jd447mh82v6otn2lz","33a6dundlksh174piduuamiho","18ga0zwqxp8u5efdlsdv82r8d","bwqw1eamimneq8zb7g2an5mid","e7yn04cnn5a3r9ni1gmanib8f","8rarref319wusbtpmj6ysddwn","85nsihg7i4vwig5xk4apauurc","83avks0gii65yn86ol2ykg9jn","77pmx827axqp70xpq5n2fs2iw","akt84ne10f21gvu1zo4a0tnky","crfi8mkht317b5t194gdx4f5y","e0byem1czlsmxycm97vuwkurs","1qc0kbf266t9we5xpxwyzrja6","2mu20s4gvb4upajd4k9v0p4lv"]} @ https://runtime-assets.adalo.com/static/js/main.79e9a9ca.js:1
[   49458ms] [WARNING] SKIPPING ERRONEOUS DEPENDENCY Error: Selector failed: {"type":"CURRENT_USER_SELECTOR"}
    at G (https://runtime-assets.adalo.com/static/js/main.79e9a9ca.js:2:468532)
    at t.getDependencies (https://runtime-assets.adalo.com/static/js/main.79e9a9ca.js:2:467260)
    at w.isManuallyPaginated (https://runtime-assets.adalo.com/static/js/main.79e9a9ca.js:2:348848)
    at w.renderPaginationControls (https://runtime-assets.adalo.com/static/js/main.79e9a9ca.js:2:370838)
    at w.render (https://runtime-assets.adalo.com/static/js/main.79e9a9ca.js:2:372453)
    at Ds (https://runtime-assets.adalo.com/static/js/main.79e9a9ca.js:2:4414574)
    at Ls (https://runtime-assets.adalo.com/static/js/main.79e9a9ca.js:2:4414370)
    at Ml (https://runtime-assets.adalo.com/static/js/main.79e9a9ca.js:2:4457902)
    at bu (https://runtime-assets.adalo.com/static/js/main.79e9a9ca.js:2:4446043)
    at vu (https://runtime-assets.adalo.com/static/js/main.79e9a9ca.js:2:4445971)
    at yu (https://runtime-assets.adalo.com/static/js/main.79e9a9ca.js:2:4445834)
    at uu (https://runtime-assets.adalo.com/static/js/main.79e9a9ca.js:2:4442950)
    at Wo (https://runtime-assets.adalo.com/static/js/main.79e9a9ca.js:2:4383545)
    at https://runtime-assets.adalo.com/static/js/main.79e9a9ca.js:2:4440547 {"id":"dx862l5uvza6ics9aj30xud64","type":"binding","label":"name","source":{"type":"field","source":{"type":"data","source":null,"tableId":"t_80c852bba70544a6a98079124dfc8e10","dataType":"object","selector":{"type":"CURRENT_USER_SELECTOR"},"datasourceId":"4dba133b22784a13b18b1a791cfdd211"},"fieldId":"name","dataType":"text"},"bindingType":"libraryProp","childBindings":[],"siblingBindings":["82jnplk3ef502gh5ra15iven5","alb6jx052np69houarjepkzxt","d4ccnilspvhusn5vln7fnumoq","e1u2k5uadbzmnwqydjuj41a8s","el4yprrbnqt3re35jo8dnbq8u","a523cf05i53tfa1bas0wgcebu","22a4gatllq388sgqrwk9hg2t6","a9kncdenpdwn86cruysxqr9b8","6mz0b5cugikqk54s5zozthbzy","br9652mqlrwn0h0cretf6p9zx","28us5z1bh4mkf4afr7o4k7rx7","18hbzwi2guish96ccpaonxxk4","1ggvf2r6q7go47x48nu91ucjq","42ksl48yfdoh4nqvc6timfr64","54a7sb35ft40ry0jfk4h0eyko","7h1o8zkry3k0wp4pv0b9wzr15","0ymorhi8eb1nrs3elbg40pr1z","7nbe807feozxlvbrxv7oj75u5","70hnqwp00hw0kge0jgrzr4qf7","9u8oqksftkn3agm4ipoxrsbjx","9ug8uo6o17gleq6ylnj6qavgv","cbmpybstng5h4paecr60bbabe","cgauy5zngx8hftafb99hggnr6","9bh37hevrfmh9j65ey3t5d3jo","0c5zgo2nqaryc6h436fzq1917","9p2sxifrpgjp9fcdjbogo7dpj","5byx6g0lyx65555o4o1mw38zy","0sy2fxg7c83fjpl4lvo6tfrca","7jvkthazbah1b1wn1dcq3mnyb","3x7z0ehqdtk40uxmkcuily2uh","bcd0wc7fh65tlses260mvipw8","8e2q1qbluecvdigvy8zv8paa3","4xchnrnt0ghb5js0a9hcrq4w4","7razvctmyk23l0rd9yiv57sb7","1ngsxv2y81cymdir3xvr6shvl","bak8qlbpq9rlper30e6e2kmbg","czpqup69r43tp8s7bbwzsdnh8","2yexwfwi4p5bmiwdnt7ihq5yl","bl7mk740xtdpww5ry0zu85njs","6hxt8v85e3b3e7ieyj1lyzzwz","e2nh4d93yibu4dlslg6bgmc4a","dtve1dk2jd447mh82v6otn2lz","33a6dundlksh174piduuamiho","18ga0zwqxp8u5efdlsdv82r8d","bwqw1eamimneq8zb7g2an5mid","e7yn04cnn5a3r9ni1gmanib8f","8rarref319wusbtpmj6ysddwn","85nsihg7i4vwig5xk4apauurc","83avks0gii65yn86ol2ykg9jn","77pmx827axqp70xpq5n2fs2iw","akt84ne10f21gvu1zo4a0tnky","crfi8mkht317b5t194gdx4f5y","e0byem1czlsmxycm97vuwkurs","1qc0kbf266t9we5xpxwyzrja6","2mu20s4gvb4upajd4k9v0p4lv"]} @ https://runtime-assets.adalo.com/static/js/main.79e9a9ca.js:1
[   49460ms] [WARNING] SKIPPING ERRONEOUS DEPENDENCY Error: Selector failed: {"type":"CURRENT_USER_SELECTOR"}
    at G (https://runtime-assets.adalo.com/static/js/main.79e9a9ca.js:2:468532)
    at t.getDependencies (https://runtime-assets.adalo.com/static/js/main.79e9a9ca.js:2:467260)
    at w.isManuallyPaginated (https://runtime-assets.adalo.com/static/js/main.79e9a9ca.js:2:348848)
    at w.getTableDataRowsForPage (https://runtime-assets.adalo.com/static/js/main.79e9a9ca.js:2:369833)
    at w.renderPaginationControls (https://runtime-assets.adalo.com/static/js/main.79e9a9ca.js:2:370943)
    at w.render (https://runtime-assets.adalo.com/static/js/main.79e9a9ca.js:2:372453)
    at Ds (https://runtime-assets.adalo.com/static/js/main.79e9a9ca.js:2:4414574)
    at Ls (https://runtime-assets.adalo.com/static/js/main.79e9a9ca.js:2:4414370)
    at Ml (https://runtime-assets.adalo.com/static/js/main.79e9a9ca.js:2:4457902)
    at bu (https://runtime-assets.adalo.com/static/js/main.79e9a9ca.js:2:4446043)
    at vu (https://runtime-assets.adalo.com/static/js/main.79e9a9ca.js:2:4445971)
    at yu (https://runtime-assets.adalo.com/static/js/main.79e9a9ca.js:2:4445834)
    at uu (https://runtime-assets.adalo.com/static/js/main.79e9a9ca.js:2:4442950)
    at Wo (https://runtime-assets.adalo.com/static/js/main.79e9a9ca.js:2:4383545)
    at https://runtime-assets.adalo.com/static/js/main.79e9a9ca.js:2:4440547 {"id":"cbmpybstng5h4paecr60bbabe","type":"binding","label":"name","source":{"type":"field","source":{"type":"data","source":null,"tableId":"t_80c852bba70544a6a98079124dfc8e10","dataType":"object","selector":{"type":"CURRENT_USER_SELECTOR"},"datasourceId":"4dba133b22784a13b18b1a791cfdd211"},"fieldId":"name","dataType":"text"},"bindingType":"libraryProp","childBindings":[],"siblingBindings":["82jnplk3ef502gh5ra15iven5","alb6jx052np69houarjepkzxt","d4ccnilspvhusn5vln7fnumoq","e1u2k5uadbzmnwqydjuj41a8s","el4yprrbnqt3re35jo8dnbq8u","a523cf05i53tfa1bas0wgcebu","22a4gatllq388sgqrwk9hg2t6","a9kncdenpdwn86cruysxqr9b8","6mz0b5cugikqk54s5zozthbzy","br9652mqlrwn0h0cretf6p9zx","28us5z1bh4mkf4afr7o4k7rx7","18hbzwi2guish96ccpaonxxk4","1ggvf2r6q7go47x48nu91ucjq","42ksl48yfdoh4nqvc6timfr64","54a7sb35ft40ry0jfk4h0eyko","7h1o8zkry3k0wp4pv0b9wzr15","0ymorhi8eb1nrs3elbg40pr1z","7nbe807feozxlvbrxv7oj75u5","70hnqwp00hw0kge0jgrzr4qf7","9u8oqksftkn3agm4ipoxrsbjx","9ug8uo6o17gleq6ylnj6qavgv","dx862l5uvza6ics9aj30xud64","cgauy5zngx8hftafb99hggnr6","9bh37hevrfmh9j65ey3t5d3jo","0c5zgo2nqaryc6h436fzq1917","9p2sxifrpgjp9fcdjbogo7dpj","5byx6g0lyx65555o4o1mw38zy","0sy2fxg7c83fjpl4lvo6tfrca","7jvkthazbah1b1wn1dcq3mnyb","3x7z0ehqdtk40uxmkcuily2uh","bcd0wc7fh65tlses260mvipw8","8e2q1qbluecvdigvy8zv8paa3","4xchnrnt0ghb5js0a9hcrq4w4","7razvctmyk23l0rd9yiv57sb7","1ngsxv2y81cymdir3xvr6shvl","bak8qlbpq9rlper30e6e2kmbg","czpqup69r43tp8s7bbwzsdnh8","2yexwfwi4p5bmiwdnt7ihq5yl","bl7mk740xtdpww5ry0zu85njs","6hxt8v85e3b3e7ieyj1lyzzwz","e2nh4d93yibu4dlslg6bgmc4a","dtve1dk2jd447mh82v6otn2lz","33a6dundlksh174piduuamiho","18ga0zwqxp8u5efdlsdv82r8d","bwqw1eamimneq8zb7g2an5mid","e7yn04cnn5a3r9ni1gmanib8f","8rarref319wusbtpmj6ysddwn","85nsihg7i4vwig5xk4apauurc","83avks0gii65yn86ol2ykg9jn","77pmx827axqp70xpq5n2fs2iw","akt84ne10f21gvu1zo4a0tnky","crfi8mkht317b5t194gdx4f5y","e0byem1czlsmxycm97vuwkurs","1qc0kbf266t9we5xpxwyzrja6","2mu20s4gvb4upajd4k9v0p4lv"]} @ https://runtime-assets.adalo.com/static/js/main.79e9a9ca.js:1
[   49460ms] [WARNING] SKIPPING ERRONEOUS DEPENDENCY Error: Selector failed: {"type":"CURRENT_USER_SELECTOR"}
    at G (https://runtime-assets.adalo.com/static/js/main.79e9a9ca.js:2:468532)
    at t.getDependencies (https://runtime-assets.adalo.com/static/js/main.79e9a9ca.js:2:467260)
    at w.isManuallyPaginated (https://runtime-assets.adalo.com/static/js/main.79e9a9ca.js:2:348848)
    at w.getTableDataRowsForPage (https://runtime-assets.adalo.com/static/js/main.79e9a9ca.js:2:369833)
    at w.renderPaginationControls (https://runtime-assets.adalo.com/static/js/main.79e9a9ca.js:2:370943)
    at w.render (https://runtime-assets.adalo.com/static/js/main.79e9a9ca.js:2:372453)
    at Ds (https://runtime-assets.adalo.com/static/js/main.79e9a9ca.js:2:4414574)
    at Ls (https://runtime-assets.adalo.com/static/js/main.79e9a9ca.js:2:4414370)
    at Ml (https://runtime-assets.adalo.com/static/js/main.79e9a9ca.js:2:4457902)
    at bu (https://runtime-assets.adalo.com/static/js/main.79e9a9ca.js:2:4446043)
    at vu (https://runtime-assets.adalo.com/static/js/main.79e9a9ca.js:2:4445971)
    at yu (https://runtime-assets.adalo.com/static/js/main.79e9a9ca.js:2:4445834)
    at uu (https://runtime-assets.adalo.com/static/js/main.79e9a9ca.js:2:4442950)
    at Wo (https://runtime-assets.adalo.com/static/js/main.79e9a9ca.js:2:4383545)
    at https://runtime-assets.adalo.com/static/js/main.79e9a9ca.js:2:4440547 {"id":"dx862l5uvza6ics9aj30xud64","type":"binding","label":"name","source":{"type":"field","source":{"type":"data","source":null,"tableId":"t_80c852bba70544a6a98079124dfc8e10","dataType":"object","selector":{"type":"CURRENT_USER_SELECTOR"},"datasourceId":"4dba133b22784a13b18b1a791cfdd211"},"fieldId":"name","dataType":"text"},"bindingType":"libraryProp","childBindings":[],"siblingBindings":["82jnplk3ef502gh5ra15iven5","alb6jx052np69houarjepkzxt","d4ccnilspvhusn5vln7fnumoq","e1u2k5uadbzmnwqydjuj41a8s","el4yprrbnqt3re35jo8dnbq8u","a523cf05i53tfa1bas0wgcebu","22a4gatllq388sgqrwk9hg2t6","a9kncdenpdwn86cruysxqr9b8","6mz0b5cugikqk54s5zozthbzy","br9652mqlrwn0h0cretf6p9zx","28us5z1bh4mkf4afr7o4k7rx7","18hbzwi2guish96ccpaonxxk4","1ggvf2r6q7go47x48nu91ucjq","42ksl48yfdoh4nqvc6timfr64","54a7sb35ft40ry0jfk4h0eyko","7h1o8zkry3k0wp4pv0b9wzr15","0ymorhi8eb1nrs3elbg40pr1z","7nbe807feozxlvbrxv7oj75u5","70hnqwp00hw0kge0jgrzr4qf7","9u8oqksftkn3agm4ipoxrsbjx","9ug8uo6o17gleq6ylnj6qavgv","cbmpybstng5h4paecr60bbabe","cgauy5zngx8hftafb99hggnr6","9bh37hevrfmh9j65ey3t5d3jo","0c5zgo2nqaryc6h436fzq1917","9p2sxifrpgjp9fcdjbogo7dpj","5byx6g0lyx65555o4o1mw38zy","0sy2fxg7c83fjpl4lvo6tfrca","7jvkthazbah1b1wn1dcq3mnyb","3x7z0ehqdtk40uxmkcuily2uh","bcd0wc7fh65tlses260mvipw8","8e2q1qbluecvdigvy8zv8paa3","4xchnrnt0ghb5js0a9hcrq4w4","7razvctmyk23l0rd9yiv57sb7","1ngsxv2y81cymdir3xvr6shvl","bak8qlbpq9rlper30e6e2kmbg","czpqup69r43tp8s7bbwzsdnh8","2yexwfwi4p5bmiwdnt7ihq5yl","bl7mk740xtdpww5ry0zu85njs","6hxt8v85e3b3e7ieyj1lyzzwz","e2nh4d93yibu4dlslg6bgmc4a","dtve1dk2jd447mh82v6otn2lz","33a6dundlksh174piduuamiho","18ga0zwqxp8u5efdlsdv82r8d","bwqw1eamimneq8zb7g2an5mid","e7yn04cnn5a3r9ni1gmanib8f","8rarref319wusbtpmj6ysddwn","85nsihg7i4vwig5xk4apauurc","83avks0gii65yn86ol2ykg9jn","77pmx827axqp70xpq5n2fs2iw","akt84ne10f21gvu1zo4a0tnky","crfi8mkht317b5t194gdx4f5y","e0byem1czlsmxycm97vuwkurs","1qc0kbf266t9we5xpxwyzrja6","2mu20s4gvb4upajd4k9v0p4lv"]} @ https://runtime-assets.adalo.com/static/js/main.79e9a9ca.js:1
[   75259ms] [WARNING] SKIPPING ERRONEOUS DEPENDENCY Error: Selector failed: {"type":"SELECT_VALUE_SELECTOR","selectObjectId":"3bmmor6uwgy9d932vmz7r1pag"}
    at G (https://runtime-assets.adalo.com/static/js/main.79e9a9ca.js:2:468532)
    at t.getDependencies (https://runtime-assets.adalo.com/static/js/main.79e9a9ca.js:2:467260)
    at L.isManuallyPaginated (https://runtime-assets.adalo.com/static/js/main.79e9a9ca.js:2:348848)
    at L.render (https://runtime-assets.adalo.com/static/js/main.79e9a9ca.js:2:244984)
    at Ds (https://runtime-assets.adalo.com/static/js/main.79e9a9ca.js:2:4414574)
    at Ls (https://runtime-assets.adalo.com/static/js/main.79e9a9ca.js:2:4414370)
    at Ml (https://runtime-assets.adalo.com/static/js/main.79e9a9ca.js:2:4457902)
    at bu (https://runtime-assets.adalo.com/static/js/main.79e9a9ca.js:2:4446043)
    at vu (https://runtime-assets.adalo.com/static/js/main.79e9a9ca.js:2:4445971)
    at yu (https://runtime-assets.adalo.com/static/js/main.79e9a9ca.js:2:4445834)
    at uu (https://runtime-assets.adalo.com/static/js/main.79e9a9ca.js:2:4442950)
    at Wo (https://runtime-assets.adalo.com/static/js/main.79e9a9ca.js:2:4383545)
    at https://runtime-assets.adalo.com/static/js/main.79e9a9ca.js:2:4449428
    at Su (https://runtime-assets.adalo.com/static/js/main.79e9a9ca.js:2:4449433)
    at au (https://runtime-assets.adalo.com/static/js/main.79e9a9ca.js:2:4441891)
    at S (https://runtime-assets.adalo.com/static/js/main.79e9a9ca.js:2:4731959)
    at I (https://runtime-assets.adalo.com/static/js/main.79e9a9ca.js:2:4732493)
    at O.<computed> (https://runtime-assets.adalo.com/static/js/main.79e9a9ca.js:2:4028835)
    at D (https://runtime-assets.adalo.com/static/js/main.79e9a9ca.js:2:4028604)
    at MessagePort.P (https://runtime-assets.adalo.com/static/js/main.79e9a9ca.js:2:4028663) {"id":"02o8nb343950hbjoqc2inwpre","type":"binding","label":"Lead_Score","source":{"type":"field","source":{"type":"data","tableId":"t_61ne992eubatuoqw8vephoi4k","dataType":"object","selector":{"type":"SELECT_VALUE_SELECTOR","selectObjectId":"3bmmor6uwgy9d932vmz7r1pag"},"datasourceId":"a1ab1856443b44fcbe8d838f7fcfa88b"},"fieldId":"Lead_Score","dataType":"text"},"bindingType":"libraryProp","childBindings":[],"siblingBindings":["7dreyduxg9ir4u4rhkd7kr07o","ayotx6lhqnky41mxfo2kjmf1m","4dp782249h0711rfptxmxnusd","4mvcbyyuliu16qctjhix48n3p","8go2kx093yc9aq84obz0drpbn","3seiwl38vg3mupppxfl22pc9l","3fe5qxnpwys9a38imtxg72rs6","8emt3wss18kxafeq3ky4i6bnv","61ynvdvadst0xiqxwh6qaf0ig","auo12ynqkhthr6wafsoiivcz9","eqsrvb46v1cwfz2kmkzlw3f83","b3s4hvzs0o1qnb29akq9x4ccy","8kvegdbaklcu0jsi56tpdlt4o","5nzi2adqdpyyqy5v1izrzohw1","92qxmmj03fcllsv5o3tf9kbhw","bt2sevpq7gr4l9nk2rs6x7bpf","bycnteo1nswgjajhmvbmo3nh0","0421zdtq1ubjapbkyvh3k699z","5ukthu1xzlli7nf8gmo3665ry","3dtdyu0h8pozjs9tj5b869sy6","60d0i4jtiujjzw2vwtsafefr4","drgxhyyti591j7ksmrk6zuwnw","4dehw2mdedgcobf9zhvijl0t5","dz5zps63gbxp5myyzrc9z92pz","f0ffzw2sy8q9ba5jukhixd3a6","8t0vjvopwqyg6j0nestwt6fyh","dy623trvqq4cvdv38sr4q58cq","9iqh9rix6rw6qbk1pylpkv7w2","5o7ru0lg62b4yhz0x1oxbk2j3","5nelavgl9i8vdjqh6g50tfp93","abffcay8ga7fn36czpylhp8lt","6gxinx0kj3ihqahs05hlntgi9","ck6le21ojgx8cuq8pljec4wyb","bp046lttdgs1e7qv7c3ijlyuf","akomfad25k6xbfj6mh6iwwim0","997lxf1t87ur1ffizgl83e9zz","dje2eg4fju391wdgbe5u6clx6","94tk5zsodvhvlgqhjfqu4skzr","62xgbll0f89svjorj65mjmsyb","5csyxiashddwlojgulpgdxm6b","audbvo0lbv6sbeqatgtmjtaic","e2kigyvlciwvg85n1esrwbqry","alz9018ekdkr5er2836gqrbxb","29h77ojxav0qjkh8euoq88b4r","0hjln8c8nsca49gpugfxfz18g","2cl5ozyjiqfue0bzwys9s1ro3","emxx4s2lpt160v4dqsvsgz9ap","4w0meq26guhjxm1ml1ubil4b4"]} @ https://runtime-assets.adalo.com/static/js/main.79e9a9ca.js:1
[   75260ms] [WARNING] SKIPPING ERRONEOUS DEPENDENCY Error: Selector failed: {"type":"CURRENT_USER_SELECTOR"}
    at G (https://runtime-assets.adalo.com/static/js/main.79e9a9ca.js:2:468532)
    at t.getDependencies (https://runtime-assets.adalo.com/static/js/main.79e9a9ca.js:2:467260)
    at L.isManuallyPaginated (https://runtime-assets.adalo.com/static/js/main.79e9a9ca.js:2:348848)
    at L.render (https://runtime-assets.adalo.com/static/js/main.79e9a9ca.js:2:244984)
    at Ds (https://runtime-assets.adalo.com/static/js/main.79e9a9ca.js:2:4414574)
    at Ls (https://runtime-assets.adalo.com/static/js/main.79e9a9ca.js:2:4414370)
    at Ml (https://runtime-assets.adalo.com/static/js/main.79e9a9ca.js:2:4457902)
    at bu (https://runtime-assets.adalo.com/static/js/main.79e9a9ca.js:2:4446043)
    at vu (https://runtime-assets.adalo.com/static/js/main.79e9a9ca.js:2:4445971)
    at yu (https://runtime-assets.adalo.com/static/js/main.79e9a9ca.js:2:4445834)
    at uu (https://runtime-assets.adalo.com/static/js/main.79e9a9ca.js:2:4442950)
    at Wo (https://runtime-assets.adalo.com/static/js/main.79e9a9ca.js:2:4383545)
    at https://runtime-assets.adalo.com/static/js/main.79e9a9ca.js:2:4449428
    at Su (https://runtime-assets.adalo.com/static/js/main.79e9a9ca.js:2:4449433)
    at au (https://runtime-assets.adalo.com/static/js/main.79e9a9ca.js:2:4441891)
    at S (https://runtime-assets.adalo.com/static/js/main.79e9a9ca.js:2:4731959)
    at I (https://runtime-assets.adalo.com/static/js/main.79e9a9ca.js:2:4732493)
    at O.<computed> (https://runtime-assets.adalo.com/static/js/main.79e9a9ca.js:2:4028835)
    at D (https://runtime-assets.adalo.com/static/js/main.79e9a9ca.js:2:4028604)
    at MessagePort.P (https://runtime-assets.adalo.com/static/js/main.79e9a9ca.js:2:4028663) {"id":"7dreyduxg9ir4u4rhkd7kr07o","type":"binding","label":"name","source":{"type":"field","source":{"type":"data","source":null,"tableId":"t_80c852bba70544a6a98079124dfc8e10","dataType":"object","selector":{"type":"CURRENT_USER_SELECTOR"},"datasourceId":"4dba133b22784a13b18b1a791cfdd211"},"fieldId":"name","dataType":"text"},"bindingType":"libraryProp","childBindings":[],"siblingBindings":["ayotx6lhqnky41mxfo2kjmf1m","4dp782249h0711rfptxmxnusd","4mvcbyyuliu16qctjhix48n3p","8go2kx093yc9aq84obz0drpbn","3seiwl38vg3mupppxfl22pc9l","3fe5qxnpwys9a38imtxg72rs6","8emt3wss18kxafeq3ky4i6bnv","61ynvdvadst0xiqxwh6qaf0ig","auo12ynqkhthr6wafsoiivcz9","eqsrvb46v1cwfz2kmkzlw3f83","b3s4hvzs0o1qnb29akq9x4ccy","8kvegdbaklcu0jsi56tpdlt4o","5nzi2adqdpyyqy5v1izrzohw1","92qxmmj03fcllsv5o3tf9kbhw","bt2sevpq7gr4l9nk2rs6x7bpf","bycnteo1nswgjajhmvbmo3nh0","0421zdtq1ubjapbkyvh3k699z","5ukthu1xzlli7nf8gmo3665ry","3dtdyu0h8pozjs9tj5b869sy6","60d0i4jtiujjzw2vwtsafefr4","drgxhyyti591j7ksmrk6zuwnw","4dehw2mdedgcobf9zhvijl0t5","dz5zps63gbxp5myyzrc9z92pz","f0ffzw2sy8q9ba5jukhixd3a6","8t0vjvopwqyg6j0nestwt6fyh","02o8nb343950hbjoqc2inwpre","dy623trvqq4cvdv38sr4q58cq","9iqh9rix6rw6qbk1pylpkv7w2","5o7ru0lg62b4yhz0x1oxbk2j3","5nelavgl9i8vdjqh6g50tfp93","abffcay8ga7fn36czpylhp8lt","6gxinx0kj3ihqahs05hlntgi9","ck6le21ojgx8cuq8pljec4wyb","bp046lttdgs1e7qv7c3ijlyuf","akomfad25k6xbfj6mh6iwwim0","997lxf1t87ur1ffizgl83e9zz","dje2eg4fju391wdgbe5u6clx6","94tk5zsodvhvlgqhjfqu4skzr","62xgbll0f89svjorj65mjmsyb","5csyxiashddwlojgulpgdxm6b","audbvo0lbv6sbeqatgtmjtaic","e2kigyvlciwvg85n1esrwbqry","alz9018ekdkr5er2836gqrbxb","29h77ojxav0qjkh8euoq88b4r","0hjln8c8nsca49gpugfxfz18g","2cl5ozyjiqfue0bzwys9s1ro3","emxx4s2lpt160v4dqsvsgz9ap","4w0meq26guhjxm1ml1ubil4b4"]} @ https://runtime-assets.adalo.com/static/js/main.79e9a9ca.js:1
[   75261ms] [WARNING] SKIPPING ERRONEOUS DEPENDENCY Error: Selector failed: {"type":"SELECT_VALUE_SELECTOR","selectObjectId":"7w4vqjjkneryup0qx6nyd5sox"}
    at G (https://runtime-assets.adalo.com/static/js/main.79e9a9ca.js:2:468532)
    at t.getDependencies (https://runtime-assets.adalo.com/static/js/main.79e9a9ca.js:2:467260)
    at L.isManuallyPaginated (https://runtime-assets.adalo.com/static/js/main.79e9a9ca.js:2:348848)
    at L.render (https://runtime-assets.adalo.com/static/js/main.79e9a9ca.js:2:244984)
    at Ds (https://runtime-assets.adalo.com/static/js/main.79e9a9ca.js:2:4414574)
    at Ls (https://runtime-assets.adalo.com/static/js/main.79e9a9ca.js:2:4414370)
    at Ml (https://runtime-assets.adalo.com/static/js/main.79e9a9ca.js:2:4457902)
    at bu (https://runtime-assets.adalo.com/static/js/main.79e9a9ca.js:2:4446043)
    at vu (https://runtime-assets.adalo.com/static/js/main.79e9a9ca.js:2:4445971)
    at yu (https://runtime-assets.adalo.com/static/js/main.79e9a9ca.js:2:4445834)
    at uu (https://runtime-assets.adalo.com/static/js/main.79e9a9ca.js:2:4442950)
    at Wo (https://runtime-assets.adalo.com/static/js/main.79e9a9ca.js:2:4383545)
    at https://runtime-assets.adalo.com/static/js/main.79e9a9ca.js:2:4449428
    at Su (https://runtime-assets.adalo.com/static/js/main.79e9a9ca.js:2:4449433)
    at au (https://runtime-assets.adalo.com/static/js/main.79e9a9ca.js:2:4441891)
    at S (https://runtime-assets.adalo.com/static/js/main.79e9a9ca.js:2:4731959)
    at I (https://runtime-assets.adalo.com/static/js/main.79e9a9ca.js:2:4732493)
    at O.<computed> (https://runtime-assets.adalo.com/static/js/main.79e9a9ca.js:2:4028835)
    at D (https://runtime-assets.adalo.com/static/js/main.79e9a9ca.js:2:4028604)
    at MessagePort.P (https://runtime-assets.adalo.com/static/js/main.79e9a9ca.js:2:4028663) {"id":"9iqh9rix6rw6qbk1pylpkv7w2","type":"binding","label":"ID","format":{"type":"commas"},"source":{"type":"field","source":{"type":"data","tableId":"t_5idhcbl2zu1px4fff99qt26gw","dataType":"object","selector":{"type":"SELECT_VALUE_SELECTOR","selectObjectId":"7w4vqjjkneryup0qx6nyd5sox"},"datasourceId":"a1ab1856443b44fcbe8d838f7fcfa88b"},"fieldId":"id","dataType":"number"},"bindingType":"libraryProp","childBindings":[],"siblingBindings":["7dreyduxg9ir4u4rhkd7kr07o","ayotx6lhqnky41mxfo2kjmf1m","4dp782249h0711rfptxmxnusd","4mvcbyyuliu16qctjhix48n3p","8go2kx093yc9aq84obz0drpbn","3seiwl38vg3mupppxfl22pc9l","3fe5qxnpwys9a38imtxg72rs6","8emt3wss18kxafeq3ky4i6bnv","61ynvdvadst0xiqxwh6qaf0ig","auo12ynqkhthr6wafsoiivcz9","eqsrvb46v1cwfz2kmkzlw3f83","b3s4hvzs0o1qnb29akq9x4ccy","8kvegdbaklcu0jsi56tpdlt4o","5nzi2adqdpyyqy5v1izrzohw1","92qxmmj03fcllsv5o3tf9kbhw","bt2sevpq7gr4l9nk2rs6x7bpf","bycnteo1nswgjajhmvbmo3nh0","0421zdtq1ubjapbkyvh3k699z","5ukthu1xzlli7nf8gmo3665ry","3dtdyu0h8pozjs9tj5b869sy6","60d0i4jtiujjzw2vwtsafefr4","drgxhyyti591j7ksmrk6zuwnw","4dehw2mdedgcobf9zhvijl0t5","dz5zps63gbxp5myyzrc9z92pz","f0ffzw2sy8q9ba5jukhixd3a6","8t0vjvopwqyg6j0nestwt6fyh","02o8nb343950hbjoqc2inwpre","dy623trvqq4cvdv38sr4q58cq","5o7ru0lg62b4yhz0x1oxbk2j3","5nelavgl9i8vdjqh6g50tfp93","abffcay8ga7fn36czpylhp8lt","6gxinx0kj3ihqahs05hlntgi9","ck6le21ojgx8cuq8pljec4wyb","bp046lttdgs1e7qv7c3ijlyuf","akomfad25k6xbfj6mh6iwwim0","997lxf1t87ur1ffizgl83e9zz","dje2eg4fju391wdgbe5u6clx6","94tk5zsodvhvlgqhjfqu4skzr","62xgbll0f89svjorj65mjmsyb","5csyxiashddwlojgulpgdxm6b","audbvo0lbv6sbeqatgtmjtaic","e2kigyvlciwvg85n1esrwbqry","alz9018ekdkr5er2836gqrbxb","29h77ojxav0qjkh8euoq88b4r","0hjln8c8nsca49gpugfxfz18g","2cl5ozyjiqfue0bzwys9s1ro3","emxx4s2lpt160v4dqsvsgz9ap","4w0meq26guhjxm1ml1ubil4b4"]} @ https://runtime-assets.adalo.com/static/js/main.79e9a9ca.js:1
[   75261ms] [WARNING] SKIPPING ERRONEOUS DEPENDENCY Error: Selector failed: {"type":"SELECT_VALUE_SELECTOR","selectObjectId":"1d1eqqw7ub6ghlz5ltyfykwui"}
    at G (https://runtime-assets.adalo.com/static/js/main.79e9a9ca.js:2:468532)
    at t.getDependencies (https://runtime-assets.adalo.com/static/js/main.79e9a9ca.js:2:467260)
    at L.isManuallyPaginated (https://runtime-assets.adalo.com/static/js/main.79e9a9ca.js:2:348848)
    at L.render (https://runtime-assets.adalo.com/static/js/main.79e9a9ca.js:2:244984)
    at Ds (https://runtime-assets.adalo.com/static/js/main.79e9a9ca.js:2:4414574)
    at Ls (https://runtime-assets.adalo.com/static/js/main.79e9a9ca.js:2:4414370)
    at Ml (https://runtime-assets.adalo.com/static/js/main.79e9a9ca.js:2:4457902)
    at bu (https://runtime-assets.adalo.com/static/js/main.79e9a9ca.js:2:4446043)
    at vu (https://runtime-assets.adalo.com/static/js/main.79e9a9ca.js:2:4445971)
    at yu (https://runtime-assets.adalo.com/static/js/main.79e9a9ca.js:2:4445834)
    at uu (https://runtime-assets.adalo.com/static/js/main.79e9a9ca.js:2:4442950)
    at Wo (https://runtime-assets.adalo.com/static/js/main.79e9a9ca.js:2:4383545)
    at https://runtime-assets.adalo.com/static/js/main.79e9a9ca.js:2:4449428
    at Su (https://runtime-assets.adalo.com/static/js/main.79e9a9ca.js:2:4449433)
    at au (https://runtime-assets.adalo.com/static/js/main.79e9a9ca.js:2:4441891)
    at S (https://runtime-assets.adalo.com/static/js/main.79e9a9ca.js:2:4731959)
    at I (https://runtime-assets.adalo.com/static/js/main.79e9a9ca.js:2:4732493)
    at O.<computed> (https://runtime-assets.adalo.com/static/js/main.79e9a9ca.js:2:4028835)
    at D (https://runtime-assets.adalo.com/static/js/main.79e9a9ca.js:2:4028604)
    at MessagePort.P (https://runtime-assets.adalo.com/static/js/main.79e9a9ca.js:2:4028663) {"id":"5784tdv70verd4m24w9964bg7","type":"binding","label":"conference_name","source":{"type":"field","source":{"type":"data","tableId":"t_5fi9vn22j1ibyg3p7mizk8hlm","dataType":"object","selector":{"type":"SELECT_VALUE_SELECTOR","selectObjectId":"1d1eqqw7ub6ghlz5ltyfykwui"},"datasourceId":"a1ab1856443b44fcbe8d838f7fcfa88b"},"fieldId":"conference_name","dataType":"text"},"bindingType":"libraryProp"} @ https://runtime-assets.adalo.com/static/js/main.79e9a9ca.js:1
[   75262ms] [WARNING] SKIPPING ERRONEOUS DEPENDENCY Error: Selector failed: {"type":"SELECT_VALUE_SELECTOR","selectObjectId":"1d1eqqw7ub6ghlz5ltyfykwui"}
    at G (https://runtime-assets.adalo.com/static/js/main.79e9a9ca.js:2:468532)
    at t.getDependencies (https://runtime-assets.adalo.com/static/js/main.79e9a9ca.js:2:467260)
    at L.isManuallyPaginated (https://runtime-assets.adalo.com/static/js/main.79e9a9ca.js:2:348848)
    at L.render (https://runtime-assets.adalo.com/static/js/main.79e9a9ca.js:2:244984)
    at Ds (https://runtime-assets.adalo.com/static/js/main.79e9a9ca.js:2:4414574)
    at Ls (https://runtime-assets.adalo.com/static/js/main.79e9a9ca.js:2:4414370)
    at Ml (https://runtime-assets.adalo.com/static/js/main.79e9a9ca.js:2:4457902)
    at bu (https://runtime-assets.adalo.com/static/js/main.79e9a9ca.js:2:4446043)
    at vu (https://runtime-assets.adalo.com/static/js/main.79e9a9ca.js:2:4445971)
    at yu (https://runtime-assets.adalo.com/static/js/main.79e9a9ca.js:2:4445834)
    at uu (https://runtime-assets.adalo.com/static/js/main.79e9a9ca.js:2:4442950)
    at Wo (https://runtime-assets.adalo.com/static/js/main.79e9a9ca.js:2:4383545)
    at https://runtime-assets.adalo.com/static/js/main.79e9a9ca.js:2:4449428
    at Su (https://runtime-assets.adalo.com/static/js/main.79e9a9ca.js:2:4449433)
    at au (https://runtime-assets.adalo.com/static/js/main.79e9a9ca.js:2:4441891)
    at S (https://runtime-assets.adalo.com/static/js/main.79e9a9ca.js:2:4731959)
    at I (https://runtime-assets.adalo.com/static/js/main.79e9a9ca.js:2:4732493)
    at O.<computed> (https://runtime-assets.adalo.com/static/js/main.79e9a9ca.js:2:4028835)
    at D (https://runtime-assets.adalo.com/static/js/main.79e9a9ca.js:2:4028604)
    at MessagePort.P (https://runtime-assets.adalo.com/static/js/main.79e9a9ca.js:2:4028663) {"id":"2eo1n1hgrwy23q7u805um8qid","type":"binding","format":{"type":"commas"},"source":{"type":"field","source":{"type":"data","tableId":"t_5fi9vn22j1ibyg3p7mizk8hlm","dataType":"object","selector":{"type":"SELECT_VALUE_SELECTOR","selectObjectId":"1d1eqqw7ub6ghlz5ltyfykwui"},"datasourceId":"a1ab1856443b44fcbe8d838f7fcfa88b"},"fieldId":"rawconferencelist_id","dataType":"number"},"bindingType":"libraryProp"} @ https://runtime-assets.adalo.com/static/js/main.79e9a9ca.js:1
[   75262ms] [WARNING] SKIPPING ERRONEOUS DEPENDENCY Error: Selector failed: {"type":"SELECT_VALUE_SELECTOR","selectObjectId":"1d1eqqw7ub6ghlz5ltyfykwui"}
    at G (https://runtime-assets.adalo.com/static/js/main.79e9a9ca.js:2:468532)
    at t.getDependencies (https://runtime-assets.adalo.com/static/js/main.79e9a9ca.js:2:467260)
    at L.isManuallyPaginated (https://runtime-assets.adalo.com/static/js/main.79e9a9ca.js:2:348848)
    at L.render (https://runtime-assets.adalo.com/static/js/main.79e9a9ca.js:2:244984)
    at Ds (https://runtime-assets.adalo.com/static/js/main.79e9a9ca.js:2:4414574)
    at Ls (https://runtime-assets.adalo.com/static/js/main.79e9a9ca.js:2:4414370)
    at Ml (https://runtime-assets.adalo.com/static/js/main.79e9a9ca.js:2:4457902)
    at bu (https://runtime-assets.adalo.com/static/js/main.79e9a9ca.js:2:4446043)
    at vu (https://runtime-assets.adalo.com/static/js/main.79e9a9ca.js:2:4445971)
    at yu (https://runtime-assets.adalo.com/static/js/main.79e9a9ca.js:2:4445834)
    at uu (https://runtime-assets.adalo.com/static/js/main.79e9a9ca.js:2:4442950)
    at Wo (https://runtime-assets.adalo.com/static/js/main.79e9a9ca.js:2:4383545)
    at https://runtime-assets.adalo.com/static/js/main.79e9a9ca.js:2:4449428
    at Su (https://runtime-assets.adalo.com/static/js/main.79e9a9ca.js:2:4449433)
    at au (https://runtime-assets.adalo.com/static/js/main.79e9a9ca.js:2:4441891)
    at S (https://runtime-assets.adalo.com/static/js/main.79e9a9ca.js:2:4731959)
    at I (https://runtime-assets.adalo.com/static/js/main.79e9a9ca.js:2:4732493)
    at O.<computed> (https://runtime-assets.adalo.com/static/js/main.79e9a9ca.js:2:4028835)
    at D (https://runtime-assets.adalo.com/static/js/main.79e9a9ca.js:2:4028604)
    at MessagePort.P (https://runtime-assets.adalo.com/static/js/main.79e9a9ca.js:2:4028663) {"source":{"type":"field","source":{"type":"data","tableId":"t_5fi9vn22j1ibyg3p7mizk8hlm","dataType":"object","selector":{"type":"SELECT_VALUE_SELECTOR","selectObjectId":"1d1eqqw7ub6ghlz5ltyfykwui"},"datasourceId":"a1ab1856443b44fcbe8d838f7fcfa88b"},"fieldId":"rawconferencelist_id","dataType":"number"}} @ https://runtime-assets.adalo.com/static/js/main.79e9a9ca.js:1
[   75262ms] [WARNING] SKIPPING ERRONEOUS DEPENDENCY Error: Selector failed: {"type":"SELECT_VALUE_SELECTOR","selectObjectId":"1d1eqqw7ub6ghlz5ltyfykwui"}
    at G (https://runtime-assets.adalo.com/static/js/main.79e9a9ca.js:2:468532)
    at t.getDependencies (https://runtime-assets.adalo.com/static/js/main.79e9a9ca.js:2:467260)
    at L.isManuallyPaginated (https://runtime-assets.adalo.com/static/js/main.79e9a9ca.js:2:348848)
    at L.render (https://runtime-assets.adalo.com/static/js/main.79e9a9ca.js:2:244984)
    at Ds (https://runtime-assets.adalo.com/static/js/main.79e9a9ca.js:2:4414574)
    at Ls (https://runtime-assets.adalo.com/static/js/main.79e9a9ca.js:2:4414370)
    at Ml (https://runtime-assets.adalo.com/static/js/main.79e9a9ca.js:2:4457902)
    at bu (https://runtime-assets.adalo.com/static/js/main.79e9a9ca.js:2:4446043)
    at vu (https://runtime-assets.adalo.com/static/js/main.79e9a9ca.js:2:4445971)
    at yu (https://runtime-assets.adalo.com/static/js/main.79e9a9ca.js:2:4445834)
    at uu (https://runtime-assets.adalo.com/static/js/main.79e9a9ca.js:2:4442950)
    at Wo (https://runtime-assets.adalo.com/static/js/main.79e9a9ca.js:2:4383545)
    at https://runtime-assets.adalo.com/static/js/main.79e9a9ca.js:2:4449428
    at Su (https://runtime-assets.adalo.com/static/js/main.79e9a9ca.js:2:4449433)
    at au (https://runtime-assets.adalo.com/static/js/main.79e9a9ca.js:2:4441891)
    at S (https://runtime-assets.adalo.com/static/js/main.79e9a9ca.js:2:4731959)
    at I (https://runtime-assets.adalo.com/static/js/main.79e9a9ca.js:2:4732493)
    at O.<computed> (https://runtime-assets.adalo.com/static/js/main.79e9a9ca.js:2:4028835)
    at D (https://runtime-assets.adalo.com/static/js/main.79e9a9ca.js:2:4028604)
    at MessagePort.P (https://runtime-assets.adalo.com/static/js/main.79e9a9ca.js:2:4028663) {"source":{"type":"field","source":{"type":"data","tableId":"t_5fi9vn22j1ibyg3p7mizk8hlm","dataType":"object","selector":{"type":"SELECT_VALUE_SELECTOR","selectObjectId":"1d1eqqw7ub6ghlz5ltyfykwui"},"datasourceId":"a1ab1856443b44fcbe8d838f7fcfa88b"},"fieldId":"conference_name","dataType":"text"}} @ https://runtime-assets.adalo.com/static/js/main.79e9a9ca.js:1
[   75262ms] [WARNING] SKIPPING ERRONEOUS DEPENDENCY Error: Selector failed: {"type":"CURRENT_USER_SELECTOR"}
    at G (https://runtime-assets.adalo.com/static/js/main.79e9a9ca.js:2:468532)
    at t.getDependencies (https://runtime-assets.adalo.com/static/js/main.79e9a9ca.js:2:467260)
    at L.isManuallyPaginated (https://runtime-assets.adalo.com/static/js/main.79e9a9ca.js:2:348848)
    at L.render (https://runtime-assets.adalo.com/static/js/main.79e9a9ca.js:2:244984)
    at Ds (https://runtime-assets.adalo.com/static/js/main.79e9a9ca.js:2:4414574)
    at Ls (https://runtime-assets.adalo.com/static/js/main.79e9a9ca.js:2:4414370)
    at Ml (https://runtime-assets.adalo.com/static/js/main.79e9a9ca.js:2:4457902)
    at bu (https://runtime-assets.adalo.com/static/js/main.79e9a9ca.js:2:4446043)
    at vu (https://runtime-assets.adalo.com/static/js/main.79e9a9ca.js:2:4445971)
    at yu (https://runtime-assets.adalo.com/static/js/main.79e9a9ca.js:2:4445834)
    at uu (https://runtime-assets.adalo.com/static/js/main.79e9a9ca.js:2:4442950)
    at Wo (https://runtime-assets.adalo.com/static/js/main.79e9a9ca.js:2:4383545)
    at https://runtime-assets.adalo.com/static/js/main.79e9a9ca.js:2:4449428
    at Su (https://runtime-assets.adalo.com/static/js/main.79e9a9ca.js:2:4449433)
    at au (https://runtime-assets.adalo.com/static/js/main.79e9a9ca.js:2:4441891)
    at S (https://runtime-assets.adalo.com/static/js/main.79e9a9ca.js:2:4731959)
    at I (https://runtime-assets.adalo.com/static/js/main.79e9a9ca.js:2:4732493)
    at O.<computed> (https://runtime-assets.adalo.com/static/js/main.79e9a9ca.js:2:4028835)
    at D (https://runtime-assets.adalo.com/static/js/main.79e9a9ca.js:2:4028604)
    at MessagePort.P (https://runtime-assets.adalo.com/static/js/main.79e9a9ca.js:2:4028663) {"id":"en0xhfc9kfg4dbn1n2pekc207","type":"binding","source":{"type":"field","source":{"type":"data","source":null,"tableId":"t_80c852bba70544a6a98079124dfc8e10","dataType":"object","selector":{"type":"CURRENT_USER_SELECTOR"},"datasourceId":"4dba133b22784a13b18b1a791cfdd211"},"fieldId":"remaining_credits","dataType":"number"},"options":{},"comparator":"<","comparison":"1","bindingType":"libraryProp"} @ https://runtime-assets.adalo.com/static/js/main.79e9a9ca.js:1
[   75310ms] [WARNING] SKIPPING ERRONEOUS DEPENDENCY Error: Selector failed: {"type":"CURRENT_USER_SELECTOR"}
    at G (https://runtime-assets.adalo.com/static/js/main.79e9a9ca.js:2:468532)
    at t.getDependencies (https://runtime-assets.adalo.com/static/js/main.79e9a9ca.js:2:467260)
    at w.isManuallyPaginated (https://runtime-assets.adalo.com/static/js/main.79e9a9ca.js:2:348848)
    at w.getTableDataRowsForPage (https://runtime-assets.adalo.com/static/js/main.79e9a9ca.js:2:369833)
    at w.getTableDataRows (https://runtime-assets.adalo.com/static/js/main.79e9a9ca.js:2:370168)
    at w.render (https://runtime-assets.adalo.com/static/js/main.79e9a9ca.js:2:371443)
    at Ds (https://runtime-assets.adalo.com/static/js/main.79e9a9ca.js:2:4414574)
    at Ls (https://runtime-assets.adalo.com/static/js/main.79e9a9ca.js:2:4414370)
    at Ml (https://runtime-assets.adalo.com/static/js/main.79e9a9ca.js:2:4457902)
    at bu (https://runtime-assets.adalo.com/static/js/main.79e9a9ca.js:2:4446043)
    at vu (https://runtime-assets.adalo.com/static/js/main.79e9a9ca.js:2:4445971)
    at yu (https://runtime-assets.adalo.com/static/js/main.79e9a9ca.js:2:4445834)
    at uu (https://runtime-assets.adalo.com/static/js/main.79e9a9ca.js:2:4442950)
    at Wo (https://runtime-assets.adalo.com/static/js/main.79e9a9ca.js:2:4383545)
    at https://runtime-assets.adalo.com/static/js/main.79e9a9ca.js:2:4449428
    at Su (https://runtime-assets.adalo.com/static/js/main.79e9a9ca.js:2:4449433)
    at au (https://runtime-assets.adalo.com/static/js/main.79e9a9ca.js:2:4441891)
    at S (https://runtime-assets.adalo.com/static/js/main.79e9a9ca.js:2:4731959)
    at I (https://runtime-assets.adalo.com/static/js/main.79e9a9ca.js:2:4732493)
    at O.<computed> (https://runtime-assets.adalo.com/static/js/main.79e9a9ca.js:2:4028835)
    at D (https://runtime-assets.adalo.com/static/js/main.79e9a9ca.js:2:4028604)
    at MessagePort.P (https://runtime-assets.adalo.com/static/js/main.79e9a9ca.js:2:4028663) {"id":"cbmpybstng5h4paecr60bbabe","type":"binding","label":"name","source":{"type":"field","source":{"type":"data","source":null,"tableId":"t_80c852bba70544a6a98079124dfc8e10","dataType":"object","selector":{"type":"CURRENT_USER_SELECTOR"},"datasourceId":"4dba133b22784a13b18b1a791cfdd211"},"fieldId":"name","dataType":"text"},"bindingType":"libraryProp","childBindings":[],"siblingBindings":["82jnplk3ef502gh5ra15iven5","alb6jx052np69houarjepkzxt","d4ccnilspvhusn5vln7fnumoq","e1u2k5uadbzmnwqydjuj41a8s","el4yprrbnqt3re35jo8dnbq8u","a523cf05i53tfa1bas0wgcebu","22a4gatllq388sgqrwk9hg2t6","a9kncdenpdwn86cruysxqr9b8","6mz0b5cugikqk54s5zozthbzy","br9652mqlrwn0h0cretf6p9zx","28us5z1bh4mkf4afr7o4k7rx7","18hbzwi2guish96ccpaonxxk4","1ggvf2r6q7go47x48nu91ucjq","42ksl48yfdoh4nqvc6timfr64","54a7sb35ft40ry0jfk4h0eyko","7h1o8zkry3k0wp4pv0b9wzr15","0ymorhi8eb1nrs3elbg40pr1z","7nbe807feozxlvbrxv7oj75u5","70hnqwp00hw0kge0jgrzr4qf7","9u8oqksftkn3agm4ipoxrsbjx","9ug8uo6o17gleq6ylnj6qavgv","dx862l5uvza6ics9aj30xud64","cgauy5zngx8hftafb99hggnr6","9bh37hevrfmh9j65ey3t5d3jo","0c5zgo2nqaryc6h436fzq1917","9p2sxifrpgjp9fcdjbogo7dpj","5byx6g0lyx65555o4o1mw38zy","0sy2fxg7c83fjpl4lvo6tfrca","7jvkthazbah1b1wn1dcq3mnyb","3x7z0ehqdtk40uxmkcuily2uh","bcd0wc7fh65tlses260mvipw8","8e2q1qbluecvdigvy8zv8paa3","4xchnrnt0ghb5js0a9hcrq4w4","7razvctmyk23l0rd9yiv57sb7","1ngsxv2y81cymdir3xvr6shvl","bak8qlbpq9rlper30e6e2kmbg","czpqup69r43tp8s7bbwzsdnh8","2yexwfwi4p5bmiwdnt7ihq5yl","bl7mk740xtdpww5ry0zu85njs","6hxt8v85e3b3e7ieyj1lyzzwz","e2nh4d93yibu4dlslg6bgmc4a","dtve1dk2jd447mh82v6otn2lz","33a6dundlksh174piduuamiho","18ga0zwqxp8u5efdlsdv82r8d","bwqw1eamimneq8zb7g2an5mid","e7yn04cnn5a3r9ni1gmanib8f","8rarref319wusbtpmj6ysddwn","85nsihg7i4vwig5xk4apauurc","83avks0gii65yn86ol2ykg9jn","77pmx827axqp70xpq5n2fs2iw","akt84ne10f21gvu1zo4a0tnky","crfi8mkht317b5t194gdx4f5y","e0byem1czlsmxycm97vuwkurs","1qc0kbf266t9we5xpxwyzrja6","2mu20s4gvb4upajd4k9v0p4lv"]} @ https://runtime-assets.adalo.com/static/js/main.79e9a9ca.js:1
[   75311ms] [WARNING] SKIPPING ERRONEOUS DEPENDENCY Error: Selector failed: {"type":"CURRENT_USER_SELECTOR"}
    at G (https://runtime-assets.adalo.com/static/js/main.79e9a9ca.js:2:468532)
    at t.getDependencies (https://runtime-assets.adalo.com/static/js/main.79e9a9ca.js:2:467260)
    at w.isManuallyPaginated (https://runtime-assets.adalo.com/static/js/main.79e9a9ca.js:2:348848)
    at w.getTableDataRowsForPage (https://runtime-assets.adalo.com/static/js/main.79e9a9ca.js:2:369833)
    at w.getTableDataRows (https://runtime-assets.adalo.com/static/js/main.79e9a9ca.js:2:370168)
    at w.render (https://runtime-assets.adalo.com/static/js/main.79e9a9ca.js:2:371443)
    at Ds (https://runtime-assets.adalo.com/static/js/main.79e9a9ca.js:2:4414574)
    at Ls (https://runtime-assets.adalo.com/static/js/main.79e9a9ca.js:2:4414370)
    at Ml (https://runtime-assets.adalo.com/static/js/main.79e9a9ca.js:2:4457902)
    at bu (https://runtime-assets.adalo.com/static/js/main.79e9a9ca.js:2:4446043)
    at vu (https://runtime-assets.adalo.com/static/js/main.79e9a9ca.js:2:4445971)
    at yu (https://runtime-assets.adalo.com/static/js/main.79e9a9ca.js:2:4445834)
    at uu (https://runtime-assets.adalo.com/static/js/main.79e9a9ca.js:2:4442950)
    at Wo (https://runtime-assets.adalo.com/static/js/main.79e9a9ca.js:2:4383545)
    at https://runtime-assets.adalo.com/static/js/main.79e9a9ca.js:2:4449428
    at Su (https://runtime-assets.adalo.com/static/js/main.79e9a9ca.js:2:4449433)
    at au (https://runtime-assets.adalo.com/static/js/main.79e9a9ca.js:2:4441891)
    at S (https://runtime-assets.adalo.com/static/js/main.79e9a9ca.js:2:4731959)
    at I (https://runtime-assets.adalo.com/static/js/main.79e9a9ca.js:2:4732493)
    at O.<computed> (https://runtime-assets.adalo.com/static/js/main.79e9a9ca.js:2:4028835)
    at D (https://runtime-assets.adalo.com/static/js/main.79e9a9ca.js:2:4028604)
    at MessagePort.P (https://runtime-assets.adalo.com/static/js/main.79e9a9ca.js:2:4028663) {"id":"dx862l5uvza6ics9aj30xud64","type":"binding","label":"name","source":{"type":"field","source":{"type":"data","source":null,"tableId":"t_80c852bba70544a6a98079124dfc8e10","dataType":"object","selector":{"type":"CURRENT_USER_SELECTOR"},"datasourceId":"4dba133b22784a13b18b1a791cfdd211"},"fieldId":"name","dataType":"text"},"bindingType":"libraryProp","childBindings":[],"siblingBindings":["82jnplk3ef502gh5ra15iven5","alb6jx052np69houarjepkzxt","d4ccnilspvhusn5vln7fnumoq","e1u2k5uadbzmnwqydjuj41a8s","el4yprrbnqt3re35jo8dnbq8u","a523cf05i53tfa1bas0wgcebu","22a4gatllq388sgqrwk9hg2t6","a9kncdenpdwn86cruysxqr9b8","6mz0b5cugikqk54s5zozthbzy","br9652mqlrwn0h0cretf6p9zx","28us5z1bh4mkf4afr7o4k7rx7","18hbzwi2guish96ccpaonxxk4","1ggvf2r6q7go47x48nu91ucjq","42ksl48yfdoh4nqvc6timfr64","54a7sb35ft40ry0jfk4h0eyko","7h1o8zkry3k0wp4pv0b9wzr15","0ymorhi8eb1nrs3elbg40pr1z","7nbe807feozxlvbrxv7oj75u5","70hnqwp00hw0kge0jgrzr4qf7","9u8oqksftkn3agm4ipoxrsbjx","9ug8uo6o17gleq6ylnj6qavgv","cbmpybstng5h4paecr60bbabe","cgauy5zngx8hftafb99hggnr6","9bh37hevrfmh9j65ey3t5d3jo","0c5zgo2nqaryc6h436fzq1917","9p2sxifrpgjp9fcdjbogo7dpj","5byx6g0lyx65555o4o1mw38zy","0sy2fxg7c83fjpl4lvo6tfrca","7jvkthazbah1b1wn1dcq3mnyb","3x7z0ehqdtk40uxmkcuily2uh","bcd0wc7fh65tlses260mvipw8","8e2q1qbluecvdigvy8zv8paa3","4xchnrnt0ghb5js0a9hcrq4w4","7razvctmyk23l0rd9yiv57sb7","1ngsxv2y81cymdir3xvr6shvl","bak8qlbpq9rlper30e6e2kmbg","czpqup69r43tp8s7bbwzsdnh8","2yexwfwi4p5bmiwdnt7ihq5yl","bl7mk740xtdpww5ry0zu85njs","6hxt8v85e3b3e7ieyj1lyzzwz","e2nh4d93yibu4dlslg6bgmc4a","dtve1dk2jd447mh82v6otn2lz","33a6dundlksh174piduuamiho","18ga0zwqxp8u5efdlsdv82r8d","bwqw1eamimneq8zb7g2an5mid","e7yn04cnn5a3r9ni1gmanib8f","8rarref319wusbtpmj6ysddwn","85nsihg7i4vwig5xk4apauurc","83avks0gii65yn86ol2ykg9jn","77pmx827axqp70xpq5n2fs2iw","akt84ne10f21gvu1zo4a0tnky","crfi8mkht317b5t194gdx4f5y","e0byem1czlsmxycm97vuwkurs","1qc0kbf266t9we5xpxwyzrja6","2mu20s4gvb4upajd4k9v0p4lv"]} @ https://runtime-assets.adalo.com/static/js/main.79e9a9ca.js:1
[   75313ms] [WARNING] SKIPPING ERRONEOUS DEPENDENCY Error: Selector failed: {"type":"CURRENT_USER_SELECTOR"}
    at G (https://runtime-assets.adalo.com/static/js/main.79e9a9ca.js:2:468532)
    at t.getDependencies (https://runtime-assets.adalo.com/static/js/main.79e9a9ca.js:2:467260)
    at w.isManuallyPaginated (https://runtime-assets.adalo.com/static/js/main.79e9a9ca.js:2:348848)
    at w.renderPaginationControls (https://runtime-assets.adalo.com/static/js/main.79e9a9ca.js:2:370838)
    at w.render (https://runtime-assets.adalo.com/static/js/main.79e9a9ca.js:2:372453)
    at Ds (https://runtime-assets.adalo.com/static/js/main.79e9a9ca.js:2:4414574)
    at Ls (https://runtime-assets.adalo.com/static/js/main.79e9a9ca.js:2:4414370)
    at Ml (https://runtime-assets.adalo.com/static/js/main.79e9a9ca.js:2:4457902)
    at bu (https://runtime-assets.adalo.com/static/js/main.79e9a9ca.js:2:4446043)
    at vu (https://runtime-assets.adalo.com/static/js/main.79e9a9ca.js:2:4445971)
    at yu (https://runtime-assets.adalo.com/static/js/main.79e9a9ca.js:2:4445834)
    at uu (https://runtime-assets.adalo.com/static/js/main.79e9a9ca.js:2:4442950)
    at Wo (https://runtime-assets.adalo.com/static/js/main.79e9a9ca.js:2:4383545)
    at https://runtime-assets.adalo.com/static/js/main.79e9a9ca.js:2:4449428
    at Su (https://runtime-assets.adalo.com/static/js/main.79e9a9ca.js:2:4449433)
    at au (https://runtime-assets.adalo.com/static/js/main.79e9a9ca.js:2:4441891)
    at S (https://runtime-assets.adalo.com/static/js/main.79e9a9ca.js:2:4731959)
    at I (https://runtime-assets.adalo.com/static/js/main.79e9a9ca.js:2:4732493)
    at O.<computed> (https://runtime-assets.adalo.com/static/js/main.79e9a9ca.js:2:4028835)
    at D (https://runtime-assets.adalo.com/static/js/main.79e9a9ca.js:2:4028604)
    at MessagePort.P (https://runtime-assets.adalo.com/static/js/main.79e9a9ca.js:2:4028663) {"id":"cbmpybstng5h4paecr60bbabe","type":"binding","label":"name","source":{"type":"field","source":{"type":"data","source":null,"tableId":"t_80c852bba70544a6a98079124dfc8e10","dataType":"object","selector":{"type":"CURRENT_USER_SELECTOR"},"datasourceId":"4dba133b22784a13b18b1a791cfdd211"},"fieldId":"name","dataType":"text"},"bindingType":"libraryProp","childBindings":[],"siblingBindings":["82jnplk3ef502gh5ra15iven5","alb6jx052np69houarjepkzxt","d4ccnilspvhusn5vln7fnumoq","e1u2k5uadbzmnwqydjuj41a8s","el4yprrbnqt3re35jo8dnbq8u","a523cf05i53tfa1bas0wgcebu","22a4gatllq388sgqrwk9hg2t6","a9kncdenpdwn86cruysxqr9b8","6mz0b5cugikqk54s5zozthbzy","br9652mqlrwn0h0cretf6p9zx","28us5z1bh4mkf4afr7o4k7rx7","18hbzwi2guish96ccpaonxxk4","1ggvf2r6q7go47x48nu91ucjq","42ksl48yfdoh4nqvc6timfr64","54a7sb35ft40ry0jfk4h0eyko","7h1o8zkry3k0wp4pv0b9wzr15","0ymorhi8eb1nrs3elbg40pr1z","7nbe807feozxlvbrxv7oj75u5","70hnqwp00hw0kge0jgrzr4qf7","9u8oqksftkn3agm4ipoxrsbjx","9ug8uo6o17gleq6ylnj6qavgv","dx862l5uvza6ics9aj30xud64","cgauy5zngx8hftafb99hggnr6","9bh37hevrfmh9j65ey3t5d3jo","0c5zgo2nqaryc6h436fzq1917","9p2sxifrpgjp9fcdjbogo7dpj","5byx6g0lyx65555o4o1mw38zy","0sy2fxg7c83fjpl4lvo6tfrca","7jvkthazbah1b1wn1dcq3mnyb","3x7z0ehqdtk40uxmkcuily2uh","bcd0wc7fh65tlses260mvipw8","8e2q1qbluecvdigvy8zv8paa3","4xchnrnt0ghb5js0a9hcrq4w4","7razvctmyk23l0rd9yiv57sb7","1ngsxv2y81cymdir3xvr6shvl","bak8qlbpq9rlper30e6e2kmbg","czpqup69r43tp8s7bbwzsdnh8","2yexwfwi4p5bmiwdnt7ihq5yl","bl7mk740xtdpww5ry0zu85njs","6hxt8v85e3b3e7ieyj1lyzzwz","e2nh4d93yibu4dlslg6bgmc4a","dtve1dk2jd447mh82v6otn2lz","33a6dundlksh174piduuamiho","18ga0zwqxp8u5efdlsdv82r8d","bwqw1eamimneq8zb7g2an5mid","e7yn04cnn5a3r9ni1gmanib8f","8rarref319wusbtpmj6ysddwn","85nsihg7i4vwig5xk4apauurc","83avks0gii65yn86ol2ykg9jn","77pmx827axqp70xpq5n2fs2iw","akt84ne10f21gvu1zo4a0tnky","crfi8mkht317b5t194gdx4f5y","e0byem1czlsmxycm97vuwkurs","1qc0kbf266t9we5xpxwyzrja6","2mu20s4gvb4upajd4k9v0p4lv"]} @ https://runtime-assets.adalo.com/static/js/main.79e9a9ca.js:1
[   75313ms] [WARNING] SKIPPING ERRONEOUS DEPENDENCY Error: Selector failed: {"type":"CURRENT_USER_SELECTOR"}
    at G (https://runtime-assets.adalo.com/static/js/main.79e9a9ca.js:2:468532)
    at t.getDependencies (https://runtime-assets.adalo.com/static/js/main.79e9a9ca.js:2:467260)
    at w.isManuallyPaginated (https://runtime-assets.adalo.com/static/js/main.79e9a9ca.js:2:348848)
    at w.renderPaginationControls (https://runtime-assets.adalo.com/static/js/main.79e9a9ca.js:2:370838)
    at w.render (https://runtime-assets.adalo.com/static/js/main.79e9a9ca.js:2:372453)
    at Ds (https://runtime-assets.adalo.com/static/js/main.79e9a9ca.js:2:4414574)
    at Ls (https://runtime-assets.adalo.com/static/js/main.79e9a9ca.js:2:4414370)
    at Ml (https://runtime-assets.adalo.com/static/js/main.79e9a9ca.js:2:4457902)
    at bu (https://runtime-assets.adalo.com/static/js/main.79e9a9ca.js:2:4446043)
    at vu (https://runtime-assets.adalo.com/static/js/main.79e9a9ca.js:2:4445971)
    at yu (https://runtime-assets.adalo.com/static/js/main.79e9a9ca.js:2:4445834)
    at uu (https://runtime-assets.adalo.com/static/js/main.79e9a9ca.js:2:4442950)
    at Wo (https://runtime-assets.adalo.com/static/js/main.79e9a9ca.js:2:4383545)
    at https://runtime-assets.adalo.com/static/js/main.79e9a9ca.js:2:4449428
    at Su (https://runtime-assets.adalo.com/static/js/main.79e9a9ca.js:2:4449433)
    at au (https://runtime-assets.adalo.com/static/js/main.79e9a9ca.js:2:4441891)
    at S (https://runtime-assets.adalo.com/static/js/main.79e9a9ca.js:2:4731959)
    at I (https://runtime-assets.adalo.com/static/js/main.79e9a9ca.js:2:4732493)
    at O.<computed> (https://runtime-assets.adalo.com/static/js/main.79e9a9ca.js:2:4028835)
    at D (https://runtime-assets.adalo.com/static/js/main.79e9a9ca.js:2:4028604)
    at MessagePort.P (https://runtime-assets.adalo.com/static/js/main.79e9a9ca.js:2:4028663) {"id":"dx862l5uvza6ics9aj30xud64","type":"binding","label":"name","source":{"type":"field","source":{"type":"data","source":null,"tableId":"t_80c852bba70544a6a98079124dfc8e10","dataType":"object","selector":{"type":"CURRENT_USER_SELECTOR"},"datasourceId":"4dba133b22784a13b18b1a791cfdd211"},"fieldId":"name","dataType":"text"},"bindingType":"libraryProp","childBindings":[],"siblingBindings":["82jnplk3ef502gh5ra15iven5","alb6jx052np69houarjepkzxt","d4ccnilspvhusn5vln7fnumoq","e1u2k5uadbzmnwqydjuj41a8s","el4yprrbnqt3re35jo8dnbq8u","a523cf05i53tfa1bas0wgcebu","22a4gatllq388sgqrwk9hg2t6","a9kncdenpdwn86cruysxqr9b8","6mz0b5cugikqk54s5zozthbzy","br9652mqlrwn0h0cretf6p9zx","28us5z1bh4mkf4afr7o4k7rx7","18hbzwi2guish96ccpaonxxk4","1ggvf2r6q7go47x48nu91ucjq","42ksl48yfdoh4nqvc6timfr64","54a7sb35ft40ry0jfk4h0eyko","7h1o8zkry3k0wp4pv0b9wzr15","0ymorhi8eb1nrs3elbg40pr1z","7nbe807feozxlvbrxv7oj75u5","70hnqwp00hw0kge0jgrzr4qf7","9u8oqksftkn3agm4ipoxrsbjx","9ug8uo6o17gleq6ylnj6qavgv","cbmpybstng5h4paecr60bbabe","cgauy5zngx8hftafb99hggnr6","9bh37hevrfmh9j65ey3t5d3jo","0c5zgo2nqaryc6h436fzq1917","9p2sxifrpgjp9fcdjbogo7dpj","5byx6g0lyx65555o4o1mw38zy","0sy2fxg7c83fjpl4lvo6tfrca","7jvkthazbah1b1wn1dcq3mnyb","3x7z0ehqdtk40uxmkcuily2uh","bcd0wc7fh65tlses260mvipw8","8e2q1qbluecvdigvy8zv8paa3","4xchnrnt0ghb5js0a9hcrq4w4","7razvctmyk23l0rd9yiv57sb7","1ngsxv2y81cymdir3xvr6shvl","bak8qlbpq9rlper30e6e2kmbg","czpqup69r43tp8s7bbwzsdnh8","2yexwfwi4p5bmiwdnt7ihq5yl","bl7mk740xtdpww5ry0zu85njs","6hxt8v85e3b3e7ieyj1lyzzwz","e2nh4d93yibu4dlslg6bgmc4a","dtve1dk2jd447mh82v6otn2lz","33a6dundlksh174piduuamiho","18ga0zwqxp8u5efdlsdv82r8d","bwqw1eamimneq8zb7g2an5mid","e7yn04cnn5a3r9ni1gmanib8f","8rarref319wusbtpmj6ysddwn","85nsihg7i4vwig5xk4apauurc","83avks0gii65yn86ol2ykg9jn","77pmx827axqp70xpq5n2fs2iw","akt84ne10f21gvu1zo4a0tnky","crfi8mkht317b5t194gdx4f5y","e0byem1czlsmxycm97vuwkurs","1qc0kbf266t9we5xpxwyzrja6","2mu20s4gvb4upajd4k9v0p4lv"]} @ https://runtime-assets.adalo.com/static/js/main.79e9a9ca.js:1
[   75315ms] [WARNING] SKIPPING ERRONEOUS DEPENDENCY Error: Selector failed: {"type":"CURRENT_USER_SELECTOR"}
    at G (https://runtime-assets.adalo.com/static/js/main.79e9a9ca.js:2:468532)
    at t.getDependencies (https://runtime-assets.adalo.com/static/js/main.79e9a9ca.js:2:467260)
    at w.isManuallyPaginated (https://runtime-assets.adalo.com/static/js/main.79e9a9ca.js:2:348848)
    at w.getTableDataRowsForPage (https://runtime-assets.adalo.com/static/js/main.79e9a9ca.js:2:369833)
    at w.renderPaginationControls (https://runtime-assets.adalo.com/static/js/main.79e9a9ca.js:2:370943)
    at w.render (https://runtime-assets.adalo.com/static/js/main.79e9a9ca.js:2:372453)
    at Ds (https://runtime-assets.adalo.com/static/js/main.79e9a9ca.js:2:4414574)
    at Ls (https://runtime-assets.adalo.com/static/js/main.79e9a9ca.js:2:4414370)
    at Ml (https://runtime-assets.adalo.com/static/js/main.79e9a9ca.js:2:4457902)
    at bu (https://runtime-assets.adalo.com/static/js/main.79e9a9ca.js:2:4446043)
    at vu (https://runtime-assets.adalo.com/static/js/main.79e9a9ca.js:2:4445971)
    at yu (https://runtime-assets.adalo.com/static/js/main.79e9a9ca.js:2:4445834)
    at uu (https://runtime-assets.adalo.com/static/js/main.79e9a9ca.js:2:4442950)
    at Wo (https://runtime-assets.adalo.com/static/js/main.79e9a9ca.js:2:4383545)
    at https://runtime-assets.adalo.com/static/js/main.79e9a9ca.js:2:4449428
    at Su (https://runtime-assets.adalo.com/static/js/main.79e9a9ca.js:2:4449433)
    at au (https://runtime-assets.adalo.com/static/js/main.79e9a9ca.js:2:4441891)
    at S (https://runtime-assets.adalo.com/static/js/main.79e9a9ca.js:2:4731959)
    at I (https://runtime-assets.adalo.com/static/js/main.79e9a9ca.js:2:4732493)
    at O.<computed> (https://runtime-assets.adalo.com/static/js/main.79e9a9ca.js:2:4028835)
    at D (https://runtime-assets.adalo.com/static/js/main.79e9a9ca.js:2:4028604)
    at MessagePort.P (https://runtime-assets.adalo.com/static/js/main.79e9a9ca.js:2:4028663) {"id":"cbmpybstng5h4paecr60bbabe","type":"binding","label":"name","source":{"type":"field","source":{"type":"data","source":null,"tableId":"t_80c852bba70544a6a98079124dfc8e10","dataType":"object","selector":{"type":"CURRENT_USER_SELECTOR"},"datasourceId":"4dba133b22784a13b18b1a791cfdd211"},"fieldId":"name","dataType":"text"},"bindingType":"libraryProp","childBindings":[],"siblingBindings":["82jnplk3ef502gh5ra15iven5","alb6jx052np69houarjepkzxt","d4ccnilspvhusn5vln7fnumoq","e1u2k5uadbzmnwqydjuj41a8s","el4yprrbnqt3re35jo8dnbq8u","a523cf05i53tfa1bas0wgcebu","22a4gatllq388sgqrwk9hg2t6","a9kncdenpdwn86cruysxqr9b8","6mz0b5cugikqk54s5zozthbzy","br9652mqlrwn0h0cretf6p9zx","28us5z1bh4mkf4afr7o4k7rx7","18hbzwi2guish96ccpaonxxk4","1ggvf2r6q7go47x48nu91ucjq","42ksl48yfdoh4nqvc6timfr64","54a7sb35ft40ry0jfk4h0eyko","7h1o8zkry3k0wp4pv0b9wzr15","0ymorhi8eb1nrs3elbg40pr1z","7nbe807feozxlvbrxv7oj75u5","70hnqwp00hw0kge0jgrzr4qf7","9u8oqksftkn3agm4ipoxrsbjx","9ug8uo6o17gleq6ylnj6qavgv","dx862l5uvza6ics9aj30xud64","cgauy5zngx8hftafb99hggnr6","9bh37hevrfmh9j65ey3t5d3jo","0c5zgo2nqaryc6h436fzq1917","9p2sxifrpgjp9fcdjbogo7dpj","5byx6g0lyx65555o4o1mw38zy","0sy2fxg7c83fjpl4lvo6tfrca","7jvkthazbah1b1wn1dcq3mnyb","3x7z0ehqdtk40uxmkcuily2uh","bcd0wc7fh65tlses260mvipw8","8e2q1qbluecvdigvy8zv8paa3","4xchnrnt0ghb5js0a9hcrq4w4","7razvctmyk23l0rd9yiv57sb7","1ngsxv2y81cymdir3xvr6shvl","bak8qlbpq9rlper30e6e2kmbg","czpqup69r43tp8s7bbwzsdnh8","2yexwfwi4p5bmiwdnt7ihq5yl","bl7mk740xtdpww5ry0zu85njs","6hxt8v85e3b3e7ieyj1lyzzwz","e2nh4d93yibu4dlslg6bgmc4a","dtve1dk2jd447mh82v6otn2lz","33a6dundlksh174piduuamiho","18ga0zwqxp8u5efdlsdv82r8d","bwqw1eamimneq8zb7g2an5mid","e7yn04cnn5a3r9ni1gmanib8f","8rarref319wusbtpmj6ysddwn","85nsihg7i4vwig5xk4apauurc","83avks0gii65yn86ol2ykg9jn","77pmx827axqp70xpq5n2fs2iw","akt84ne10f21gvu1zo4a0tnky","crfi8mkht317b5t194gdx4f5y","e0byem1czlsmxycm97vuwkurs","1qc0kbf266t9we5xpxwyzrja6","2mu20s4gvb4upajd4k9v0p4lv"]} @ https://runtime-assets.adalo.com/static/js/main.79e9a9ca.js:1
[   75315ms] [WARNING] SKIPPING ERRONEOUS DEPENDENCY Error: Selector failed: {"type":"CURRENT_USER_SELECTOR"}
    at G (https://runtime-assets.adalo.com/static/js/main.79e9a9ca.js:2:468532)
    at t.getDependencies (https://runtime-assets.adalo.com/static/js/main.79e9a9ca.js:2:467260)
    at w.isManuallyPaginated (https://runtime-assets.adalo.com/static/js/main.79e9a9ca.js:2:348848)
    at w.getTableDataRowsForPage (https://runtime-assets.adalo.com/static/js/main.79e9a9ca.js:2:369833)
    at w.renderPaginationControls (https://runtime-assets.adalo.com/static/js/main.79e9a9ca.js:2:370943)
    at w.render (https://runtime-assets.adalo.com/static/js/main.79e9a9ca.js:2:372453)
    at Ds (https://runtime-assets.adalo.com/static/js/main.79e9a9ca.js:2:4414574)
    at Ls (https://runtime-assets.adalo.com/static/js/main.79e9a9ca.js:2:4414370)
    at Ml (https://runtime-assets.adalo.com/static/js/main.79e9a9ca.js:2:4457902)
    at bu (https://runtime-assets.adalo.com/static/js/main.79e9a9ca.js:2:4446043)
    at vu (https://runtime-assets.adalo.com/static/js/main.79e9a9ca.js:2:4445971)
    at yu (https://runtime-assets.adalo.com/static/js/main.79e9a9ca.js:2:4445834)
    at uu (https://runtime-assets.adalo.com/static/js/main.79e9a9ca.js:2:4442950)
    at Wo (https://runtime-assets.adalo.com/static/js/main.79e9a9ca.js:2:4383545)
    at https://runtime-assets.adalo.com/static/js/main.79e9a9ca.js:2:4449428
    at Su (https://runtime-assets.adalo.com/static/js/main.79e9a9ca.js:2:4449433)
    at au (https://runtime-assets.adalo.com/static/js/main.79e9a9ca.js:2:4441891)
    at S (https://runtime-assets.adalo.com/static/js/main.79e9a9ca.js:2:4731959)
    at I (https://runtime-assets.adalo.com/static/js/main.79e9a9ca.js:2:4732493)
    at O.<computed> (https://runtime-assets.adalo.com/static/js/main.79e9a9ca.js:2:4028835)
    at D (https://runtime-assets.adalo.com/static/js/main.79e9a9ca.js:2:4028604)
    at MessagePort.P (https://runtime-assets.adalo.com/static/js/main.79e9a9ca.js:2:4028663) {"id":"dx862l5uvza6ics9aj30xud64","type":"binding","label":"name","source":{"type":"field","source":{"type":"data","source":null,"tableId":"t_80c852bba70544a6a98079124dfc8e10","dataType":"object","selector":{"type":"CURRENT_USER_SELECTOR"},"datasourceId":"4dba133b22784a13b18b1a791cfdd211"},"fieldId":"name","dataType":"text"},"bindingType":"libraryProp","childBindings":[],"siblingBindings":["82jnplk3ef502gh5ra15iven5","alb6jx052np69houarjepkzxt","d4ccnilspvhusn5vln7fnumoq","e1u2k5uadbzmnwqydjuj41a8s","el4yprrbnqt3re35jo8dnbq8u","a523cf05i53tfa1bas0wgcebu","22a4gatllq388sgqrwk9hg2t6","a9kncdenpdwn86cruysxqr9b8","6mz0b5cugikqk54s5zozthbzy","br9652mqlrwn0h0cretf6p9zx","28us5z1bh4mkf4afr7o4k7rx7","18hbzwi2guish96ccpaonxxk4","1ggvf2r6q7go47x48nu91ucjq","42ksl48yfdoh4nqvc6timfr64","54a7sb35ft40ry0jfk4h0eyko","7h1o8zkry3k0wp4pv0b9wzr15","0ymorhi8eb1nrs3elbg40pr1z","7nbe807feozxlvbrxv7oj75u5","70hnqwp00hw0kge0jgrzr4qf7","9u8oqksftkn3agm4ipoxrsbjx","9ug8uo6o17gleq6ylnj6qavgv","cbmpybstng5h4paecr60bbabe","cgauy5zngx8hftafb99hggnr6","9bh37hevrfmh9j65ey3t5d3jo","0c5zgo2nqaryc6h436fzq1917","9p2sxifrpgjp9fcdjbogo7dpj","5byx6g0lyx65555o4o1mw38zy","0sy2fxg7c83fjpl4lvo6tfrca","7jvkthazbah1b1wn1dcq3mnyb","3x7z0ehqdtk40uxmkcuily2uh","bcd0wc7fh65tlses260mvipw8","8e2q1qbluecvdigvy8zv8paa3","4xchnrnt0ghb5js0a9hcrq4w4","7razvctmyk23l0rd9yiv57sb7","1ngsxv2y81cymdir3xvr6shvl","bak8qlbpq9rlper30e6e2kmbg","czpqup69r43tp8s7bbwzsdnh8","2yexwfwi4p5bmiwdnt7ihq5yl","bl7mk740xtdpww5ry0zu85njs","6hxt8v85e3b3e7ieyj1lyzzwz","e2nh4d93yibu4dlslg6bgmc4a","dtve1dk2jd447mh82v6otn2lz","33a6dundlksh174piduuamiho","18ga0zwqxp8u5efdlsdv82r8d","bwqw1eamimneq8zb7g2an5mid","e7yn04cnn5a3r9ni1gmanib8f","8rarref319wusbtpmj6ysddwn","85nsihg7i4vwig5xk4apauurc","83avks0gii65yn86ol2ykg9jn","77pmx827axqp70xpq5n2fs2iw","akt84ne10f21gvu1zo4a0tnky","crfi8mkht317b5t194gdx4f5y","e0byem1czlsmxycm97vuwkurs","1qc0kbf266t9we5xpxwyzrja6","2mu20s4gvb4upajd4k9v0p4lv"]} @ https://runtime-assets.adalo.com/static/js/main.79e9a9ca.js:1
[   75429ms] [WARNING] SKIPPING ERRONEOUS DEPENDENCY Error: Selector failed: {"type":"CURRENT_USER_SELECTOR"}
    at G (https://runtime-assets.adalo.com/static/js/main.79e9a9ca.js:2:468532)
    at t.getDependencies (https://runtime-assets.adalo.com/static/js/main.79e9a9ca.js:2:467260)
    at J._getDependenciesWithoutTracing (https://runtime-assets.adalo.com/static/js/main.79e9a9ca.js:2:297148)
    at J.getDependencies (https://runtime-assets.adalo.com/static/js/main.79e9a9ca.js:2:594920)
    at J._setupWithoutTracing (https://runtime-assets.adalo.com/static/js/main.79e9a9ca.js:2:299863)
    at J.setup (https://runtime-assets.adalo.com/static/js/main.79e9a9ca.js:2:300624) {"id":"cbmpybstng5h4paecr60bbabe","type":"binding","label":"name","source":{"type":"field","source":{"type":"data","source":null,"tableId":"t_80c852bba70544a6a98079124dfc8e10","dataType":"object","selector":{"type":"CURRENT_USER_SELECTOR"},"datasourceId":"4dba133b22784a13b18b1a791cfdd211"},"fieldId":"name","dataType":"text"},"bindingType":"libraryProp","childBindings":[],"siblingBindings":["82jnplk3ef502gh5ra15iven5","alb6jx052np69houarjepkzxt","d4ccnilspvhusn5vln7fnumoq","e1u2k5uadbzmnwqydjuj41a8s","el4yprrbnqt3re35jo8dnbq8u","a523cf05i53tfa1bas0wgcebu","22a4gatllq388sgqrwk9hg2t6","a9kncdenpdwn86cruysxqr9b8","6mz0b5cugikqk54s5zozthbzy","br9652mqlrwn0h0cretf6p9zx","28us5z1bh4mkf4afr7o4k7rx7","18hbzwi2guish96ccpaonxxk4","1ggvf2r6q7go47x48nu91ucjq","42ksl48yfdoh4nqvc6timfr64","54a7sb35ft40ry0jfk4h0eyko","7h1o8zkry3k0wp4pv0b9wzr15","0ymorhi8eb1nrs3elbg40pr1z","7nbe807feozxlvbrxv7oj75u5","70hnqwp00hw0kge0jgrzr4qf7","9u8oqksftkn3agm4ipoxrsbjx","9ug8uo6o17gleq6ylnj6qavgv","dx862l5uvza6ics9aj30xud64","cgauy5zngx8hftafb99hggnr6","9bh37hevrfmh9j65ey3t5d3jo","0c5zgo2nqaryc6h436fzq1917","9p2sxifrpgjp9fcdjbogo7dpj","5byx6g0lyx65555o4o1mw38zy","0sy2fxg7c83fjpl4lvo6tfrca","7jvkthazbah1b1wn1dcq3mnyb","3x7z0ehqdtk40uxmkcuily2uh","bcd0wc7fh65tlses260mvipw8","8e2q1qbluecvdigvy8zv8paa3","4xchnrnt0ghb5js0a9hcrq4w4","7razvctmyk23l0rd9yiv57sb7","1ngsxv2y81cymdir3xvr6shvl","bak8qlbpq9rlper30e6e2kmbg","czpqup69r43tp8s7bbwzsdnh8","2yexwfwi4p5bmiwdnt7ihq5yl","bl7mk740xtdpww5ry0zu85njs","6hxt8v85e3b3e7ieyj1lyzzwz","e2nh4d93yibu4dlslg6bgmc4a","dtve1dk2jd447mh82v6otn2lz","33a6dundlksh174piduuamiho","18ga0zwqxp8u5efdlsdv82r8d","bwqw1eamimneq8zb7g2an5mid","e7yn04cnn5a3r9ni1gmanib8f","8rarref319wusbtpmj6ysddwn","85nsihg7i4vwig5xk4apauurc","83avks0gii65yn86ol2ykg9jn","77pmx827axqp70xpq5n2fs2iw","akt84ne10f21gvu1zo4a0tnky","crfi8mkht317b5t194gdx4f5y","e0byem1czlsmxycm97vuwkurs","1qc0kbf266t9we5xpxwyzrja6","2mu20s4gvb4upajd4k9v0p4lv"]} @ https://runtime-assets.adalo.com/static/js/main.79e9a9ca.js:1
[   75429ms] [WARNING] SKIPPING ERRONEOUS DEPENDENCY Error: Selector failed: {"type":"CURRENT_USER_SELECTOR"}
    at G (https://runtime-assets.adalo.com/static/js/main.79e9a9ca.js:2:468532)
    at t.getDependencies (https://runtime-assets.adalo.com/static/js/main.79e9a9ca.js:2:467260)
    at J._getDependenciesWithoutTracing (https://runtime-assets.adalo.com/static/js/main.79e9a9ca.js:2:297148)
    at J.getDependencies (https://runtime-assets.adalo.com/static/js/main.79e9a9ca.js:2:594920)
    at J._setupWithoutTracing (https://runtime-assets.adalo.com/static/js/main.79e9a9ca.js:2:299863)
    at J.setup (https://runtime-assets.adalo.com/static/js/main.79e9a9ca.js:2:300624) {"id":"dx862l5uvza6ics9aj30xud64","type":"binding","label":"name","source":{"type":"field","source":{"type":"data","source":null,"tableId":"t_80c852bba70544a6a98079124dfc8e10","dataType":"object","selector":{"type":"CURRENT_USER_SELECTOR"},"datasourceId":"4dba133b22784a13b18b1a791cfdd211"},"fieldId":"name","dataType":"text"},"bindingType":"libraryProp","childBindings":[],"siblingBindings":["82jnplk3ef502gh5ra15iven5","alb6jx052np69houarjepkzxt","d4ccnilspvhusn5vln7fnumoq","e1u2k5uadbzmnwqydjuj41a8s","el4yprrbnqt3re35jo8dnbq8u","a523cf05i53tfa1bas0wgcebu","22a4gatllq388sgqrwk9hg2t6","a9kncdenpdwn86cruysxqr9b8","6mz0b5cugikqk54s5zozthbzy","br9652mqlrwn0h0cretf6p9zx","28us5z1bh4mkf4afr7o4k7rx7","18hbzwi2guish96ccpaonxxk4","1ggvf2r6q7go47x48nu91ucjq","42ksl48yfdoh4nqvc6timfr64","54a7sb35ft40ry0jfk4h0eyko","7h1o8zkry3k0wp4pv0b9wzr15","0ymorhi8eb1nrs3elbg40pr1z","7nbe807feozxlvbrxv7oj75u5","70hnqwp00hw0kge0jgrzr4qf7","9u8oqksftkn3agm4ipoxrsbjx","9ug8uo6o17gleq6ylnj6qavgv","cbmpybstng5h4paecr60bbabe","cgauy5zngx8hftafb99hggnr6","9bh37hevrfmh9j65ey3t5d3jo","0c5zgo2nqaryc6h436fzq1917","9p2sxifrpgjp9fcdjbogo7dpj","5byx6g0lyx65555o4o1mw38zy","0sy2fxg7c83fjpl4lvo6tfrca","7jvkthazbah1b1wn1dcq3mnyb","3x7z0ehqdtk40uxmkcuily2uh","bcd0wc7fh65tlses260mvipw8","8e2q1qbluecvdigvy8zv8paa3","4xchnrnt0ghb5js0a9hcrq4w4","7razvctmyk23l0rd9yiv57sb7","1ngsxv2y81cymdir3xvr6shvl","bak8qlbpq9rlper30e6e2kmbg","czpqup69r43tp8s7bbwzsdnh8","2yexwfwi4p5bmiwdnt7ihq5yl","bl7mk740xtdpww5ry0zu85njs","6hxt8v85e3b3e7ieyj1lyzzwz","e2nh4d93yibu4dlslg6bgmc4a","dtve1dk2jd447mh82v6otn2lz","33a6dundlksh174piduuamiho","18ga0zwqxp8u5efdlsdv82r8d","bwqw1eamimneq8zb7g2an5mid","e7yn04cnn5a3r9ni1gmanib8f","8rarref319wusbtpmj6ysddwn","85nsihg7i4vwig5xk4apauurc","83avks0gii65yn86ol2ykg9jn","77pmx827axqp70xpq5n2fs2iw","akt84ne10f21gvu1zo4a0tnky","crfi8mkht317b5t194gdx4f5y","e0byem1czlsmxycm97vuwkurs","1qc0kbf266t9we5xpxwyzrja6","2mu20s4gvb4upajd4k9v0p4lv"]} @ https://runtime-assets.adalo.com/static/js/main.79e9a9ca.js:1
[   75469ms] [WARNING] SKIPPING ERRONEOUS DEPENDENCY Error: Selector failed: {"type":"CURRENT_USER_SELECTOR"}
    at G (https://runtime-assets.adalo.com/static/js/main.79e9a9ca.js:2:468532)
    at t.getDependencies (https://runtime-assets.adalo.com/static/js/main.79e9a9ca.js:2:467260)
    at w.isManuallyPaginated (https://runtime-assets.adalo.com/static/js/main.79e9a9ca.js:2:348848)
    at w.getTableDataRowsForPage (https://runtime-assets.adalo.com/static/js/main.79e9a9ca.js:2:369833)
    at w.getTableDataRows (https://runtime-assets.adalo.com/static/js/main.79e9a9ca.js:2:370168)
    at w.render (https://runtime-assets.adalo.com/static/js/main.79e9a9ca.js:2:371443)
    at Ds (https://runtime-assets.adalo.com/static/js/main.79e9a9ca.js:2:4414574)
    at Ls (https://runtime-assets.adalo.com/static/js/main.79e9a9ca.js:2:4414370)
    at Ml (https://runtime-assets.adalo.com/static/js/main.79e9a9ca.js:2:4457902)
    at bu (https://runtime-assets.adalo.com/static/js/main.79e9a9ca.js:2:4446043)
    at vu (https://runtime-assets.adalo.com/static/js/main.79e9a9ca.js:2:4445971)
    at yu (https://runtime-assets.adalo.com/static/js/main.79e9a9ca.js:2:4445834)
    at uu (https://runtime-assets.adalo.com/static/js/main.79e9a9ca.js:2:4442950)
    at Wo (https://runtime-assets.adalo.com/static/js/main.79e9a9ca.js:2:4383545)
    at https://runtime-assets.adalo.com/static/js/main.79e9a9ca.js:2:4440547 {"id":"cbmpybstng5h4paecr60bbabe","type":"binding","label":"name","source":{"type":"field","source":{"type":"data","source":null,"tableId":"t_80c852bba70544a6a98079124dfc8e10","dataType":"object","selector":{"type":"CURRENT_USER_SELECTOR"},"datasourceId":"4dba133b22784a13b18b1a791cfdd211"},"fieldId":"name","dataType":"text"},"bindingType":"libraryProp","childBindings":[],"siblingBindings":["82jnplk3ef502gh5ra15iven5","alb6jx052np69houarjepkzxt","d4ccnilspvhusn5vln7fnumoq","e1u2k5uadbzmnwqydjuj41a8s","el4yprrbnqt3re35jo8dnbq8u","a523cf05i53tfa1bas0wgcebu","22a4gatllq388sgqrwk9hg2t6","a9kncdenpdwn86cruysxqr9b8","6mz0b5cugikqk54s5zozthbzy","br9652mqlrwn0h0cretf6p9zx","28us5z1bh4mkf4afr7o4k7rx7","18hbzwi2guish96ccpaonxxk4","1ggvf2r6q7go47x48nu91ucjq","42ksl48yfdoh4nqvc6timfr64","54a7sb35ft40ry0jfk4h0eyko","7h1o8zkry3k0wp4pv0b9wzr15","0ymorhi8eb1nrs3elbg40pr1z","7nbe807feozxlvbrxv7oj75u5","70hnqwp00hw0kge0jgrzr4qf7","9u8oqksftkn3agm4ipoxrsbjx","9ug8uo6o17gleq6ylnj6qavgv","dx862l5uvza6ics9aj30xud64","cgauy5zngx8hftafb99hggnr6","9bh37hevrfmh9j65ey3t5d3jo","0c5zgo2nqaryc6h436fzq1917","9p2sxifrpgjp9fcdjbogo7dpj","5byx6g0lyx65555o4o1mw38zy","0sy2fxg7c83fjpl4lvo6tfrca","7jvkthazbah1b1wn1dcq3mnyb","3x7z0ehqdtk40uxmkcuily2uh","bcd0wc7fh65tlses260mvipw8","8e2q1qbluecvdigvy8zv8paa3","4xchnrnt0ghb5js0a9hcrq4w4","7razvctmyk23l0rd9yiv57sb7","1ngsxv2y81cymdir3xvr6shvl","bak8qlbpq9rlper30e6e2kmbg","czpqup69r43tp8s7bbwzsdnh8","2yexwfwi4p5bmiwdnt7ihq5yl","bl7mk740xtdpww5ry0zu85njs","6hxt8v85e3b3e7ieyj1lyzzwz","e2nh4d93yibu4dlslg6bgmc4a","dtve1dk2jd447mh82v6otn2lz","33a6dundlksh174piduuamiho","18ga0zwqxp8u5efdlsdv82r8d","bwqw1eamimneq8zb7g2an5mid","e7yn04cnn5a3r9ni1gmanib8f","8rarref319wusbtpmj6ysddwn","85nsihg7i4vwig5xk4apauurc","83avks0gii65yn86ol2ykg9jn","77pmx827axqp70xpq5n2fs2iw","akt84ne10f21gvu1zo4a0tnky","crfi8mkht317b5t194gdx4f5y","e0byem1czlsmxycm97vuwkurs","1qc0kbf266t9we5xpxwyzrja6","2mu20s4gvb4upajd4k9v0p4lv"]} @ https://runtime-assets.adalo.com/static/js/main.79e9a9ca.js:1
[   75470ms] [WARNING] SKIPPING ERRONEOUS DEPENDENCY Error: Selector failed: {"type":"CURRENT_USER_SELECTOR"}
    at G (https://runtime-assets.adalo.com/static/js/main.79e9a9ca.js:2:468532)
    at t.getDependencies (https://runtime-assets.adalo.com/static/js/main.79e9a9ca.js:2:467260)
    at w.isManuallyPaginated (https://runtime-assets.adalo.com/static/js/main.79e9a9ca.js:2:348848)
    at w.getTableDataRowsForPage (https://runtime-assets.adalo.com/static/js/main.79e9a9ca.js:2:369833)
    at w.getTableDataRows (https://runtime-assets.adalo.com/static/js/main.79e9a9ca.js:2:370168)
    at w.render (https://runtime-assets.adalo.com/static/js/main.79e9a9ca.js:2:371443)
    at Ds (https://runtime-assets.adalo.com/static/js/main.79e9a9ca.js:2:4414574)
    at Ls (https://runtime-assets.adalo.com/static/js/main.79e9a9ca.js:2:4414370)
    at Ml (https://runtime-assets.adalo.com/static/js/main.79e9a9ca.js:2:4457902)
    at bu (https://runtime-assets.adalo.com/static/js/main.79e9a9ca.js:2:4446043)
    at vu (https://runtime-assets.adalo.com/static/js/main.79e9a9ca.js:2:4445971)
    at yu (https://runtime-assets.adalo.com/static/js/main.79e9a9ca.js:2:4445834)
    at uu (https://runtime-assets.adalo.com/static/js/main.79e9a9ca.js:2:4442950)
    at Wo (https://runtime-assets.adalo.com/static/js/main.79e9a9ca.js:2:4383545)
    at https://runtime-assets.adalo.com/static/js/main.79e9a9ca.js:2:4440547 {"id":"dx862l5uvza6ics9aj30xud64","type":"binding","label":"name","source":{"type":"field","source":{"type":"data","source":null,"tableId":"t_80c852bba70544a6a98079124dfc8e10","dataType":"object","selector":{"type":"CURRENT_USER_SELECTOR"},"datasourceId":"4dba133b22784a13b18b1a791cfdd211"},"fieldId":"name","dataType":"text"},"bindingType":"libraryProp","childBindings":[],"siblingBindings":["82jnplk3ef502gh5ra15iven5","alb6jx052np69houarjepkzxt","d4ccnilspvhusn5vln7fnumoq","e1u2k5uadbzmnwqydjuj41a8s","el4yprrbnqt3re35jo8dnbq8u","a523cf05i53tfa1bas0wgcebu","22a4gatllq388sgqrwk9hg2t6","a9kncdenpdwn86cruysxqr9b8","6mz0b5cugikqk54s5zozthbzy","br9652mqlrwn0h0cretf6p9zx","28us5z1bh4mkf4afr7o4k7rx7","18hbzwi2guish96ccpaonxxk4","1ggvf2r6q7go47x48nu91ucjq","42ksl48yfdoh4nqvc6timfr64","54a7sb35ft40ry0jfk4h0eyko","7h1o8zkry3k0wp4pv0b9wzr15","0ymorhi8eb1nrs3elbg40pr1z","7nbe807feozxlvbrxv7oj75u5","70hnqwp00hw0kge0jgrzr4qf7","9u8oqksftkn3agm4ipoxrsbjx","9ug8uo6o17gleq6ylnj6qavgv","cbmpybstng5h4paecr60bbabe","cgauy5zngx8hftafb99hggnr6","9bh37hevrfmh9j65ey3t5d3jo","0c5zgo2nqaryc6h436fzq1917","9p2sxifrpgjp9fcdjbogo7dpj","5byx6g0lyx65555o4o1mw38zy","0sy2fxg7c83fjpl4lvo6tfrca","7jvkthazbah1b1wn1dcq3mnyb","3x7z0ehqdtk40uxmkcuily2uh","bcd0wc7fh65tlses260mvipw8","8e2q1qbluecvdigvy8zv8paa3","4xchnrnt0ghb5js0a9hcrq4w4","7razvctmyk23l0rd9yiv57sb7","1ngsxv2y81cymdir3xvr6shvl","bak8qlbpq9rlper30e6e2kmbg","czpqup69r43tp8s7bbwzsdnh8","2yexwfwi4p5bmiwdnt7ihq5yl","bl7mk740xtdpww5ry0zu85njs","6hxt8v85e3b3e7ieyj1lyzzwz","e2nh4d93yibu4dlslg6bgmc4a","dtve1dk2jd447mh82v6otn2lz","33a6dundlksh174piduuamiho","18ga0zwqxp8u5efdlsdv82r8d","bwqw1eamimneq8zb7g2an5mid","e7yn04cnn5a3r9ni1gmanib8f","8rarref319wusbtpmj6ysddwn","85nsihg7i4vwig5xk4apauurc","83avks0gii65yn86ol2ykg9jn","77pmx827axqp70xpq5n2fs2iw","akt84ne10f21gvu1zo4a0tnky","crfi8mkht317b5t194gdx4f5y","e0byem1czlsmxycm97vuwkurs","1qc0kbf266t9we5xpxwyzrja6","2mu20s4gvb4upajd4k9v0p4lv"]} @ https://runtime-assets.adalo.com/static/js/main.79e9a9ca.js:1
[   75471ms] [WARNING] SKIPPING ERRONEOUS DEPENDENCY Error: Selector failed: {"type":"CURRENT_USER_SELECTOR"}
    at G (https://runtime-assets.adalo.com/static/js/main.79e9a9ca.js:2:468532)
    at t.getDependencies (https://runtime-assets.adalo.com/static/js/main.79e9a9ca.js:2:467260)
    at w.isManuallyPaginated (https://runtime-assets.adalo.com/static/js/main.79e9a9ca.js:2:348848)
    at w.renderPaginationControls (https://runtime-assets.adalo.com/static/js/main.79e9a9ca.js:2:370838)
    at w.render (https://runtime-assets.adalo.com/static/js/main.79e9a9ca.js:2:372453)
    at Ds (https://runtime-assets.adalo.com/static/js/main.79e9a9ca.js:2:4414574)
    at Ls (https://runtime-assets.adalo.com/static/js/main.79e9a9ca.js:2:4414370)
    at Ml (https://runtime-assets.adalo.com/static/js/main.79e9a9ca.js:2:4457902)
    at bu (https://runtime-assets.adalo.com/static/js/main.79e9a9ca.js:2:4446043)
    at vu (https://runtime-assets.adalo.com/static/js/main.79e9a9ca.js:2:4445971)
    at yu (https://runtime-assets.adalo.com/static/js/main.79e9a9ca.js:2:4445834)
    at uu (https://runtime-assets.adalo.com/static/js/main.79e9a9ca.js:2:4442950)
    at Wo (https://runtime-assets.adalo.com/static/js/main.79e9a9ca.js:2:4383545)
    at https://runtime-assets.adalo.com/static/js/main.79e9a9ca.js:2:4440547 {"id":"cbmpybstng5h4paecr60bbabe","type":"binding","label":"name","source":{"type":"field","source":{"type":"data","source":null,"tableId":"t_80c852bba70544a6a98079124dfc8e10","dataType":"object","selector":{"type":"CURRENT_USER_SELECTOR"},"datasourceId":"4dba133b22784a13b18b1a791cfdd211"},"fieldId":"name","dataType":"text"},"bindingType":"libraryProp","childBindings":[],"siblingBindings":["82jnplk3ef502gh5ra15iven5","alb6jx052np69houarjepkzxt","d4ccnilspvhusn5vln7fnumoq","e1u2k5uadbzmnwqydjuj41a8s","el4yprrbnqt3re35jo8dnbq8u","a523cf05i53tfa1bas0wgcebu","22a4gatllq388sgqrwk9hg2t6","a9kncdenpdwn86cruysxqr9b8","6mz0b5cugikqk54s5zozthbzy","br9652mqlrwn0h0cretf6p9zx","28us5z1bh4mkf4afr7o4k7rx7","18hbzwi2guish96ccpaonxxk4","1ggvf2r6q7go47x48nu91ucjq","42ksl48yfdoh4nqvc6timfr64","54a7sb35ft40ry0jfk4h0eyko","7h1o8zkry3k0wp4pv0b9wzr15","0ymorhi8eb1nrs3elbg40pr1z","7nbe807feozxlvbrxv7oj75u5","70hnqwp00hw0kge0jgrzr4qf7","9u8oqksftkn3agm4ipoxrsbjx","9ug8uo6o17gleq6ylnj6qavgv","dx862l5uvza6ics9aj30xud64","cgauy5zngx8hftafb99hggnr6","9bh37hevrfmh9j65ey3t5d3jo","0c5zgo2nqaryc6h436fzq1917","9p2sxifrpgjp9fcdjbogo7dpj","5byx6g0lyx65555o4o1mw38zy","0sy2fxg7c83fjpl4lvo6tfrca","7jvkthazbah1b1wn1dcq3mnyb","3x7z0ehqdtk40uxmkcuily2uh","bcd0wc7fh65tlses260mvipw8","8e2q1qbluecvdigvy8zv8paa3","4xchnrnt0ghb5js0a9hcrq4w4","7razvctmyk23l0rd9yiv57sb7","1ngsxv2y81cymdir3xvr6shvl","bak8qlbpq9rlper30e6e2kmbg","czpqup69r43tp8s7bbwzsdnh8","2yexwfwi4p5bmiwdnt7ihq5yl","bl7mk740xtdpww5ry0zu85njs","6hxt8v85e3b3e7ieyj1lyzzwz","e2nh4d93yibu4dlslg6bgmc4a","dtve1dk2jd447mh82v6otn2lz","33a6dundlksh174piduuamiho","18ga0zwqxp8u5efdlsdv82r8d","bwqw1eamimneq8zb7g2an5mid","e7yn04cnn5a3r9ni1gmanib8f","8rarref319wusbtpmj6ysddwn","85nsihg7i4vwig5xk4apauurc","83avks0gii65yn86ol2ykg9jn","77pmx827axqp70xpq5n2fs2iw","akt84ne10f21gvu1zo4a0tnky","crfi8mkht317b5t194gdx4f5y","e0byem1czlsmxycm97vuwkurs","1qc0kbf266t9we5xpxwyzrja6","2mu20s4gvb4upajd4k9v0p4lv"]} @ https://runtime-assets.adalo.com/static/js/main.79e9a9ca.js:1
[   75472ms] [WARNING] SKIPPING ERRONEOUS DEPENDENCY Error: Selector failed: {"type":"CURRENT_USER_SELECTOR"}
    at G (https://runtime-assets.adalo.com/static/js/main.79e9a9ca.js:2:468532)
    at t.getDependencies (https://runtime-assets.adalo.com/static/js/main.79e9a9ca.js:2:467260)
    at w.isManuallyPaginated (https://runtime-assets.adalo.com/static/js/main.79e9a9ca.js:2:348848)
    at w.renderPaginationControls (https://runtime-assets.adalo.com/static/js/main.79e9a9ca.js:2:370838)
    at w.render (https://runtime-assets.adalo.com/static/js/main.79e9a9ca.js:2:372453)
    at Ds (https://runtime-assets.adalo.com/static/js/main.79e9a9ca.js:2:4414574)
    at Ls (https://runtime-assets.adalo.com/static/js/main.79e9a9ca.js:2:4414370)
    at Ml (https://runtime-assets.adalo.com/static/js/main.79e9a9ca.js:2:4457902)
    at bu (https://runtime-assets.adalo.com/static/js/main.79e9a9ca.js:2:4446043)
    at vu (https://runtime-assets.adalo.com/static/js/main.79e9a9ca.js:2:4445971)
    at yu (https://runtime-assets.adalo.com/static/js/main.79e9a9ca.js:2:4445834)
    at uu (https://runtime-assets.adalo.com/static/js/main.79e9a9ca.js:2:4442950)
    at Wo (https://runtime-assets.adalo.com/static/js/main.79e9a9ca.js:2:4383545)
    at https://runtime-assets.adalo.com/static/js/main.79e9a9ca.js:2:4440547 {"id":"dx862l5uvza6ics9aj30xud64","type":"binding","label":"name","source":{"type":"field","source":{"type":"data","source":null,"tableId":"t_80c852bba70544a6a98079124dfc8e10","dataType":"object","selector":{"type":"CURRENT_USER_SELECTOR"},"datasourceId":"4dba133b22784a13b18b1a791cfdd211"},"fieldId":"name","dataType":"text"},"bindingType":"libraryProp","childBindings":[],"siblingBindings":["82jnplk3ef502gh5ra15iven5","alb6jx052np69houarjepkzxt","d4ccnilspvhusn5vln7fnumoq","e1u2k5uadbzmnwqydjuj41a8s","el4yprrbnqt3re35jo8dnbq8u","a523cf05i53tfa1bas0wgcebu","22a4gatllq388sgqrwk9hg2t6","a9kncdenpdwn86cruysxqr9b8","6mz0b5cugikqk54s5zozthbzy","br9652mqlrwn0h0cretf6p9zx","28us5z1bh4mkf4afr7o4k7rx7","18hbzwi2guish96ccpaonxxk4","1ggvf2r6q7go47x48nu91ucjq","42ksl48yfdoh4nqvc6timfr64","54a7sb35ft40ry0jfk4h0eyko","7h1o8zkry3k0wp4pv0b9wzr15","0ymorhi8eb1nrs3elbg40pr1z","7nbe807feozxlvbrxv7oj75u5","70hnqwp00hw0kge0jgrzr4qf7","9u8oqksftkn3agm4ipoxrsbjx","9ug8uo6o17gleq6ylnj6qavgv","cbmpybstng5h4paecr60bbabe","cgauy5zngx8hftafb99hggnr6","9bh37hevrfmh9j65ey3t5d3jo","0c5zgo2nqaryc6h436fzq1917","9p2sxifrpgjp9fcdjbogo7dpj","5byx6g0lyx65555o4o1mw38zy","0sy2fxg7c83fjpl4lvo6tfrca","7jvkthazbah1b1wn1dcq3mnyb","3x7z0ehqdtk40uxmkcuily2uh","bcd0wc7fh65tlses260mvipw8","8e2q1qbluecvdigvy8zv8paa3","4xchnrnt0ghb5js0a9hcrq4w4","7razvctmyk23l0rd9yiv57sb7","1ngsxv2y81cymdir3xvr6shvl","bak8qlbpq9rlper30e6e2kmbg","czpqup69r43tp8s7bbwzsdnh8","2yexwfwi4p5bmiwdnt7ihq5yl","bl7mk740xtdpww5ry0zu85njs","6hxt8v85e3b3e7ieyj1lyzzwz","e2nh4d93yibu4dlslg6bgmc4a","dtve1dk2jd447mh82v6otn2lz","33a6dundlksh174piduuamiho","18ga0zwqxp8u5efdlsdv82r8d","bwqw1eamimneq8zb7g2an5mid","e7yn04cnn5a3r9ni1gmanib8f","8rarref319wusbtpmj6ysddwn","85nsihg7i4vwig5xk4apauurc","83avks0gii65yn86ol2ykg9jn","77pmx827axqp70xpq5n2fs2iw","akt84ne10f21gvu1zo4a0tnky","crfi8mkht317b5t194gdx4f5y","e0byem1czlsmxycm97vuwkurs","1qc0kbf266t9we5xpxwyzrja6","2mu20s4gvb4upajd4k9v0p4lv"]} @ https://runtime-assets.adalo.com/static/js/main.79e9a9ca.js:1
[   75473ms] [WARNING] SKIPPING ERRONEOUS DEPENDENCY Error: Selector failed: {"type":"CURRENT_USER_SELECTOR"}
    at G (https://runtime-assets.adalo.com/static/js/main.79e9a9ca.js:2:468532)
    at t.getDependencies (https://runtime-assets.adalo.com/static/js/main.79e9a9ca.js:2:467260)
    at w.isManuallyPaginated (https://runtime-assets.adalo.com/static/js/main.79e9a9ca.js:2:348848)
    at w.getTableDataRowsForPage (https://runtime-assets.adalo.com/static/js/main.79e9a9ca.js:2:369833)
    at w.renderPaginationControls (https://runtime-assets.adalo.com/static/js/main.79e9a9ca.js:2:370943)
    at w.render (https://runtime-assets.adalo.com/static/js/main.79e9a9ca.js:2:372453)
    at Ds (https://runtime-assets.adalo.com/static/js/main.79e9a9ca.js:2:4414574)
    at Ls (https://runtime-assets.adalo.com/static/js/main.79e9a9ca.js:2:4414370)
    at Ml (https://runtime-assets.adalo.com/static/js/main.79e9a9ca.js:2:4457902)
    at bu (https://runtime-assets.adalo.com/static/js/main.79e9a9ca.js:2:4446043)
    at vu (https://runtime-assets.adalo.com/static/js/main.79e9a9ca.js:2:4445971)
    at yu (https://runtime-assets.adalo.com/static/js/main.79e9a9ca.js:2:4445834)
    at uu (https://runtime-assets.adalo.com/static/js/main.79e9a9ca.js:2:4442950)
    at Wo (https://runtime-assets.adalo.com/static/js/main.79e9a9ca.js:2:4383545)
    at https://runtime-assets.adalo.com/static/js/main.79e9a9ca.js:2:4440547 {"id":"cbmpybstng5h4paecr60bbabe","type":"binding","label":"name","source":{"type":"field","source":{"type":"data","source":null,"tableId":"t_80c852bba70544a6a98079124dfc8e10","dataType":"object","selector":{"type":"CURRENT_USER_SELECTOR"},"datasourceId":"4dba133b22784a13b18b1a791cfdd211"},"fieldId":"name","dataType":"text"},"bindingType":"libraryProp","childBindings":[],"siblingBindings":["82jnplk3ef502gh5ra15iven5","alb6jx052np69houarjepkzxt","d4ccnilspvhusn5vln7fnumoq","e1u2k5uadbzmnwqydjuj41a8s","el4yprrbnqt3re35jo8dnbq8u","a523cf05i53tfa1bas0wgcebu","22a4gatllq388sgqrwk9hg2t6","a9kncdenpdwn86cruysxqr9b8","6mz0b5cugikqk54s5zozthbzy","br9652mqlrwn0h0cretf6p9zx","28us5z1bh4mkf4afr7o4k7rx7","18hbzwi2guish96ccpaonxxk4","1ggvf2r6q7go47x48nu91ucjq","42ksl48yfdoh4nqvc6timfr64","54a7sb35ft40ry0jfk4h0eyko","7h1o8zkry3k0wp4pv0b9wzr15","0ymorhi8eb1nrs3elbg40pr1z","7nbe807feozxlvbrxv7oj75u5","70hnqwp00hw0kge0jgrzr4qf7","9u8oqksftkn3agm4ipoxrsbjx","9ug8uo6o17gleq6ylnj6qavgv","dx862l5uvza6ics9aj30xud64","cgauy5zngx8hftafb99hggnr6","9bh37hevrfmh9j65ey3t5d3jo","0c5zgo2nqaryc6h436fzq1917","9p2sxifrpgjp9fcdjbogo7dpj","5byx6g0lyx65555o4o1mw38zy","0sy2fxg7c83fjpl4lvo6tfrca","7jvkthazbah1b1wn1dcq3mnyb","3x7z0ehqdtk40uxmkcuily2uh","bcd0wc7fh65tlses260mvipw8","8e2q1qbluecvdigvy8zv8paa3","4xchnrnt0ghb5js0a9hcrq4w4","7razvctmyk23l0rd9yiv57sb7","1ngsxv2y81cymdir3xvr6shvl","bak8qlbpq9rlper30e6e2kmbg","czpqup69r43tp8s7bbwzsdnh8","2yexwfwi4p5bmiwdnt7ihq5yl","bl7mk740xtdpww5ry0zu85njs","6hxt8v85e3b3e7ieyj1lyzzwz","e2nh4d93yibu4dlslg6bgmc4a","dtve1dk2jd447mh82v6otn2lz","33a6dundlksh174piduuamiho","18ga0zwqxp8u5efdlsdv82r8d","bwqw1eamimneq8zb7g2an5mid","e7yn04cnn5a3r9ni1gmanib8f","8rarref319wusbtpmj6ysddwn","85nsihg7i4vwig5xk4apauurc","83avks0gii65yn86ol2ykg9jn","77pmx827axqp70xpq5n2fs2iw","akt84ne10f21gvu1zo4a0tnky","crfi8mkht317b5t194gdx4f5y","e0byem1czlsmxycm97vuwkurs","1qc0kbf266t9we5xpxwyzrja6","2mu20s4gvb4upajd4k9v0p4lv"]} @ https://runtime-assets.adalo.com/static/js/main.79e9a9ca.js:1
[   75473ms] [WARNING] SKIPPING ERRONEOUS DEPENDENCY Error: Selector failed: {"type":"CURRENT_USER_SELECTOR"}
    at G (https://runtime-assets.adalo.com/static/js/main.79e9a9ca.js:2:468532)
    at t.getDependencies (https://runtime-assets.adalo.com/static/js/main.79e9a9ca.js:2:467260)
    at w.isManuallyPaginated (https://runtime-assets.adalo.com/static/js/main.79e9a9ca.js:2:348848)
    at w.getTableDataRowsForPage (https://runtime-assets.adalo.com/static/js/main.79e9a9ca.js:2:369833)
    at w.renderPaginationControls (https://runtime-assets.adalo.com/static/js/main.79e9a9ca.js:2:370943)
    at w.render (https://runtime-assets.adalo.com/static/js/main.79e9a9ca.js:2:372453)
    at Ds (https://runtime-assets.adalo.com/static/js/main.79e9a9ca.js:2:4414574)
    at Ls (https://runtime-assets.adalo.com/static/js/main.79e9a9ca.js:2:4414370)
    at Ml (https://runtime-assets.adalo.com/static/js/main.79e9a9ca.js:2:4457902)
    at bu (https://runtime-assets.adalo.com/static/js/main.79e9a9ca.js:2:4446043)
    at vu (https://runtime-assets.adalo.com/static/js/main.79e9a9ca.js:2:4445971)
    at yu (https://runtime-assets.adalo.com/static/js/main.79e9a9ca.js:2:4445834)
    at uu (https://runtime-assets.adalo.com/static/js/main.79e9a9ca.js:2:4442950)
    at Wo (https://runtime-assets.adalo.com/static/js/main.79e9a9ca.js:2:4383545)
    at https://runtime-assets.adalo.com/static/js/main.79e9a9ca.js:2:4440547 {"id":"dx862l5uvza6ics9aj30xud64","type":"binding","label":"name","source":{"type":"field","source":{"type":"data","source":null,"tableId":"t_80c852bba70544a6a98079124dfc8e10","dataType":"object","selector":{"type":"CURRENT_USER_SELECTOR"},"datasourceId":"4dba133b22784a13b18b1a791cfdd211"},"fieldId":"name","dataType":"text"},"bindingType":"libraryProp","childBindings":[],"siblingBindings":["82jnplk3ef502gh5ra15iven5","alb6jx052np69houarjepkzxt","d4ccnilspvhusn5vln7fnumoq","e1u2k5uadbzmnwqydjuj41a8s","el4yprrbnqt3re35jo8dnbq8u","a523cf05i53tfa1bas0wgcebu","22a4gatllq388sgqrwk9hg2t6","a9kncdenpdwn86cruysxqr9b8","6mz0b5cugikqk54s5zozthbzy","br9652mqlrwn0h0cretf6p9zx","28us5z1bh4mkf4afr7o4k7rx7","18hbzwi2guish96ccpaonxxk4","1ggvf2r6q7go47x48nu91ucjq","42ksl48yfdoh4nqvc6timfr64","54a7sb35ft40ry0jfk4h0eyko","7h1o8zkry3k0wp4pv0b9wzr15","0ymorhi8eb1nrs3elbg40pr1z","7nbe807feozxlvbrxv7oj75u5","70hnqwp00hw0kge0jgrzr4qf7","9u8oqksftkn3agm4ipoxrsbjx","9ug8uo6o17gleq6ylnj6qavgv","cbmpybstng5h4paecr60bbabe","cgauy5zngx8hftafb99hggnr6","9bh37hevrfmh9j65ey3t5d3jo","0c5zgo2nqaryc6h436fzq1917","9p2sxifrpgjp9fcdjbogo7dpj","5byx6g0lyx65555o4o1mw38zy","0sy2fxg7c83fjpl4lvo6tfrca","7jvkthazbah1b1wn1dcq3mnyb","3x7z0ehqdtk40uxmkcuily2uh","bcd0wc7fh65tlses260mvipw8","8e2q1qbluecvdigvy8zv8paa3","4xchnrnt0ghb5js0a9hcrq4w4","7razvctmyk23l0rd9yiv57sb7","1ngsxv2y81cymdir3xvr6shvl","bak8qlbpq9rlper30e6e2kmbg","czpqup69r43tp8s7bbwzsdnh8","2yexwfwi4p5bmiwdnt7ihq5yl","bl7mk740xtdpww5ry0zu85njs","6hxt8v85e3b3e7ieyj1lyzzwz","e2nh4d93yibu4dlslg6bgmc4a","dtve1dk2jd447mh82v6otn2lz","33a6dundlksh174piduuamiho","18ga0zwqxp8u5efdlsdv82r8d","bwqw1eamimneq8zb7g2an5mid","e7yn04cnn5a3r9ni1gmanib8f","8rarref319wusbtpmj6ysddwn","85nsihg7i4vwig5xk4apauurc","83avks0gii65yn86ol2ykg9jn","77pmx827axqp70xpq5n2fs2iw","akt84ne10f21gvu1zo4a0tnky","crfi8mkht317b5t194gdx4f5y","e0byem1czlsmxycm97vuwkurs","1qc0kbf266t9we5xpxwyzrja6","2mu20s4gvb4upajd4k9v0p4lv"]} @ https://runtime-assets.adalo.com/static/js/main.79e9a9ca.js:1
[   75683ms] [ERROR] Failed to load resource: the server responded with a status of 400 (Bad Request) @ https://database-red.adalo.com/databases/4dba133b22784a13b18b1a791cfdd211/tables/t_93vefn7x2nzb8uch712mlkuz9?appId=bc42cf0d-5f14-4b90-bf2f-262a1cb9bf04&componentId=142hmeqvlq6udvvv8skx711ox&bindingIds=9bh37hevrfmh9j65ey3t5d3jo%2Ccgauy5zngx8hftafb99hggnr6&imageMeta=true&evaluateBindings=true&include=&counts=:0
[   75695ms] [WARNING] SKIPPING ERRONEOUS DEPENDENCY Error: Selector failed: {"type":"CURRENT_USER_SELECTOR"}
    at G (https://runtime-assets.adalo.com/static/js/main.79e9a9ca.js:2:468532)
    at t.getDependencies (https://runtime-assets.adalo.com/static/js/main.79e9a9ca.js:2:467260)
    at w.isManuallyPaginated (https://runtime-assets.adalo.com/static/js/main.79e9a9ca.js:2:348848)
    at w.getTableDataRowsForPage (https://runtime-assets.adalo.com/static/js/main.79e9a9ca.js:2:369833)
    at w.getTableDataRows (https://runtime-assets.adalo.com/static/js/main.79e9a9ca.js:2:370168)
    at w.render (https://runtime-assets.adalo.com/static/js/main.79e9a9ca.js:2:371443)
    at Ds (https://runtime-assets.adalo.com/static/js/main.79e9a9ca.js:2:4414574)
    at Ls (https://runtime-assets.adalo.com/static/js/main.79e9a9ca.js:2:4414370)
    at Ml (https://runtime-assets.adalo.com/static/js/main.79e9a9ca.js:2:4457902)
    at bu (https://runtime-assets.adalo.com/static/js/main.79e9a9ca.js:2:4446043)
    at vu (https://runtime-assets.adalo.com/static/js/main.79e9a9ca.js:2:4445971)
    at yu (https://runtime-assets.adalo.com/static/js/main.79e9a9ca.js:2:4445834)
    at uu (https://runtime-assets.adalo.com/static/js/main.79e9a9ca.js:2:4442950)
    at Wo (https://runtime-assets.adalo.com/static/js/main.79e9a9ca.js:2:4383545)
    at https://runtime-assets.adalo.com/static/js/main.79e9a9ca.js:2:4440547 {"id":"cbmpybstng5h4paecr60bbabe","type":"binding","label":"name","source":{"type":"field","source":{"type":"data","source":null,"tableId":"t_80c852bba70544a6a98079124dfc8e10","dataType":"object","selector":{"type":"CURRENT_USER_SELECTOR"},"datasourceId":"4dba133b22784a13b18b1a791cfdd211"},"fieldId":"name","dataType":"text"},"bindingType":"libraryProp","childBindings":[],"siblingBindings":["82jnplk3ef502gh5ra15iven5","alb6jx052np69houarjepkzxt","d4ccnilspvhusn5vln7fnumoq","e1u2k5uadbzmnwqydjuj41a8s","el4yprrbnqt3re35jo8dnbq8u","a523cf05i53tfa1bas0wgcebu","22a4gatllq388sgqrwk9hg2t6","a9kncdenpdwn86cruysxqr9b8","6mz0b5cugikqk54s5zozthbzy","br9652mqlrwn0h0cretf6p9zx","28us5z1bh4mkf4afr7o4k7rx7","18hbzwi2guish96ccpaonxxk4","1ggvf2r6q7go47x48nu91ucjq","42ksl48yfdoh4nqvc6timfr64","54a7sb35ft40ry0jfk4h0eyko","7h1o8zkry3k0wp4pv0b9wzr15","0ymorhi8eb1nrs3elbg40pr1z","7nbe807feozxlvbrxv7oj75u5","70hnqwp00hw0kge0jgrzr4qf7","9u8oqksftkn3agm4ipoxrsbjx","9ug8uo6o17gleq6ylnj6qavgv","dx862l5uvza6ics9aj30xud64","cgauy5zngx8hftafb99hggnr6","9bh37hevrfmh9j65ey3t5d3jo","0c5zgo2nqaryc6h436fzq1917","9p2sxifrpgjp9fcdjbogo7dpj","5byx6g0lyx65555o4o1mw38zy","0sy2fxg7c83fjpl4lvo6tfrca","7jvkthazbah1b1wn1dcq3mnyb","3x7z0ehqdtk40uxmkcuily2uh","bcd0wc7fh65tlses260mvipw8","8e2q1qbluecvdigvy8zv8paa3","4xchnrnt0ghb5js0a9hcrq4w4","7razvctmyk23l0rd9yiv57sb7","1ngsxv2y81cymdir3xvr6shvl","bak8qlbpq9rlper30e6e2kmbg","czpqup69r43tp8s7bbwzsdnh8","2yexwfwi4p5bmiwdnt7ihq5yl","bl7mk740xtdpww5ry0zu85njs","6hxt8v85e3b3e7ieyj1lyzzwz","e2nh4d93yibu4dlslg6bgmc4a","dtve1dk2jd447mh82v6otn2lz","33a6dundlksh174piduuamiho","18ga0zwqxp8u5efdlsdv82r8d","bwqw1eamimneq8zb7g2an5mid","e7yn04cnn5a3r9ni1gmanib8f","8rarref319wusbtpmj6ysddwn","85nsihg7i4vwig5xk4apauurc","83avks0gii65yn86ol2ykg9jn","77pmx827axqp70xpq5n2fs2iw","akt84ne10f21gvu1zo4a0tnky","crfi8mkht317b5t194gdx4f5y","e0byem1czlsmxycm97vuwkurs","1qc0kbf266t9we5xpxwyzrja6","2mu20s4gvb4upajd4k9v0p4lv"]} @ https://runtime-assets.adalo.com/static/js/main.79e9a9ca.js:1
[   75695ms] [WARNING] SKIPPING ERRONEOUS DEPENDENCY Error: Selector failed: {"type":"CURRENT_USER_SELECTOR"}
    at G (https://runtime-assets.adalo.com/static/js/main.79e9a9ca.js:2:468532)
    at t.getDependencies (https://runtime-assets.adalo.com/static/js/main.79e9a9ca.js:2:467260)
    at w.isManuallyPaginated (https://runtime-assets.adalo.com/static/js/main.79e9a9ca.js:2:348848)
    at w.getTableDataRowsForPage (https://runtime-assets.adalo.com/static/js/main.79e9a9ca.js:2:369833)
    at w.getTableDataRows (https://runtime-assets.adalo.com/static/js/main.79e9a9ca.js:2:370168)
    at w.render (https://runtime-assets.adalo.com/static/js/main.79e9a9ca.js:2:371443)
    at Ds (https://runtime-assets.adalo.com/static/js/main.79e9a9ca.js:2:4414574)
    at Ls (https://runtime-assets.adalo.com/static/js/main.79e9a9ca.js:2:4414370)
    at Ml (https://runtime-assets.adalo.com/static/js/main.79e9a9ca.js:2:4457902)
    at bu (https://runtime-assets.adalo.com/static/js/main.79e9a9ca.js:2:4446043)
    at vu (https://runtime-assets.adalo.com/static/js/main.79e9a9ca.js:2:4445971)
    at yu (https://runtime-assets.adalo.com/static/js/main.79e9a9ca.js:2:4445834)
    at uu (https://runtime-assets.adalo.com/static/js/main.79e9a9ca.js:2:4442950)
    at Wo (https://runtime-assets.adalo.com/static/js/main.79e9a9ca.js:2:4383545)
    at https://runtime-assets.adalo.com/static/js/main.79e9a9ca.js:2:4440547 {"id":"dx862l5uvza6ics9aj30xud64","type":"binding","label":"name","source":{"type":"field","source":{"type":"data","source":null,"tableId":"t_80c852bba70544a6a98079124dfc8e10","dataType":"object","selector":{"type":"CURRENT_USER_SELECTOR"},"datasourceId":"4dba133b22784a13b18b1a791cfdd211"},"fieldId":"name","dataType":"text"},"bindingType":"libraryProp","childBindings":[],"siblingBindings":["82jnplk3ef502gh5ra15iven5","alb6jx052np69houarjepkzxt","d4ccnilspvhusn5vln7fnumoq","e1u2k5uadbzmnwqydjuj41a8s","el4yprrbnqt3re35jo8dnbq8u","a523cf05i53tfa1bas0wgcebu","22a4gatllq388sgqrwk9hg2t6","a9kncdenpdwn86cruysxqr9b8","6mz0b5cugikqk54s5zozthbzy","br9652mqlrwn0h0cretf6p9zx","28us5z1bh4mkf4afr7o4k7rx7","18hbzwi2guish96ccpaonxxk4","1ggvf2r6q7go47x48nu91ucjq","42ksl48yfdoh4nqvc6timfr64","54a7sb35ft40ry0jfk4h0eyko","7h1o8zkry3k0wp4pv0b9wzr15","0ymorhi8eb1nrs3elbg40pr1z","7nbe807feozxlvbrxv7oj75u5","70hnqwp00hw0kge0jgrzr4qf7","9u8oqksftkn3agm4ipoxrsbjx","9ug8uo6o17gleq6ylnj6qavgv","cbmpybstng5h4paecr60bbabe","cgauy5zngx8hftafb99hggnr6","9bh37hevrfmh9j65ey3t5d3jo","0c5zgo2nqaryc6h436fzq1917","9p2sxifrpgjp9fcdjbogo7dpj","5byx6g0lyx65555o4o1mw38zy","0sy2fxg7c83fjpl4lvo6tfrca","7jvkthazbah1b1wn1dcq3mnyb","3x7z0ehqdtk40uxmkcuily2uh","bcd0wc7fh65tlses260mvipw8","8e2q1qbluecvdigvy8zv8paa3","4xchnrnt0ghb5js0a9hcrq4w4","7razvctmyk23l0rd9yiv57sb7","1ngsxv2y81cymdir3xvr6shvl","bak8qlbpq9rlper30e6e2kmbg","czpqup69r43tp8s7bbwzsdnh8","2yexwfwi4p5bmiwdnt7ihq5yl","bl7mk740xtdpww5ry0zu85njs","6hxt8v85e3b3e7ieyj1lyzzwz","e2nh4d93yibu4dlslg6bgmc4a","dtve1dk2jd447mh82v6otn2lz","33a6dundlksh174piduuamiho","18ga0zwqxp8u5efdlsdv82r8d","bwqw1eamimneq8zb7g2an5mid","e7yn04cnn5a3r9ni1gmanib8f","8rarref319wusbtpmj6ysddwn","85nsihg7i4vwig5xk4apauurc","83avks0gii65yn86ol2ykg9jn","77pmx827axqp70xpq5n2fs2iw","akt84ne10f21gvu1zo4a0tnky","crfi8mkht317b5t194gdx4f5y","e0byem1czlsmxycm97vuwkurs","1qc0kbf266t9we5xpxwyzrja6","2mu20s4gvb4upajd4k9v0p4lv"]} @ https://runtime-assets.adalo.com/static/js/main.79e9a9ca.js:1
[   75697ms] [WARNING] SKIPPING ERRONEOUS DEPENDENCY Error: Selector failed: {"type":"CURRENT_USER_SELECTOR"}
    at G (https://runtime-assets.adalo.com/static/js/main.79e9a9ca.js:2:468532)
    at t.getDependencies (https://runtime-assets.adalo.com/static/js/main.79e9a9ca.js:2:467260)
    at w.isManuallyPaginated (https://runtime-assets.adalo.com/static/js/main.79e9a9ca.js:2:348848)
    at w.renderPaginationControls (https://runtime-assets.adalo.com/static/js/main.79e9a9ca.js:2:370838)
    at w.render (https://runtime-assets.adalo.com/static/js/main.79e9a9ca.js:2:372453)
    at Ds (https://runtime-assets.adalo.com/static/js/main.79e9a9ca.js:2:4414574)
    at Ls (https://runtime-assets.adalo.com/static/js/main.79e9a9ca.js:2:4414370)
    at Ml (https://runtime-assets.adalo.com/static/js/main.79e9a9ca.js:2:4457902)
    at bu (https://runtime-assets.adalo.com/static/js/main.79e9a9ca.js:2:4446043)
    at vu (https://runtime-assets.adalo.com/static/js/main.79e9a9ca.js:2:4445971)
    at yu (https://runtime-assets.adalo.com/static/js/main.79e9a9ca.js:2:4445834)
    at uu (https://runtime-assets.adalo.com/static/js/main.79e9a9ca.js:2:4442950)
    at Wo (https://runtime-assets.adalo.com/static/js/main.79e9a9ca.js:2:4383545)
    at https://runtime-assets.adalo.com/static/js/main.79e9a9ca.js:2:4440547 {"id":"cbmpybstng5h4paecr60bbabe","type":"binding","label":"name","source":{"type":"field","source":{"type":"data","source":null,"tableId":"t_80c852bba70544a6a98079124dfc8e10","dataType":"object","selector":{"type":"CURRENT_USER_SELECTOR"},"datasourceId":"4dba133b22784a13b18b1a791cfdd211"},"fieldId":"name","dataType":"text"},"bindingType":"libraryProp","childBindings":[],"siblingBindings":["82jnplk3ef502gh5ra15iven5","alb6jx052np69houarjepkzxt","d4ccnilspvhusn5vln7fnumoq","e1u2k5uadbzmnwqydjuj41a8s","el4yprrbnqt3re35jo8dnbq8u","a523cf05i53tfa1bas0wgcebu","22a4gatllq388sgqrwk9hg2t6","a9kncdenpdwn86cruysxqr9b8","6mz0b5cugikqk54s5zozthbzy","br9652mqlrwn0h0cretf6p9zx","28us5z1bh4mkf4afr7o4k7rx7","18hbzwi2guish96ccpaonxxk4","1ggvf2r6q7go47x48nu91ucjq","42ksl48yfdoh4nqvc6timfr64","54a7sb35ft40ry0jfk4h0eyko","7h1o8zkry3k0wp4pv0b9wzr15","0ymorhi8eb1nrs3elbg40pr1z","7nbe807feozxlvbrxv7oj75u5","70hnqwp00hw0kge0jgrzr4qf7","9u8oqksftkn3agm4ipoxrsbjx","9ug8uo6o17gleq6ylnj6qavgv","dx862l5uvza6ics9aj30xud64","cgauy5zngx8hftafb99hggnr6","9bh37hevrfmh9j65ey3t5d3jo","0c5zgo2nqaryc6h436fzq1917","9p2sxifrpgjp9fcdjbogo7dpj","5byx6g0lyx65555o4o1mw38zy","0sy2fxg7c83fjpl4lvo6tfrca","7jvkthazbah1b1wn1dcq3mnyb","3x7z0ehqdtk40uxmkcuily2uh","bcd0wc7fh65tlses260mvipw8","8e2q1qbluecvdigvy8zv8paa3","4xchnrnt0ghb5js0a9hcrq4w4","7razvctmyk23l0rd9yiv57sb7","1ngsxv2y81cymdir3xvr6shvl","bak8qlbpq9rlper30e6e2kmbg","czpqup69r43tp8s7bbwzsdnh8","2yexwfwi4p5bmiwdnt7ihq5yl","bl7mk740xtdpww5ry0zu85njs","6hxt8v85e3b3e7ieyj1lyzzwz","e2nh4d93yibu4dlslg6bgmc4a","dtve1dk2jd447mh82v6otn2lz","33a6dundlksh174piduuamiho","18ga0zwqxp8u5efdlsdv82r8d","bwqw1eamimneq8zb7g2an5mid","e7yn04cnn5a3r9ni1gmanib8f","8rarref319wusbtpmj6ysddwn","85nsihg7i4vwig5xk4apauurc","83avks0gii65yn86ol2ykg9jn","77pmx827axqp70xpq5n2fs2iw","akt84ne10f21gvu1zo4a0tnky","crfi8mkht317b5t194gdx4f5y","e0byem1czlsmxycm97vuwkurs","1qc0kbf266t9we5xpxwyzrja6","2mu20s4gvb4upajd4k9v0p4lv"]} @ https://runtime-assets.adalo.com/static/js/main.79e9a9ca.js:1
[   75697ms] [WARNING] SKIPPING ERRONEOUS DEPENDENCY Error: Selector failed: {"type":"CURRENT_USER_SELECTOR"}
    at G (https://runtime-assets.adalo.com/static/js/main.79e9a9ca.js:2:468532)
    at t.getDependencies (https://runtime-assets.adalo.com/static/js/main.79e9a9ca.js:2:467260)
    at w.isManuallyPaginated (https://runtime-assets.adalo.com/static/js/main.79e9a9ca.js:2:348848)
    at w.renderPaginationControls (https://runtime-assets.adalo.com/static/js/main.79e9a9ca.js:2:370838)
    at w.render (https://runtime-assets.adalo.com/static/js/main.79e9a9ca.js:2:372453)
    at Ds (https://runtime-assets.adalo.com/static/js/main.79e9a9ca.js:2:4414574)
    at Ls (https://runtime-assets.adalo.com/static/js/main.79e9a9ca.js:2:4414370)
    at Ml (https://runtime-assets.adalo.com/static/js/main.79e9a9ca.js:2:4457902)
    at bu (https://runtime-assets.adalo.com/static/js/main.79e9a9ca.js:2:4446043)
    at vu (https://runtime-assets.adalo.com/static/js/main.79e9a9ca.js:2:4445971)
    at yu (https://runtime-assets.adalo.com/static/js/main.79e9a9ca.js:2:4445834)
    at uu (https://runtime-assets.adalo.com/static/js/main.79e9a9ca.js:2:4442950)
    at Wo (https://runtime-assets.adalo.com/static/js/main.79e9a9ca.js:2:4383545)
    at https://runtime-assets.adalo.com/static/js/main.79e9a9ca.js:2:4440547 {"id":"dx862l5uvza6ics9aj30xud64","type":"binding","label":"name","source":{"type":"field","source":{"type":"data","source":null,"tableId":"t_80c852bba70544a6a98079124dfc8e10","dataType":"object","selector":{"type":"CURRENT_USER_SELECTOR"},"datasourceId":"4dba133b22784a13b18b1a791cfdd211"},"fieldId":"name","dataType":"text"},"bindingType":"libraryProp","childBindings":[],"siblingBindings":["82jnplk3ef502gh5ra15iven5","alb6jx052np69houarjepkzxt","d4ccnilspvhusn5vln7fnumoq","e1u2k5uadbzmnwqydjuj41a8s","el4yprrbnqt3re35jo8dnbq8u","a523cf05i53tfa1bas0wgcebu","22a4gatllq388sgqrwk9hg2t6","a9kncdenpdwn86cruysxqr9b8","6mz0b5cugikqk54s5zozthbzy","br9652mqlrwn0h0cretf6p9zx","28us5z1bh4mkf4afr7o4k7rx7","18hbzwi2guish96ccpaonxxk4","1ggvf2r6q7go47x48nu91ucjq","42ksl48yfdoh4nqvc6timfr64","54a7sb35ft40ry0jfk4h0eyko","7h1o8zkry3k0wp4pv0b9wzr15","0ymorhi8eb1nrs3elbg40pr1z","7nbe807feozxlvbrxv7oj75u5","70hnqwp00hw0kge0jgrzr4qf7","9u8oqksftkn3agm4ipoxrsbjx","9ug8uo6o17gleq6ylnj6qavgv","cbmpybstng5h4paecr60bbabe","cgauy5zngx8hftafb99hggnr6","9bh37hevrfmh9j65ey3t5d3jo","0c5zgo2nqaryc6h436fzq1917","9p2sxifrpgjp9fcdjbogo7dpj","5byx6g0lyx65555o4o1mw38zy","0sy2fxg7c83fjpl4lvo6tfrca","7jvkthazbah1b1wn1dcq3mnyb","3x7z0ehqdtk40uxmkcuily2uh","bcd0wc7fh65tlses260mvipw8","8e2q1qbluecvdigvy8zv8paa3","4xchnrnt0ghb5js0a9hcrq4w4","7razvctmyk23l0rd9yiv57sb7","1ngsxv2y81cymdir3xvr6shvl","bak8qlbpq9rlper30e6e2kmbg","czpqup69r43tp8s7bbwzsdnh8","2yexwfwi4p5bmiwdnt7ihq5yl","bl7mk740xtdpww5ry0zu85njs","6hxt8v85e3b3e7ieyj1lyzzwz","e2nh4d93yibu4dlslg6bgmc4a","dtve1dk2jd447mh82v6otn2lz","33a6dundlksh174piduuamiho","18ga0zwqxp8u5efdlsdv82r8d","bwqw1eamimneq8zb7g2an5mid","e7yn04cnn5a3r9ni1gmanib8f","8rarref319wusbtpmj6ysddwn","85nsihg7i4vwig5xk4apauurc","83avks0gii65yn86ol2ykg9jn","77pmx827axqp70xpq5n2fs2iw","akt84ne10f21gvu1zo4a0tnky","crfi8mkht317b5t194gdx4f5y","e0byem1czlsmxycm97vuwkurs","1qc0kbf266t9we5xpxwyzrja6","2mu20s4gvb4upajd4k9v0p4lv"]} @ https://runtime-assets.adalo.com/static/js/main.79e9a9ca.js:1
[   75698ms] [WARNING] SKIPPING ERRONEOUS DEPENDENCY Error: Selector failed: {"type":"CURRENT_USER_SELECTOR"}
    at G (https://runtime-assets.adalo.com/static/js/main.79e9a9ca.js:2:468532)
    at t.getDependencies (https://runtime-assets.adalo.com/static/js/main.79e9a9ca.js:2:467260)
    at w.isManuallyPaginated (https://runtime-assets.adalo.com/static/js/main.79e9a9ca.js:2:348848)
    at w.getTableDataRowsForPage (https://runtime-assets.adalo.com/static/js/main.79e9a9ca.js:2:369833)
    at w.renderPaginationControls (https://runtime-assets.adalo.com/static/js/main.79e9a9ca.js:2:370943)
    at w.render (https://runtime-assets.adalo.com/static/js/main.79e9a9ca.js:2:372453)
    at Ds (https://runtime-assets.adalo.com/static/js/main.79e9a9ca.js:2:4414574)
    at Ls (https://runtime-assets.adalo.com/static/js/main.79e9a9ca.js:2:4414370)
    at Ml (https://runtime-assets.adalo.com/static/js/main.79e9a9ca.js:2:4457902)
    at bu (https://runtime-assets.adalo.com/static/js/main.79e9a9ca.js:2:4446043)
    at vu (https://runtime-assets.adalo.com/static/js/main.79e9a9ca.js:2:4445971)
    at yu (https://runtime-assets.adalo.com/static/js/main.79e9a9ca.js:2:4445834)
    at uu (https://runtime-assets.adalo.com/static/js/main.79e9a9ca.js:2:4442950)
    at Wo (https://runtime-assets.adalo.com/static/js/main.79e9a9ca.js:2:4383545)
    at https://runtime-assets.adalo.com/static/js/main.79e9a9ca.js:2:4440547 {"id":"cbmpybstng5h4paecr60bbabe","type":"binding","label":"name","source":{"type":"field","source":{"type":"data","source":null,"tableId":"t_80c852bba70544a6a98079124dfc8e10","dataType":"object","selector":{"type":"CURRENT_USER_SELECTOR"},"datasourceId":"4dba133b22784a13b18b1a791cfdd211"},"fieldId":"name","dataType":"text"},"bindingType":"libraryProp","childBindings":[],"siblingBindings":["82jnplk3ef502gh5ra15iven5","alb6jx052np69houarjepkzxt","d4ccnilspvhusn5vln7fnumoq","e1u2k5uadbzmnwqydjuj41a8s","el4yprrbnqt3re35jo8dnbq8u","a523cf05i53tfa1bas0wgcebu","22a4gatllq388sgqrwk9hg2t6","a9kncdenpdwn86cruysxqr9b8","6mz0b5cugikqk54s5zozthbzy","br9652mqlrwn0h0cretf6p9zx","28us5z1bh4mkf4afr7o4k7rx7","18hbzwi2guish96ccpaonxxk4","1ggvf2r6q7go47x48nu91ucjq","42ksl48yfdoh4nqvc6timfr64","54a7sb35ft40ry0jfk4h0eyko","7h1o8zkry3k0wp4pv0b9wzr15","0ymorhi8eb1nrs3elbg40pr1z","7nbe807feozxlvbrxv7oj75u5","70hnqwp00hw0kge0jgrzr4qf7","9u8oqksftkn3agm4ipoxrsbjx","9ug8uo6o17gleq6ylnj6qavgv","dx862l5uvza6ics9aj30xud64","cgauy5zngx8hftafb99hggnr6","9bh37hevrfmh9j65ey3t5d3jo","0c5zgo2nqaryc6h436fzq1917","9p2sxifrpgjp9fcdjbogo7dpj","5byx6g0lyx65555o4o1mw38zy","0sy2fxg7c83fjpl4lvo6tfrca","7jvkthazbah1b1wn1dcq3mnyb","3x7z0ehqdtk40uxmkcuily2uh","bcd0wc7fh65tlses260mvipw8","8e2q1qbluecvdigvy8zv8paa3","4xchnrnt0ghb5js0a9hcrq4w4","7razvctmyk23l0rd9yiv57sb7","1ngsxv2y81cymdir3xvr6shvl","bak8qlbpq9rlper30e6e2kmbg","czpqup69r43tp8s7bbwzsdnh8","2yexwfwi4p5bmiwdnt7ihq5yl","bl7mk740xtdpww5ry0zu85njs","6hxt8v85e3b3e7ieyj1lyzzwz","e2nh4d93yibu4dlslg6bgmc4a","dtve1dk2jd447mh82v6otn2lz","33a6dundlksh174piduuamiho","18ga0zwqxp8u5efdlsdv82r8d","bwqw1eamimneq8zb7g2an5mid","e7yn04cnn5a3r9ni1gmanib8f","8rarref319wusbtpmj6ysddwn","85nsihg7i4vwig5xk4apauurc","83avks0gii65yn86ol2ykg9jn","77pmx827axqp70xpq5n2fs2iw","akt84ne10f21gvu1zo4a0tnky","crfi8mkht317b5t194gdx4f5y","e0byem1czlsmxycm97vuwkurs","1qc0kbf266t9we5xpxwyzrja6","2mu20s4gvb4upajd4k9v0p4lv"]} @ https://runtime-assets.adalo.com/static/js/main.79e9a9ca.js:1
[   75699ms] [WARNING] SKIPPING ERRONEOUS DEPENDENCY Error: Selector failed: {"type":"CURRENT_USER_SELECTOR"}
    at G (https://runtime-assets.adalo.com/static/js/main.79e9a9ca.js:2:468532)
    at t.getDependencies (https://runtime-assets.adalo.com/static/js/main.79e9a9ca.js:2:467260)
    at w.isManuallyPaginated (https://runtime-assets.adalo.com/static/js/main.79e9a9ca.js:2:348848)
    at w.getTableDataRowsForPage (https://runtime-assets.adalo.com/static/js/main.79e9a9ca.js:2:369833)
    at w.renderPaginationControls (https://runtime-assets.adalo.com/static/js/main.79e9a9ca.js:2:370943)
    at w.render (https://runtime-assets.adalo.com/static/js/main.79e9a9ca.js:2:372453)
    at Ds (https://runtime-assets.adalo.com/static/js/main.79e9a9ca.js:2:4414574)
    at Ls (https://runtime-assets.adalo.com/static/js/main.79e9a9ca.js:2:4414370)
    at Ml (https://runtime-assets.adalo.com/static/js/main.79e9a9ca.js:2:4457902)
    at bu (https://runtime-assets.adalo.com/static/js/main.79e9a9ca.js:2:4446043)
    at vu (https://runtime-assets.adalo.com/static/js/main.79e9a9ca.js:2:4445971)
    at yu (https://runtime-assets.adalo.com/static/js/main.79e9a9ca.js:2:4445834)
    at uu (https://runtime-assets.adalo.com/static/js/main.79e9a9ca.js:2:4442950)
    at Wo (https://runtime-assets.adalo.com/static/js/main.79e9a9ca.js:2:4383545)
    at https://runtime-assets.adalo.com/static/js/main.79e9a9ca.js:2:4440547 {"id":"dx862l5uvza6ics9aj30xud64","type":"binding","label":"name","source":{"type":"field","source":{"type":"data","source":null,"tableId":"t_80c852bba70544a6a98079124dfc8e10","dataType":"object","selector":{"type":"CURRENT_USER_SELECTOR"},"datasourceId":"4dba133b22784a13b18b1a791cfdd211"},"fieldId":"name","dataType":"text"},"bindingType":"libraryProp","childBindings":[],"siblingBindings":["82jnplk3ef502gh5ra15iven5","alb6jx052np69houarjepkzxt","d4ccnilspvhusn5vln7fnumoq","e1u2k5uadbzmnwqydjuj41a8s","el4yprrbnqt3re35jo8dnbq8u","a523cf05i53tfa1bas0wgcebu","22a4gatllq388sgqrwk9hg2t6","a9kncdenpdwn86cruysxqr9b8","6mz0b5cugikqk54s5zozthbzy","br9652mqlrwn0h0cretf6p9zx","28us5z1bh4mkf4afr7o4k7rx7","18hbzwi2guish96ccpaonxxk4","1ggvf2r6q7go47x48nu91ucjq","42ksl48yfdoh4nqvc6timfr64","54a7sb35ft40ry0jfk4h0eyko","7h1o8zkry3k0wp4pv0b9wzr15","0ymorhi8eb1nrs3elbg40pr1z","7nbe807feozxlvbrxv7oj75u5","70hnqwp00hw0kge0jgrzr4qf7","9u8oqksftkn3agm4ipoxrsbjx","9ug8uo6o17gleq6ylnj6qavgv","cbmpybstng5h4paecr60bbabe","cgauy5zngx8hftafb99hggnr6","9bh37hevrfmh9j65ey3t5d3jo","0c5zgo2nqaryc6h436fzq1917","9p2sxifrpgjp9fcdjbogo7dpj","5byx6g0lyx65555o4o1mw38zy","0sy2fxg7c83fjpl4lvo6tfrca","7jvkthazbah1b1wn1dcq3mnyb","3x7z0ehqdtk40uxmkcuily2uh","bcd0wc7fh65tlses260mvipw8","8e2q1qbluecvdigvy8zv8paa3","4xchnrnt0ghb5js0a9hcrq4w4","7razvctmyk23l0rd9yiv57sb7","1ngsxv2y81cymdir3xvr6shvl","bak8qlbpq9rlper30e6e2kmbg","czpqup69r43tp8s7bbwzsdnh8","2yexwfwi4p5bmiwdnt7ihq5yl","bl7mk740xtdpww5ry0zu85njs","6hxt8v85e3b3e7ieyj1lyzzwz","e2nh4d93yibu4dlslg6bgmc4a","dtve1dk2jd447mh82v6otn2lz","33a6dundlksh174piduuamiho","18ga0zwqxp8u5efdlsdv82r8d","bwqw1eamimneq8zb7g2an5mid","e7yn04cnn5a3r9ni1gmanib8f","8rarref319wusbtpmj6ysddwn","85nsihg7i4vwig5xk4apauurc","83avks0gii65yn86ol2ykg9jn","77pmx827axqp70xpq5n2fs2iw","akt84ne10f21gvu1zo4a0tnky","crfi8mkht317b5t194gdx4f5y","e0byem1czlsmxycm97vuwkurs","1qc0kbf266t9we5xpxwyzrja6","2mu20s4gvb4upajd4k9v0p4lv"]} @ https://runtime-assets.adalo.com/static/js/main.79e9a9ca.js:1
[   75713ms] Uncaught (in promise) AxiosError: Request failed with status code 400
    at Ee (https://runtime-assets.adalo.com/static/js/main.79e9a9ca.js:1:17538)
    at g (https://runtime-assets.adalo.com/static/js/main.79e9a9ca.js:1:21986)
[   75785ms] [WARNING] SKIPPING ERRONEOUS DEPENDENCY Error: Selector failed: {"type":"CURRENT_USER_SELECTOR"}
    at G (https://runtime-assets.adalo.com/static/js/main.79e9a9ca.js:2:468532)
    at t.getDependencies (https://runtime-assets.adalo.com/static/js/main.79e9a9ca.js:2:467260)
    at w.isManuallyPaginated (https://runtime-assets.adalo.com/static/js/main.79e9a9ca.js:2:348848)
    at w.getTableDataRowsForPage (https://runtime-assets.adalo.com/static/js/main.79e9a9ca.js:2:369833)
    at w.getTableDataRows (https://runtime-assets.adalo.com/static/js/main.79e9a9ca.js:2:370168)
    at w.render (https://runtime-assets.adalo.com/static/js/main.79e9a9ca.js:2:371443)
    at Ds (https://runtime-assets.adalo.com/static/js/main.79e9a9ca.js:2:4414574)
    at Ls (https://runtime-assets.adalo.com/static/js/main.79e9a9ca.js:2:4414370)
    at Ml (https://runtime-assets.adalo.com/static/js/main.79e9a9ca.js:2:4457902)
    at bu (https://runtime-assets.adalo.com/static/js/main.79e9a9ca.js:2:4446043)
    at vu (https://runtime-assets.adalo.com/static/js/main.79e9a9ca.js:2:4445971)
    at yu (https://runtime-assets.adalo.com/static/js/main.79e9a9ca.js:2:4445834)
    at uu (https://runtime-assets.adalo.com/static/js/main.79e9a9ca.js:2:4442950)
    at Wo (https://runtime-assets.adalo.com/static/js/main.79e9a9ca.js:2:4383545)
    at https://runtime-assets.adalo.com/static/js/main.79e9a9ca.js:2:4440547 {"id":"cbmpybstng5h4paecr60bbabe","type":"binding","label":"name","source":{"type":"field","source":{"type":"data","source":null,"tableId":"t_80c852bba70544a6a98079124dfc8e10","dataType":"object","selector":{"type":"CURRENT_USER_SELECTOR"},"datasourceId":"4dba133b22784a13b18b1a791cfdd211"},"fieldId":"name","dataType":"text"},"bindingType":"libraryProp","childBindings":[],"siblingBindings":["82jnplk3ef502gh5ra15iven5","alb6jx052np69houarjepkzxt","d4ccnilspvhusn5vln7fnumoq","e1u2k5uadbzmnwqydjuj41a8s","el4yprrbnqt3re35jo8dnbq8u","a523cf05i53tfa1bas0wgcebu","22a4gatllq388sgqrwk9hg2t6","a9kncdenpdwn86cruysxqr9b8","6mz0b5cugikqk54s5zozthbzy","br9652mqlrwn0h0cretf6p9zx","28us5z1bh4mkf4afr7o4k7rx7","18hbzwi2guish96ccpaonxxk4","1ggvf2r6q7go47x48nu91ucjq","42ksl48yfdoh4nqvc6timfr64","54a7sb35ft40ry0jfk4h0eyko","7h1o8zkry3k0wp4pv0b9wzr15","0ymorhi8eb1nrs3elbg40pr1z","7nbe807feozxlvbrxv7oj75u5","70hnqwp00hw0kge0jgrzr4qf7","9u8oqksftkn3agm4ipoxrsbjx","9ug8uo6o17gleq6ylnj6qavgv","dx862l5uvza6ics9aj30xud64","cgauy5zngx8hftafb99hggnr6","9bh37hevrfmh9j65ey3t5d3jo","0c5zgo2nqaryc6h436fzq1917","9p2sxifrpgjp9fcdjbogo7dpj","5byx6g0lyx65555o4o1mw38zy","0sy2fxg7c83fjpl4lvo6tfrca","7jvkthazbah1b1wn1dcq3mnyb","3x7z0ehqdtk40uxmkcuily2uh","bcd0wc7fh65tlses260mvipw8","8e2q1qbluecvdigvy8zv8paa3","4xchnrnt0ghb5js0a9hcrq4w4","7razvctmyk23l0rd9yiv57sb7","1ngsxv2y81cymdir3xvr6shvl","bak8qlbpq9rlper30e6e2kmbg","czpqup69r43tp8s7bbwzsdnh8","2yexwfwi4p5bmiwdnt7ihq5yl","bl7mk740xtdpww5ry0zu85njs","6hxt8v85e3b3e7ieyj1lyzzwz","e2nh4d93yibu4dlslg6bgmc4a","dtve1dk2jd447mh82v6otn2lz","33a6dundlksh174piduuamiho","18ga0zwqxp8u5efdlsdv82r8d","bwqw1eamimneq8zb7g2an5mid","e7yn04cnn5a3r9ni1gmanib8f","8rarref319wusbtpmj6ysddwn","85nsihg7i4vwig5xk4apauurc","83avks0gii65yn86ol2ykg9jn","77pmx827axqp70xpq5n2fs2iw","akt84ne10f21gvu1zo4a0tnky","crfi8mkht317b5t194gdx4f5y","e0byem1czlsmxycm97vuwkurs","1qc0kbf266t9we5xpxwyzrja6","2mu20s4gvb4upajd4k9v0p4lv"]} @ https://runtime-assets.adalo.com/static/js/main.79e9a9ca.js:1
[   75785ms] [WARNING] SKIPPING ERRONEOUS DEPENDENCY Error: Selector failed: {"type":"CURRENT_USER_SELECTOR"}
    at G (https://runtime-assets.adalo.com/static/js/main.79e9a9ca.js:2:468532)
    at t.getDependencies (https://runtime-assets.adalo.com/static/js/main.79e9a9ca.js:2:467260)
    at w.isManuallyPaginated (https://runtime-assets.adalo.com/static/js/main.79e9a9ca.js:2:348848)
    at w.getTableDataRowsForPage (https://runtime-assets.adalo.com/static/js/main.79e9a9ca.js:2:369833)
    at w.getTableDataRows (https://runtime-assets.adalo.com/static/js/main.79e9a9ca.js:2:370168)
    at w.render (https://runtime-assets.adalo.com/static/js/main.79e9a9ca.js:2:371443)
    at Ds (https://runtime-assets.adalo.com/static/js/main.79e9a9ca.js:2:4414574)
    at Ls (https://runtime-assets.adalo.com/static/js/main.79e9a9ca.js:2:4414370)
    at Ml (https://runtime-assets.adalo.com/static/js/main.79e9a9ca.js:2:4457902)
    at bu (https://runtime-assets.adalo.com/static/js/main.79e9a9ca.js:2:4446043)
    at vu (https://runtime-assets.adalo.com/static/js/main.79e9a9ca.js:2:4445971)
    at yu (https://runtime-assets.adalo.com/static/js/main.79e9a9ca.js:2:4445834)
    at uu (https://runtime-assets.adalo.com/static/js/main.79e9a9ca.js:2:4442950)
    at Wo (https://runtime-assets.adalo.com/static/js/main.79e9a9ca.js:2:4383545)
    at https://runtime-assets.adalo.com/static/js/main.79e9a9ca.js:2:4440547 {"id":"dx862l5uvza6ics9aj30xud64","type":"binding","label":"name","source":{"type":"field","source":{"type":"data","source":null,"tableId":"t_80c852bba70544a6a98079124dfc8e10","dataType":"object","selector":{"type":"CURRENT_USER_SELECTOR"},"datasourceId":"4dba133b22784a13b18b1a791cfdd211"},"fieldId":"name","dataType":"text"},"bindingType":"libraryProp","childBindings":[],"siblingBindings":["82jnplk3ef502gh5ra15iven5","alb6jx052np69houarjepkzxt","d4ccnilspvhusn5vln7fnumoq","e1u2k5uadbzmnwqydjuj41a8s","el4yprrbnqt3re35jo8dnbq8u","a523cf05i53tfa1bas0wgcebu","22a4gatllq388sgqrwk9hg2t6","a9kncdenpdwn86cruysxqr9b8","6mz0b5cugikqk54s5zozthbzy","br9652mqlrwn0h0cretf6p9zx","28us5z1bh4mkf4afr7o4k7rx7","18hbzwi2guish96ccpaonxxk4","1ggvf2r6q7go47x48nu91ucjq","42ksl48yfdoh4nqvc6timfr64","54a7sb35ft40ry0jfk4h0eyko","7h1o8zkry3k0wp4pv0b9wzr15","0ymorhi8eb1nrs3elbg40pr1z","7nbe807feozxlvbrxv7oj75u5","70hnqwp00hw0kge0jgrzr4qf7","9u8oqksftkn3agm4ipoxrsbjx","9ug8uo6o17gleq6ylnj6qavgv","cbmpybstng5h4paecr60bbabe","cgauy5zngx8hftafb99hggnr6","9bh37hevrfmh9j65ey3t5d3jo","0c5zgo2nqaryc6h436fzq1917","9p2sxifrpgjp9fcdjbogo7dpj","5byx6g0lyx65555o4o1mw38zy","0sy2fxg7c83fjpl4lvo6tfrca","7jvkthazbah1b1wn1dcq3mnyb","3x7z0ehqdtk40uxmkcuily2uh","bcd0wc7fh65tlses260mvipw8","8e2q1qbluecvdigvy8zv8paa3","4xchnrnt0ghb5js0a9hcrq4w4","7razvctmyk23l0rd9yiv57sb7","1ngsxv2y81cymdir3xvr6shvl","bak8qlbpq9rlper30e6e2kmbg","czpqup69r43tp8s7bbwzsdnh8","2yexwfwi4p5bmiwdnt7ihq5yl","bl7mk740xtdpww5ry0zu85njs","6hxt8v85e3b3e7ieyj1lyzzwz","e2nh4d93yibu4dlslg6bgmc4a","dtve1dk2jd447mh82v6otn2lz","33a6dundlksh174piduuamiho","18ga0zwqxp8u5efdlsdv82r8d","bwqw1eamimneq8zb7g2an5mid","e7yn04cnn5a3r9ni1gmanib8f","8rarref319wusbtpmj6ysddwn","85nsihg7i4vwig5xk4apauurc","83avks0gii65yn86ol2ykg9jn","77pmx827axqp70xpq5n2fs2iw","akt84ne10f21gvu1zo4a0tnky","crfi8mkht317b5t194gdx4f5y","e0byem1czlsmxycm97vuwkurs","1qc0kbf266t9we5xpxwyzrja6","2mu20s4gvb4upajd4k9v0p4lv"]} @ https://runtime-assets.adalo.com/static/js/main.79e9a9ca.js:1
[   75787ms] [WARNING] SKIPPING ERRONEOUS DEPENDENCY Error: Selector failed: {"type":"CURRENT_USER_SELECTOR"}
    at G (https://runtime-assets.adalo.com/static/js/main.79e9a9ca.js:2:468532)
    at t.getDependencies (https://runtime-assets.adalo.com/static/js/main.79e9a9ca.js:2:467260)
    at w.isManuallyPaginated (https://runtime-assets.adalo.com/static/js/main.79e9a9ca.js:2:348848)
    at w.renderPaginationControls (https://runtime-assets.adalo.com/static/js/main.79e9a9ca.js:2:370838)
    at w.render (https://runtime-assets.adalo.com/static/js/main.79e9a9ca.js:2:372453)
    at Ds (https://runtime-assets.adalo.com/static/js/main.79e9a9ca.js:2:4414574)
    at Ls (https://runtime-assets.adalo.com/static/js/main.79e9a9ca.js:2:4414370)
    at Ml (https://runtime-assets.adalo.com/static/js/main.79e9a9ca.js:2:4457902)
    at bu (https://runtime-assets.adalo.com/static/js/main.79e9a9ca.js:2:4446043)
    at vu (https://runtime-assets.adalo.com/static/js/main.79e9a9ca.js:2:4445971)
    at yu (https://runtime-assets.adalo.com/static/js/main.79e9a9ca.js:2:4445834)
    at uu (https://runtime-assets.adalo.com/static/js/main.79e9a9ca.js:2:4442950)
    at Wo (https://runtime-assets.adalo.com/static/js/main.79e9a9ca.js:2:4383545)
    at https://runtime-assets.adalo.com/static/js/main.79e9a9ca.js:2:4440547 {"id":"cbmpybstng5h4paecr60bbabe","type":"binding","label":"name","source":{"type":"field","source":{"type":"data","source":null,"tableId":"t_80c852bba70544a6a98079124dfc8e10","dataType":"object","selector":{"type":"CURRENT_USER_SELECTOR"},"datasourceId":"4dba133b22784a13b18b1a791cfdd211"},"fieldId":"name","dataType":"text"},"bindingType":"libraryProp","childBindings":[],"siblingBindings":["82jnplk3ef502gh5ra15iven5","alb6jx052np69houarjepkzxt","d4ccnilspvhusn5vln7fnumoq","e1u2k5uadbzmnwqydjuj41a8s","el4yprrbnqt3re35jo8dnbq8u","a523cf05i53tfa1bas0wgcebu","22a4gatllq388sgqrwk9hg2t6","a9kncdenpdwn86cruysxqr9b8","6mz0b5cugikqk54s5zozthbzy","br9652mqlrwn0h0cretf6p9zx","28us5z1bh4mkf4afr7o4k7rx7","18hbzwi2guish96ccpaonxxk4","1ggvf2r6q7go47x48nu91ucjq","42ksl48yfdoh4nqvc6timfr64","54a7sb35ft40ry0jfk4h0eyko","7h1o8zkry3k0wp4pv0b9wzr15","0ymorhi8eb1nrs3elbg40pr1z","7nbe807feozxlvbrxv7oj75u5","70hnqwp00hw0kge0jgrzr4qf7","9u8oqksftkn3agm4ipoxrsbjx","9ug8uo6o17gleq6ylnj6qavgv","dx862l5uvza6ics9aj30xud64","cgauy5zngx8hftafb99hggnr6","9bh37hevrfmh9j65ey3t5d3jo","0c5zgo2nqaryc6h436fzq1917","9p2sxifrpgjp9fcdjbogo7dpj","5byx6g0lyx65555o4o1mw38zy","0sy2fxg7c83fjpl4lvo6tfrca","7jvkthazbah1b1wn1dcq3mnyb","3x7z0ehqdtk40uxmkcuily2uh","bcd0wc7fh65tlses260mvipw8","8e2q1qbluecvdigvy8zv8paa3","4xchnrnt0ghb5js0a9hcrq4w4","7razvctmyk23l0rd9yiv57sb7","1ngsxv2y81cymdir3xvr6shvl","bak8qlbpq9rlper30e6e2kmbg","czpqup69r43tp8s7bbwzsdnh8","2yexwfwi4p5bmiwdnt7ihq5yl","bl7mk740xtdpww5ry0zu85njs","6hxt8v85e3b3e7ieyj1lyzzwz","e2nh4d93yibu4dlslg6bgmc4a","dtve1dk2jd447mh82v6otn2lz","33a6dundlksh174piduuamiho","18ga0zwqxp8u5efdlsdv82r8d","bwqw1eamimneq8zb7g2an5mid","e7yn04cnn5a3r9ni1gmanib8f","8rarref319wusbtpmj6ysddwn","85nsihg7i4vwig5xk4apauurc","83avks0gii65yn86ol2ykg9jn","77pmx827axqp70xpq5n2fs2iw","akt84ne10f21gvu1zo4a0tnky","crfi8mkht317b5t194gdx4f5y","e0byem1czlsmxycm97vuwkurs","1qc0kbf266t9we5xpxwyzrja6","2mu20s4gvb4upajd4k9v0p4lv"]} @ https://runtime-assets.adalo.com/static/js/main.79e9a9ca.js:1
[   75787ms] [WARNING] SKIPPING ERRONEOUS DEPENDENCY Error: Selector failed: {"type":"CURRENT_USER_SELECTOR"}
    at G (https://runtime-assets.adalo.com/static/js/main.79e9a9ca.js:2:468532)
    at t.getDependencies (https://runtime-assets.adalo.com/static/js/main.79e9a9ca.js:2:467260)
    at w.isManuallyPaginated (https://runtime-assets.adalo.com/static/js/main.79e9a9ca.js:2:348848)
    at w.renderPaginationControls (https://runtime-assets.adalo.com/static/js/main.79e9a9ca.js:2:370838)
    at w.render (https://runtime-assets.adalo.com/static/js/main.79e9a9ca.js:2:372453)
    at Ds (https://runtime-assets.adalo.com/static/js/main.79e9a9ca.js:2:4414574)
    at Ls (https://runtime-assets.adalo.com/static/js/main.79e9a9ca.js:2:4414370)
    at Ml (https://runtime-assets.adalo.com/static/js/main.79e9a9ca.js:2:4457902)
    at bu (https://runtime-assets.adalo.com/static/js/main.79e9a9ca.js:2:4446043)
    at vu (https://runtime-assets.adalo.com/static/js/main.79e9a9ca.js:2:4445971)
    at yu (https://runtime-assets.adalo.com/static/js/main.79e9a9ca.js:2:4445834)
    at uu (https://runtime-assets.adalo.com/static/js/main.79e9a9ca.js:2:4442950)
    at Wo (https://runtime-assets.adalo.com/static/js/main.79e9a9ca.js:2:4383545)
    at https://runtime-assets.adalo.com/static/js/main.79e9a9ca.js:2:4440547 {"id":"dx862l5uvza6ics9aj30xud64","type":"binding","label":"name","source":{"type":"field","source":{"type":"data","source":null,"tableId":"t_80c852bba70544a6a98079124dfc8e10","dataType":"object","selector":{"type":"CURRENT_USER_SELECTOR"},"datasourceId":"4dba133b22784a13b18b1a791cfdd211"},"fieldId":"name","dataType":"text"},"bindingType":"libraryProp","childBindings":[],"siblingBindings":["82jnplk3ef502gh5ra15iven5","alb6jx052np69houarjepkzxt","d4ccnilspvhusn5vln7fnumoq","e1u2k5uadbzmnwqydjuj41a8s","el4yprrbnqt3re35jo8dnbq8u","a523cf05i53tfa1bas0wgcebu","22a4gatllq388sgqrwk9hg2t6","a9kncdenpdwn86cruysxqr9b8","6mz0b5cugikqk54s5zozthbzy","br9652mqlrwn0h0cretf6p9zx","28us5z1bh4mkf4afr7o4k7rx7","18hbzwi2guish96ccpaonxxk4","1ggvf2r6q7go47x48nu91ucjq","42ksl48yfdoh4nqvc6timfr64","54a7sb35ft40ry0jfk4h0eyko","7h1o8zkry3k0wp4pv0b9wzr15","0ymorhi8eb1nrs3elbg40pr1z","7nbe807feozxlvbrxv7oj75u5","70hnqwp00hw0kge0jgrzr4qf7","9u8oqksftkn3agm4ipoxrsbjx","9ug8uo6o17gleq6ylnj6qavgv","cbmpybstng5h4paecr60bbabe","cgauy5zngx8hftafb99hggnr6","9bh37hevrfmh9j65ey3t5d3jo","0c5zgo2nqaryc6h436fzq1917","9p2sxifrpgjp9fcdjbogo7dpj","5byx6g0lyx65555o4o1mw38zy","0sy2fxg7c83fjpl4lvo6tfrca","7jvkthazbah1b1wn1dcq3mnyb","3x7z0ehqdtk40uxmkcuily2uh","bcd0wc7fh65tlses260mvipw8","8e2q1qbluecvdigvy8zv8paa3","4xchnrnt0ghb5js0a9hcrq4w4","7razvctmyk23l0rd9yiv57sb7","1ngsxv2y81cymdir3xvr6shvl","bak8qlbpq9rlper30e6e2kmbg","czpqup69r43tp8s7bbwzsdnh8","2yexwfwi4p5bmiwdnt7ihq5yl","bl7mk740xtdpww5ry0zu85njs","6hxt8v85e3b3e7ieyj1lyzzwz","e2nh4d93yibu4dlslg6bgmc4a","dtve1dk2jd447mh82v6otn2lz","33a6dundlksh174piduuamiho","18ga0zwqxp8u5efdlsdv82r8d","bwqw1eamimneq8zb7g2an5mid","e7yn04cnn5a3r9ni1gmanib8f","8rarref319wusbtpmj6ysddwn","85nsihg7i4vwig5xk4apauurc","83avks0gii65yn86ol2ykg9jn","77pmx827axqp70xpq5n2fs2iw","akt84ne10f21gvu1zo4a0tnky","crfi8mkht317b5t194gdx4f5y","e0byem1czlsmxycm97vuwkurs","1qc0kbf266t9we5xpxwyzrja6","2mu20s4gvb4upajd4k9v0p4lv"]} @ https://runtime-assets.adalo.com/static/js/main.79e9a9ca.js:1
[   75788ms] [WARNING] SKIPPING ERRONEOUS DEPENDENCY Error: Selector failed: {"type":"CURRENT_USER_SELECTOR"}
    at G (https://runtime-assets.adalo.com/static/js/main.79e9a9ca.js:2:468532)
    at t.getDependencies (https://runtime-assets.adalo.com/static/js/main.79e9a9ca.js:2:467260)
    at w.isManuallyPaginated (https://runtime-assets.adalo.com/static/js/main.79e9a9ca.js:2:348848)
    at w.getTableDataRowsForPage (https://runtime-assets.adalo.com/static/js/main.79e9a9ca.js:2:369833)
    at w.renderPaginationControls (https://runtime-assets.adalo.com/static/js/main.79e9a9ca.js:2:370943)
    at w.render (https://runtime-assets.adalo.com/static/js/main.79e9a9ca.js:2:372453)
    at Ds (https://runtime-assets.adalo.com/static/js/main.79e9a9ca.js:2:4414574)
    at Ls (https://runtime-assets.adalo.com/static/js/main.79e9a9ca.js:2:4414370)
    at Ml (https://runtime-assets.adalo.com/static/js/main.79e9a9ca.js:2:4457902)
    at bu (https://runtime-assets.adalo.com/static/js/main.79e9a9ca.js:2:4446043)
    at vu (https://runtime-assets.adalo.com/static/js/main.79e9a9ca.js:2:4445971)
    at yu (https://runtime-assets.adalo.com/static/js/main.79e9a9ca.js:2:4445834)
    at uu (https://runtime-assets.adalo.com/static/js/main.79e9a9ca.js:2:4442950)
    at Wo (https://runtime-assets.adalo.com/static/js/main.79e9a9ca.js:2:4383545)
    at https://runtime-assets.adalo.com/static/js/main.79e9a9ca.js:2:4440547 {"id":"cbmpybstng5h4paecr60bbabe","type":"binding","label":"name","source":{"type":"field","source":{"type":"data","source":null,"tableId":"t_80c852bba70544a6a98079124dfc8e10","dataType":"object","selector":{"type":"CURRENT_USER_SELECTOR"},"datasourceId":"4dba133b22784a13b18b1a791cfdd211"},"fieldId":"name","dataType":"text"},"bindingType":"libraryProp","childBindings":[],"siblingBindings":["82jnplk3ef502gh5ra15iven5","alb6jx052np69houarjepkzxt","d4ccnilspvhusn5vln7fnumoq","e1u2k5uadbzmnwqydjuj41a8s","el4yprrbnqt3re35jo8dnbq8u","a523cf05i53tfa1bas0wgcebu","22a4gatllq388sgqrwk9hg2t6","a9kncdenpdwn86cruysxqr9b8","6mz0b5cugikqk54s5zozthbzy","br9652mqlrwn0h0cretf6p9zx","28us5z1bh4mkf4afr7o4k7rx7","18hbzwi2guish96ccpaonxxk4","1ggvf2r6q7go47x48nu91ucjq","42ksl48yfdoh4nqvc6timfr64","54a7sb35ft40ry0jfk4h0eyko","7h1o8zkry3k0wp4pv0b9wzr15","0ymorhi8eb1nrs3elbg40pr1z","7nbe807feozxlvbrxv7oj75u5","70hnqwp00hw0kge0jgrzr4qf7","9u8oqksftkn3agm4ipoxrsbjx","9ug8uo6o17gleq6ylnj6qavgv","dx862l5uvza6ics9aj30xud64","cgauy5zngx8hftafb99hggnr6","9bh37hevrfmh9j65ey3t5d3jo","0c5zgo2nqaryc6h436fzq1917","9p2sxifrpgjp9fcdjbogo7dpj","5byx6g0lyx65555o4o1mw38zy","0sy2fxg7c83fjpl4lvo6tfrca","7jvkthazbah1b1wn1dcq3mnyb","3x7z0ehqdtk40uxmkcuily2uh","bcd0wc7fh65tlses260mvipw8","8e2q1qbluecvdigvy8zv8paa3","4xchnrnt0ghb5js0a9hcrq4w4","7razvctmyk23l0rd9yiv57sb7","1ngsxv2y81cymdir3xvr6shvl","bak8qlbpq9rlper30e6e2kmbg","czpqup69r43tp8s7bbwzsdnh8","2yexwfwi4p5bmiwdnt7ihq5yl","bl7mk740xtdpww5ry0zu85njs","6hxt8v85e3b3e7ieyj1lyzzwz","e2nh4d93yibu4dlslg6bgmc4a","dtve1dk2jd447mh82v6otn2lz","33a6dundlksh174piduuamiho","18ga0zwqxp8u5efdlsdv82r8d","bwqw1eamimneq8zb7g2an5mid","e7yn04cnn5a3r9ni1gmanib8f","8rarref319wusbtpmj6ysddwn","85nsihg7i4vwig5xk4apauurc","83avks0gii65yn86ol2ykg9jn","77pmx827axqp70xpq5n2fs2iw","akt84ne10f21gvu1zo4a0tnky","crfi8mkht317b5t194gdx4f5y","e0byem1czlsmxycm97vuwkurs","1qc0kbf266t9we5xpxwyzrja6","2mu20s4gvb4upajd4k9v0p4lv"]} @ https://runtime-assets.adalo.com/static/js/main.79e9a9ca.js:1
[   75789ms] [WARNING] SKIPPING ERRONEOUS DEPENDENCY Error: Selector failed: {"type":"CURRENT_USER_SELECTOR"}
    at G (https://runtime-assets.adalo.com/static/js/main.79e9a9ca.js:2:468532)
    at t.getDependencies (https://runtime-assets.adalo.com/static/js/main.79e9a9ca.js:2:467260)
    at w.isManuallyPaginated (https://runtime-assets.adalo.com/static/js/main.79e9a9ca.js:2:348848)
    at w.getTableDataRowsForPage (https://runtime-assets.adalo.com/static/js/main.79e9a9ca.js:2:369833)
    at w.renderPaginationControls (https://runtime-assets.adalo.com/static/js/main.79e9a9ca.js:2:370943)
    at w.render (https://runtime-assets.adalo.com/static/js/main.79e9a9ca.js:2:372453)
    at Ds (https://runtime-assets.adalo.com/static/js/main.79e9a9ca.js:2:4414574)
    at Ls (https://runtime-assets.adalo.com/static/js/main.79e9a9ca.js:2:4414370)
    at Ml (https://runtime-assets.adalo.com/static/js/main.79e9a9ca.js:2:4457902)
    at bu (https://runtime-assets.adalo.com/static/js/main.79e9a9ca.js:2:4446043)
    at vu (https://runtime-assets.adalo.com/static/js/main.79e9a9ca.js:2:4445971)
    at yu (https://runtime-assets.adalo.com/static/js/main.79e9a9ca.js:2:4445834)
    at uu (https://runtime-assets.adalo.com/static/js/main.79e9a9ca.js:2:4442950)
    at Wo (https://runtime-assets.adalo.com/static/js/main.79e9a9ca.js:2:4383545)
    at https://runtime-assets.adalo.com/static/js/main.79e9a9ca.js:2:4440547 {"id":"dx862l5uvza6ics9aj30xud64","type":"binding","label":"name","source":{"type":"field","source":{"type":"data","source":null,"tableId":"t_80c852bba70544a6a98079124dfc8e10","dataType":"object","selector":{"type":"CURRENT_USER_SELECTOR"},"datasourceId":"4dba133b22784a13b18b1a791cfdd211"},"fieldId":"name","dataType":"text"},"bindingType":"libraryProp","childBindings":[],"siblingBindings":["82jnplk3ef502gh5ra15iven5","alb6jx052np69houarjepkzxt","d4ccnilspvhusn5vln7fnumoq","e1u2k5uadbzmnwqydjuj41a8s","el4yprrbnqt3re35jo8dnbq8u","a523cf05i53tfa1bas0wgcebu","22a4gatllq388sgqrwk9hg2t6","a9kncdenpdwn86cruysxqr9b8","6mz0b5cugikqk54s5zozthbzy","br9652mqlrwn0h0cretf6p9zx","28us5z1bh4mkf4afr7o4k7rx7","18hbzwi2guish96ccpaonxxk4","1ggvf2r6q7go47x48nu91ucjq","42ksl48yfdoh4nqvc6timfr64","54a7sb35ft40ry0jfk4h0eyko","7h1o8zkry3k0wp4pv0b9wzr15","0ymorhi8eb1nrs3elbg40pr1z","7nbe807feozxlvbrxv7oj75u5","70hnqwp00hw0kge0jgrzr4qf7","9u8oqksftkn3agm4ipoxrsbjx","9ug8uo6o17gleq6ylnj6qavgv","cbmpybstng5h4paecr60bbabe","cgauy5zngx8hftafb99hggnr6","9bh37hevrfmh9j65ey3t5d3jo","0c5zgo2nqaryc6h436fzq1917","9p2sxifrpgjp9fcdjbogo7dpj","5byx6g0lyx65555o4o1mw38zy","0sy2fxg7c83fjpl4lvo6tfrca","7jvkthazbah1b1wn1dcq3mnyb","3x7z0ehqdtk40uxmkcuily2uh","bcd0wc7fh65tlses260mvipw8","8e2q1qbluecvdigvy8zv8paa3","4xchnrnt0ghb5js0a9hcrq4w4","7razvctmyk23l0rd9yiv57sb7","1ngsxv2y81cymdir3xvr6shvl","bak8qlbpq9rlper30e6e2kmbg","czpqup69r43tp8s7bbwzsdnh8","2yexwfwi4p5bmiwdnt7ihq5yl","bl7mk740xtdpww5ry0zu85njs","6hxt8v85e3b3e7ieyj1lyzzwz","e2nh4d93yibu4dlslg6bgmc4a","dtve1dk2jd447mh82v6otn2lz","33a6dundlksh174piduuamiho","18ga0zwqxp8u5efdlsdv82r8d","bwqw1eamimneq8zb7g2an5mid","e7yn04cnn5a3r9ni1gmanib8f","8rarref319wusbtpmj6ysddwn","85nsihg7i4vwig5xk4apauurc","83avks0gii65yn86ol2ykg9jn","77pmx827axqp70xpq5n2fs2iw","akt84ne10f21gvu1zo4a0tnky","crfi8mkht317b5t194gdx4f5y","e0byem1czlsmxycm97vuwkurs","1qc0kbf266t9we5xpxwyzrja6","2mu20s4gvb4upajd4k9v0p4lv"]} @ https://runtime-assets.adalo.com/static/js/main.79e9a9ca.js:1
[   75814ms] [WARNING] SKIPPING ERRONEOUS DEPENDENCY Error: Selector failed: {"type":"CURRENT_USER_SELECTOR"}
    at G (https://runtime-assets.adalo.com/static/js/main.79e9a9ca.js:2:468532)
    at t.getDependencies (https://runtime-assets.adalo.com/static/js/main.79e9a9ca.js:2:467260)
    at w.isManuallyPaginated (https://runtime-assets.adalo.com/static/js/main.79e9a9ca.js:2:348848)
    at w.getTableDataRowsForPage (https://runtime-assets.adalo.com/static/js/main.79e9a9ca.js:2:369833)
    at w.getTableDataRows (https://runtime-assets.adalo.com/static/js/main.79e9a9ca.js:2:370168)
    at w.render (https://runtime-assets.adalo.com/static/js/main.79e9a9ca.js:2:371443)
    at Ds (https://runtime-assets.adalo.com/static/js/main.79e9a9ca.js:2:4414574)
    at Ls (https://runtime-assets.adalo.com/static/js/main.79e9a9ca.js:2:4414370)
    at Ml (https://runtime-assets.adalo.com/static/js/main.79e9a9ca.js:2:4457902)
    at bu (https://runtime-assets.adalo.com/static/js/main.79e9a9ca.js:2:4446043)
    at vu (https://runtime-assets.adalo.com/static/js/main.79e9a9ca.js:2:4445971)
    at yu (https://runtime-assets.adalo.com/static/js/main.79e9a9ca.js:2:4445834)
    at uu (https://runtime-assets.adalo.com/static/js/main.79e9a9ca.js:2:4442950)
    at Wo (https://runtime-assets.adalo.com/static/js/main.79e9a9ca.js:2:4383545)
    at https://runtime-assets.adalo.com/static/js/main.79e9a9ca.js:2:4440547 {"id":"cbmpybstng5h4paecr60bbabe","type":"binding","label":"name","source":{"type":"field","source":{"type":"data","source":null,"tableId":"t_80c852bba70544a6a98079124dfc8e10","dataType":"object","selector":{"type":"CURRENT_USER_SELECTOR"},"datasourceId":"4dba133b22784a13b18b1a791cfdd211"},"fieldId":"name","dataType":"text"},"bindingType":"libraryProp","childBindings":[],"siblingBindings":["82jnplk3ef502gh5ra15iven5","alb6jx052np69houarjepkzxt","d4ccnilspvhusn5vln7fnumoq","e1u2k5uadbzmnwqydjuj41a8s","el4yprrbnqt3re35jo8dnbq8u","a523cf05i53tfa1bas0wgcebu","22a4gatllq388sgqrwk9hg2t6","a9kncdenpdwn86cruysxqr9b8","6mz0b5cugikqk54s5zozthbzy","br9652mqlrwn0h0cretf6p9zx","28us5z1bh4mkf4afr7o4k7rx7","18hbzwi2guish96ccpaonxxk4","1ggvf2r6q7go47x48nu91ucjq","42ksl48yfdoh4nqvc6timfr64","54a7sb35ft40ry0jfk4h0eyko","7h1o8zkry3k0wp4pv0b9wzr15","0ymorhi8eb1nrs3elbg40pr1z","7nbe807feozxlvbrxv7oj75u5","70hnqwp00hw0kge0jgrzr4qf7","9u8oqksftkn3agm4ipoxrsbjx","9ug8uo6o17gleq6ylnj6qavgv","dx862l5uvza6ics9aj30xud64","cgauy5zngx8hftafb99hggnr6","9bh37hevrfmh9j65ey3t5d3jo","0c5zgo2nqaryc6h436fzq1917","9p2sxifrpgjp9fcdjbogo7dpj","5byx6g0lyx65555o4o1mw38zy","0sy2fxg7c83fjpl4lvo6tfrca","7jvkthazbah1b1wn1dcq3mnyb","3x7z0ehqdtk40uxmkcuily2uh","bcd0wc7fh65tlses260mvipw8","8e2q1qbluecvdigvy8zv8paa3","4xchnrnt0ghb5js0a9hcrq4w4","7razvctmyk23l0rd9yiv57sb7","1ngsxv2y81cymdir3xvr6shvl","bak8qlbpq9rlper30e6e2kmbg","czpqup69r43tp8s7bbwzsdnh8","2yexwfwi4p5bmiwdnt7ihq5yl","bl7mk740xtdpww5ry0zu85njs","6hxt8v85e3b3e7ieyj1lyzzwz","e2nh4d93yibu4dlslg6bgmc4a","dtve1dk2jd447mh82v6otn2lz","33a6dundlksh174piduuamiho","18ga0zwqxp8u5efdlsdv82r8d","bwqw1eamimneq8zb7g2an5mid","e7yn04cnn5a3r9ni1gmanib8f","8rarref319wusbtpmj6ysddwn","85nsihg7i4vwig5xk4apauurc","83avks0gii65yn86ol2ykg9jn","77pmx827axqp70xpq5n2fs2iw","akt84ne10f21gvu1zo4a0tnky","crfi8mkht317b5t194gdx4f5y","e0byem1czlsmxycm97vuwkurs","1qc0kbf266t9we5xpxwyzrja6","2mu20s4gvb4upajd4k9v0p4lv"]} @ https://runtime-assets.adalo.com/static/js/main.79e9a9ca.js:1
[   75815ms] [WARNING] SKIPPING ERRONEOUS DEPENDENCY Error: Selector failed: {"type":"CURRENT_USER_SELECTOR"}
    at G (https://runtime-assets.adalo.com/static/js/main.79e9a9ca.js:2:468532)
    at t.getDependencies (https://runtime-assets.adalo.com/static/js/main.79e9a9ca.js:2:467260)
    at w.isManuallyPaginated (https://runtime-assets.adalo.com/static/js/main.79e9a9ca.js:2:348848)
    at w.getTableDataRowsForPage (https://runtime-assets.adalo.com/static/js/main.79e9a9ca.js:2:369833)
    at w.getTableDataRows (https://runtime-assets.adalo.com/static/js/main.79e9a9ca.js:2:370168)
    at w.render (https://runtime-assets.adalo.com/static/js/main.79e9a9ca.js:2:371443)
    at Ds (https://runtime-assets.adalo.com/static/js/main.79e9a9ca.js:2:4414574)
    at Ls (https://runtime-assets.adalo.com/static/js/main.79e9a9ca.js:2:4414370)
    at Ml (https://runtime-assets.adalo.com/static/js/main.79e9a9ca.js:2:4457902)
    at bu (https://runtime-assets.adalo.com/static/js/main.79e9a9ca.js:2:4446043)
    at vu (https://runtime-assets.adalo.com/static/js/main.79e9a9ca.js:2:4445971)
    at yu (https://runtime-assets.adalo.com/static/js/main.79e9a9ca.js:2:4445834)
    at uu (https://runtime-assets.adalo.com/static/js/main.79e9a9ca.js:2:4442950)
    at Wo (https://runtime-assets.adalo.com/static/js/main.79e9a9ca.js:2:4383545)
    at https://runtime-assets.adalo.com/static/js/main.79e9a9ca.js:2:4440547 {"id":"dx862l5uvza6ics9aj30xud64","type":"binding","label":"name","source":{"type":"field","source":{"type":"data","source":null,"tableId":"t_80c852bba70544a6a98079124dfc8e10","dataType":"object","selector":{"type":"CURRENT_USER_SELECTOR"},"datasourceId":"4dba133b22784a13b18b1a791cfdd211"},"fieldId":"name","dataType":"text"},"bindingType":"libraryProp","childBindings":[],"siblingBindings":["82jnplk3ef502gh5ra15iven5","alb6jx052np69houarjepkzxt","d4ccnilspvhusn5vln7fnumoq","e1u2k5uadbzmnwqydjuj41a8s","el4yprrbnqt3re35jo8dnbq8u","a523cf05i53tfa1bas0wgcebu","22a4gatllq388sgqrwk9hg2t6","a9kncdenpdwn86cruysxqr9b8","6mz0b5cugikqk54s5zozthbzy","br9652mqlrwn0h0cretf6p9zx","28us5z1bh4mkf4afr7o4k7rx7","18hbzwi2guish96ccpaonxxk4","1ggvf2r6q7go47x48nu91ucjq","42ksl48yfdoh4nqvc6timfr64","54a7sb35ft40ry0jfk4h0eyko","7h1o8zkry3k0wp4pv0b9wzr15","0ymorhi8eb1nrs3elbg40pr1z","7nbe807feozxlvbrxv7oj75u5","70hnqwp00hw0kge0jgrzr4qf7","9u8oqksftkn3agm4ipoxrsbjx","9ug8uo6o17gleq6ylnj6qavgv","cbmpybstng5h4paecr60bbabe","cgauy5zngx8hftafb99hggnr6","9bh37hevrfmh9j65ey3t5d3jo","0c5zgo2nqaryc6h436fzq1917","9p2sxifrpgjp9fcdjbogo7dpj","5byx6g0lyx65555o4o1mw38zy","0sy2fxg7c83fjpl4lvo6tfrca","7jvkthazbah1b1wn1dcq3mnyb","3x7z0ehqdtk40uxmkcuily2uh","bcd0wc7fh65tlses260mvipw8","8e2q1qbluecvdigvy8zv8paa3","4xchnrnt0ghb5js0a9hcrq4w4","7razvctmyk23l0rd9yiv57sb7","1ngsxv2y81cymdir3xvr6shvl","bak8qlbpq9rlper30e6e2kmbg","czpqup69r43tp8s7bbwzsdnh8","2yexwfwi4p5bmiwdnt7ihq5yl","bl7mk740xtdpww5ry0zu85njs","6hxt8v85e3b3e7ieyj1lyzzwz","e2nh4d93yibu4dlslg6bgmc4a","dtve1dk2jd447mh82v6otn2lz","33a6dundlksh174piduuamiho","18ga0zwqxp8u5efdlsdv82r8d","bwqw1eamimneq8zb7g2an5mid","e7yn04cnn5a3r9ni1gmanib8f","8rarref319wusbtpmj6ysddwn","85nsihg7i4vwig5xk4apauurc","83avks0gii65yn86ol2ykg9jn","77pmx827axqp70xpq5n2fs2iw","akt84ne10f21gvu1zo4a0tnky","crfi8mkht317b5t194gdx4f5y","e0byem1czlsmxycm97vuwkurs","1qc0kbf266t9we5xpxwyzrja6","2mu20s4gvb4upajd4k9v0p4lv"]} @ https://runtime-assets.adalo.com/static/js/main.79e9a9ca.js:1
[   75816ms] [WARNING] SKIPPING ERRONEOUS DEPENDENCY Error: Selector failed: {"type":"CURRENT_USER_SELECTOR"}
    at G (https://runtime-assets.adalo.com/static/js/main.79e9a9ca.js:2:468532)
    at t.getDependencies (https://runtime-assets.adalo.com/static/js/main.79e9a9ca.js:2:467260)
    at w.isManuallyPaginated (https://runtime-assets.adalo.com/static/js/main.79e9a9ca.js:2:348848)
    at w.renderPaginationControls (https://runtime-assets.adalo.com/static/js/main.79e9a9ca.js:2:370838)
    at w.render (https://runtime-assets.adalo.com/static/js/main.79e9a9ca.js:2:372453)
    at Ds (https://runtime-assets.adalo.com/static/js/main.79e9a9ca.js:2:4414574)
    at Ls (https://runtime-assets.adalo.com/static/js/main.79e9a9ca.js:2:4414370)
    at Ml (https://runtime-assets.adalo.com/static/js/main.79e9a9ca.js:2:4457902)
    at bu (https://runtime-assets.adalo.com/static/js/main.79e9a9ca.js:2:4446043)
    at vu (https://runtime-assets.adalo.com/static/js/main.79e9a9ca.js:2:4445971)
    at yu (https://runtime-assets.adalo.com/static/js/main.79e9a9ca.js:2:4445834)
    at uu (https://runtime-assets.adalo.com/static/js/main.79e9a9ca.js:2:4442950)
    at Wo (https://runtime-assets.adalo.com/static/js/main.79e9a9ca.js:2:4383545)
    at https://runtime-assets.adalo.com/static/js/main.79e9a9ca.js:2:4440547 {"id":"cbmpybstng5h4paecr60bbabe","type":"binding","label":"name","source":{"type":"field","source":{"type":"data","source":null,"tableId":"t_80c852bba70544a6a98079124dfc8e10","dataType":"object","selector":{"type":"CURRENT_USER_SELECTOR"},"datasourceId":"4dba133b22784a13b18b1a791cfdd211"},"fieldId":"name","dataType":"text"},"bindingType":"libraryProp","childBindings":[],"siblingBindings":["82jnplk3ef502gh5ra15iven5","alb6jx052np69houarjepkzxt","d4ccnilspvhusn5vln7fnumoq","e1u2k5uadbzmnwqydjuj41a8s","el4yprrbnqt3re35jo8dnbq8u","a523cf05i53tfa1bas0wgcebu","22a4gatllq388sgqrwk9hg2t6","a9kncdenpdwn86cruysxqr9b8","6mz0b5cugikqk54s5zozthbzy","br9652mqlrwn0h0cretf6p9zx","28us5z1bh4mkf4afr7o4k7rx7","18hbzwi2guish96ccpaonxxk4","1ggvf2r6q7go47x48nu91ucjq","42ksl48yfdoh4nqvc6timfr64","54a7sb35ft40ry0jfk4h0eyko","7h1o8zkry3k0wp4pv0b9wzr15","0ymorhi8eb1nrs3elbg40pr1z","7nbe807feozxlvbrxv7oj75u5","70hnqwp00hw0kge0jgrzr4qf7","9u8oqksftkn3agm4ipoxrsbjx","9ug8uo6o17gleq6ylnj6qavgv","dx862l5uvza6ics9aj30xud64","cgauy5zngx8hftafb99hggnr6","9bh37hevrfmh9j65ey3t5d3jo","0c5zgo2nqaryc6h436fzq1917","9p2sxifrpgjp9fcdjbogo7dpj","5byx6g0lyx65555o4o1mw38zy","0sy2fxg7c83fjpl4lvo6tfrca","7jvkthazbah1b1wn1dcq3mnyb","3x7z0ehqdtk40uxmkcuily2uh","bcd0wc7fh65tlses260mvipw8","8e2q1qbluecvdigvy8zv8paa3","4xchnrnt0ghb5js0a9hcrq4w4","7razvctmyk23l0rd9yiv57sb7","1ngsxv2y81cymdir3xvr6shvl","bak8qlbpq9rlper30e6e2kmbg","czpqup69r43tp8s7bbwzsdnh8","2yexwfwi4p5bmiwdnt7ihq5yl","bl7mk740xtdpww5ry0zu85njs","6hxt8v85e3b3e7ieyj1lyzzwz","e2nh4d93yibu4dlslg6bgmc4a","dtve1dk2jd447mh82v6otn2lz","33a6dundlksh174piduuamiho","18ga0zwqxp8u5efdlsdv82r8d","bwqw1eamimneq8zb7g2an5mid","e7yn04cnn5a3r9ni1gmanib8f","8rarref319wusbtpmj6ysddwn","85nsihg7i4vwig5xk4apauurc","83avks0gii65yn86ol2ykg9jn","77pmx827axqp70xpq5n2fs2iw","akt84ne10f21gvu1zo4a0tnky","crfi8mkht317b5t194gdx4f5y","e0byem1czlsmxycm97vuwkurs","1qc0kbf266t9we5xpxwyzrja6","2mu20s4gvb4upajd4k9v0p4lv"]} @ https://runtime-assets.adalo.com/static/js/main.79e9a9ca.js:1
[   75816ms] [WARNING] SKIPPING ERRONEOUS DEPENDENCY Error: Selector failed: {"type":"CURRENT_USER_SELECTOR"}
    at G (https://runtime-assets.adalo.com/static/js/main.79e9a9ca.js:2:468532)
    at t.getDependencies (https://runtime-assets.adalo.com/static/js/main.79e9a9ca.js:2:467260)
    at w.isManuallyPaginated (https://runtime-assets.adalo.com/static/js/main.79e9a9ca.js:2:348848)
    at w.renderPaginationControls (https://runtime-assets.adalo.com/static/js/main.79e9a9ca.js:2:370838)
    at w.render (https://runtime-assets.adalo.com/static/js/main.79e9a9ca.js:2:372453)
    at Ds (https://runtime-assets.adalo.com/static/js/main.79e9a9ca.js:2:4414574)
    at Ls (https://runtime-assets.adalo.com/static/js/main.79e9a9ca.js:2:4414370)
    at Ml (https://runtime-assets.adalo.com/static/js/main.79e9a9ca.js:2:4457902)
    at bu (https://runtime-assets.adalo.com/static/js/main.79e9a9ca.js:2:4446043)
    at vu (https://runtime-assets.adalo.com/static/js/main.79e9a9ca.js:2:4445971)
    at yu (https://runtime-assets.adalo.com/static/js/main.79e9a9ca.js:2:4445834)
    at uu (https://runtime-assets.adalo.com/static/js/main.79e9a9ca.js:2:4442950)
    at Wo (https://runtime-assets.adalo.com/static/js/main.79e9a9ca.js:2:4383545)
    at https://runtime-assets.adalo.com/static/js/main.79e9a9ca.js:2:4440547 {"id":"dx862l5uvza6ics9aj30xud64","type":"binding","label":"name","source":{"type":"field","source":{"type":"data","source":null,"tableId":"t_80c852bba70544a6a98079124dfc8e10","dataType":"object","selector":{"type":"CURRENT_USER_SELECTOR"},"datasourceId":"4dba133b22784a13b18b1a791cfdd211"},"fieldId":"name","dataType":"text"},"bindingType":"libraryProp","childBindings":[],"siblingBindings":["82jnplk3ef502gh5ra15iven5","alb6jx052np69houarjepkzxt","d4ccnilspvhusn5vln7fnumoq","e1u2k5uadbzmnwqydjuj41a8s","el4yprrbnqt3re35jo8dnbq8u","a523cf05i53tfa1bas0wgcebu","22a4gatllq388sgqrwk9hg2t6","a9kncdenpdwn86cruysxqr9b8","6mz0b5cugikqk54s5zozthbzy","br9652mqlrwn0h0cretf6p9zx","28us5z1bh4mkf4afr7o4k7rx7","18hbzwi2guish96ccpaonxxk4","1ggvf2r6q7go47x48nu91ucjq","42ksl48yfdoh4nqvc6timfr64","54a7sb35ft40ry0jfk4h0eyko","7h1o8zkry3k0wp4pv0b9wzr15","0ymorhi8eb1nrs3elbg40pr1z","7nbe807feozxlvbrxv7oj75u5","70hnqwp00hw0kge0jgrzr4qf7","9u8oqksftkn3agm4ipoxrsbjx","9ug8uo6o17gleq6ylnj6qavgv","cbmpybstng5h4paecr60bbabe","cgauy5zngx8hftafb99hggnr6","9bh37hevrfmh9j65ey3t5d3jo","0c5zgo2nqaryc6h436fzq1917","9p2sxifrpgjp9fcdjbogo7dpj","5byx6g0lyx65555o4o1mw38zy","0sy2fxg7c83fjpl4lvo6tfrca","7jvkthazbah1b1wn1dcq3mnyb","3x7z0ehqdtk40uxmkcuily2uh","bcd0wc7fh65tlses260mvipw8","8e2q1qbluecvdigvy8zv8paa3","4xchnrnt0ghb5js0a9hcrq4w4","7razvctmyk23l0rd9yiv57sb7","1ngsxv2y81cymdir3xvr6shvl","bak8qlbpq9rlper30e6e2kmbg","czpqup69r43tp8s7bbwzsdnh8","2yexwfwi4p5bmiwdnt7ihq5yl","bl7mk740xtdpww5ry0zu85njs","6hxt8v85e3b3e7ieyj1lyzzwz","e2nh4d93yibu4dlslg6bgmc4a","dtve1dk2jd447mh82v6otn2lz","33a6dundlksh174piduuamiho","18ga0zwqxp8u5efdlsdv82r8d","bwqw1eamimneq8zb7g2an5mid","e7yn04cnn5a3r9ni1gmanib8f","8rarref319wusbtpmj6ysddwn","85nsihg7i4vwig5xk4apauurc","83avks0gii65yn86ol2ykg9jn","77pmx827axqp70xpq5n2fs2iw","akt84ne10f21gvu1zo4a0tnky","crfi8mkht317b5t194gdx4f5y","e0byem1czlsmxycm97vuwkurs","1qc0kbf266t9we5xpxwyzrja6","2mu20s4gvb4upajd4k9v0p4lv"]} @ https://runtime-assets.adalo.com/static/js/main.79e9a9ca.js:1
[   75818ms] [WARNING] SKIPPING ERRONEOUS DEPENDENCY Error: Selector failed: {"type":"CURRENT_USER_SELECTOR"}
    at G (https://runtime-assets.adalo.com/static/js/main.79e9a9ca.js:2:468532)
    at t.getDependencies (https://runtime-assets.adalo.com/static/js/main.79e9a9ca.js:2:467260)
    at w.isManuallyPaginated (https://runtime-assets.adalo.com/static/js/main.79e9a9ca.js:2:348848)
    at w.getTableDataRowsForPage (https://runtime-assets.adalo.com/static/js/main.79e9a9ca.js:2:369833)
    at w.renderPaginationControls (https://runtime-assets.adalo.com/static/js/main.79e9a9ca.js:2:370943)
    at w.render (https://runtime-assets.adalo.com/static/js/main.79e9a9ca.js:2:372453)
    at Ds (https://runtime-assets.adalo.com/static/js/main.79e9a9ca.js:2:4414574)
    at Ls (https://runtime-assets.adalo.com/static/js/main.79e9a9ca.js:2:4414370)
    at Ml (https://runtime-assets.adalo.com/static/js/main.79e9a9ca.js:2:4457902)
    at bu (https://runtime-assets.adalo.com/static/js/main.79e9a9ca.js:2:4446043)
    at vu (https://runtime-assets.adalo.com/static/js/main.79e9a9ca.js:2:4445971)
    at yu (https://runtime-assets.adalo.com/static/js/main.79e9a9ca.js:2:4445834)
    at uu (https://runtime-assets.adalo.com/static/js/main.79e9a9ca.js:2:4442950)
    at Wo (https://runtime-assets.adalo.com/static/js/main.79e9a9ca.js:2:4383545)
    at https://runtime-assets.adalo.com/static/js/main.79e9a9ca.js:2:4440547 {"id":"cbmpybstng5h4paecr60bbabe","type":"binding","label":"name","source":{"type":"field","source":{"type":"data","source":null,"tableId":"t_80c852bba70544a6a98079124dfc8e10","dataType":"object","selector":{"type":"CURRENT_USER_SELECTOR"},"datasourceId":"4dba133b22784a13b18b1a791cfdd211"},"fieldId":"name","dataType":"text"},"bindingType":"libraryProp","childBindings":[],"siblingBindings":["82jnplk3ef502gh5ra15iven5","alb6jx052np69houarjepkzxt","d4ccnilspvhusn5vln7fnumoq","e1u2k5uadbzmnwqydjuj41a8s","el4yprrbnqt3re35jo8dnbq8u","a523cf05i53tfa1bas0wgcebu","22a4gatllq388sgqrwk9hg2t6","a9kncdenpdwn86cruysxqr9b8","6mz0b5cugikqk54s5zozthbzy","br9652mqlrwn0h0cretf6p9zx","28us5z1bh4mkf4afr7o4k7rx7","18hbzwi2guish96ccpaonxxk4","1ggvf2r6q7go47x48nu91ucjq","42ksl48yfdoh4nqvc6timfr64","54a7sb35ft40ry0jfk4h0eyko","7h1o8zkry3k0wp4pv0b9wzr15","0ymorhi8eb1nrs3elbg40pr1z","7nbe807feozxlvbrxv7oj75u5","70hnqwp00hw0kge0jgrzr4qf7","9u8oqksftkn3agm4ipoxrsbjx","9ug8uo6o17gleq6ylnj6qavgv","dx862l5uvza6ics9aj30xud64","cgauy5zngx8hftafb99hggnr6","9bh37hevrfmh9j65ey3t5d3jo","0c5zgo2nqaryc6h436fzq1917","9p2sxifrpgjp9fcdjbogo7dpj","5byx6g0lyx65555o4o1mw38zy","0sy2fxg7c83fjpl4lvo6tfrca","7jvkthazbah1b1wn1dcq3mnyb","3x7z0ehqdtk40uxmkcuily2uh","bcd0wc7fh65tlses260mvipw8","8e2q1qbluecvdigvy8zv8paa3","4xchnrnt0ghb5js0a9hcrq4w4","7razvctmyk23l0rd9yiv57sb7","1ngsxv2y81cymdir3xvr6shvl","bak8qlbpq9rlper30e6e2kmbg","czpqup69r43tp8s7bbwzsdnh8","2yexwfwi4p5bmiwdnt7ihq5yl","bl7mk740xtdpww5ry0zu85njs","6hxt8v85e3b3e7ieyj1lyzzwz","e2nh4d93yibu4dlslg6bgmc4a","dtve1dk2jd447mh82v6otn2lz","33a6dundlksh174piduuamiho","18ga0zwqxp8u5efdlsdv82r8d","bwqw1eamimneq8zb7g2an5mid","e7yn04cnn5a3r9ni1gmanib8f","8rarref319wusbtpmj6ysddwn","85nsihg7i4vwig5xk4apauurc","83avks0gii65yn86ol2ykg9jn","77pmx827axqp70xpq5n2fs2iw","akt84ne10f21gvu1zo4a0tnky","crfi8mkht317b5t194gdx4f5y","e0byem1czlsmxycm97vuwkurs","1qc0kbf266t9we5xpxwyzrja6","2mu20s4gvb4upajd4k9v0p4lv"]} @ https://runtime-assets.adalo.com/static/js/main.79e9a9ca.js:1
[   75818ms] [WARNING] SKIPPING ERRONEOUS DEPENDENCY Error: Selector failed: {"type":"CURRENT_USER_SELECTOR"}
    at G (https://runtime-assets.adalo.com/static/js/main.79e9a9ca.js:2:468532)
    at t.getDependencies (https://runtime-assets.adalo.com/static/js/main.79e9a9ca.js:2:467260)
    at w.isManuallyPaginated (https://runtime-assets.adalo.com/static/js/main.79e9a9ca.js:2:348848)
    at w.getTableDataRowsForPage (https://runtime-assets.adalo.com/static/js/main.79e9a9ca.js:2:369833)
    at w.renderPaginationControls (https://runtime-assets.adalo.com/static/js/main.79e9a9ca.js:2:370943)
    at w.render (https://runtime-assets.adalo.com/static/js/main.79e9a9ca.js:2:372453)
    at Ds (https://runtime-assets.adalo.com/static/js/main.79e9a9ca.js:2:4414574)
    at Ls (https://runtime-assets.adalo.com/static/js/main.79e9a9ca.js:2:4414370)
    at Ml (https://runtime-assets.adalo.com/static/js/main.79e9a9ca.js:2:4457902)
    at bu (https://runtime-assets.adalo.com/static/js/main.79e9a9ca.js:2:4446043)
    at vu (https://runtime-assets.adalo.com/static/js/main.79e9a9ca.js:2:4445971)
    at yu (https://runtime-assets.adalo.com/static/js/main.79e9a9ca.js:2:4445834)
    at uu (https://runtime-assets.adalo.com/static/js/main.79e9a9ca.js:2:4442950)
    at Wo (https://runtime-assets.adalo.com/static/js/main.79e9a9ca.js:2:4383545)
    at https://runtime-assets.adalo.com/static/js/main.79e9a9ca.js:2:4440547 {"id":"dx862l5uvza6ics9aj30xud64","type":"binding","label":"name","source":{"type":"field","source":{"type":"data","source":null,"tableId":"t_80c852bba70544a6a98079124dfc8e10","dataType":"object","selector":{"type":"CURRENT_USER_SELECTOR"},"datasourceId":"4dba133b22784a13b18b1a791cfdd211"},"fieldId":"name","dataType":"text"},"bindingType":"libraryProp","childBindings":[],"siblingBindings":["82jnplk3ef502gh5ra15iven5","alb6jx052np69houarjepkzxt","d4ccnilspvhusn5vln7fnumoq","e1u2k5uadbzmnwqydjuj41a8s","el4yprrbnqt3re35jo8dnbq8u","a523cf05i53tfa1bas0wgcebu","22a4gatllq388sgqrwk9hg2t6","a9kncdenpdwn86cruysxqr9b8","6mz0b5cugikqk54s5zozthbzy","br9652mqlrwn0h0cretf6p9zx","28us5z1bh4mkf4afr7o4k7rx7","18hbzwi2guish96ccpaonxxk4","1ggvf2r6q7go47x48nu91ucjq","42ksl48yfdoh4nqvc6timfr64","54a7sb35ft40ry0jfk4h0eyko","7h1o8zkry3k0wp4pv0b9wzr15","0ymorhi8eb1nrs3elbg40pr1z","7nbe807feozxlvbrxv7oj75u5","70hnqwp00hw0kge0jgrzr4qf7","9u8oqksftkn3agm4ipoxrsbjx","9ug8uo6o17gleq6ylnj6qavgv","cbmpybstng5h4paecr60bbabe","cgauy5zngx8hftafb99hggnr6","9bh37hevrfmh9j65ey3t5d3jo","0c5zgo2nqaryc6h436fzq1917","9p2sxifrpgjp9fcdjbogo7dpj","5byx6g0lyx65555o4o1mw38zy","0sy2fxg7c83fjpl4lvo6tfrca","7jvkthazbah1b1wn1dcq3mnyb","3x7z0ehqdtk40uxmkcuily2uh","bcd0wc7fh65tlses260mvipw8","8e2q1qbluecvdigvy8zv8paa3","4xchnrnt0ghb5js0a9hcrq4w4","7razvctmyk23l0rd9yiv57sb7","1ngsxv2y81cymdir3xvr6shvl","bak8qlbpq9rlper30e6e2kmbg","czpqup69r43tp8s7bbwzsdnh8","2yexwfwi4p5bmiwdnt7ihq5yl","bl7mk740xtdpww5ry0zu85njs","6hxt8v85e3b3e7ieyj1lyzzwz","e2nh4d93yibu4dlslg6bgmc4a","dtve1dk2jd447mh82v6otn2lz","33a6dundlksh174piduuamiho","18ga0zwqxp8u5efdlsdv82r8d","bwqw1eamimneq8zb7g2an5mid","e7yn04cnn5a3r9ni1gmanib8f","8rarref319wusbtpmj6ysddwn","85nsihg7i4vwig5xk4apauurc","83avks0gii65yn86ol2ykg9jn","77pmx827axqp70xpq5n2fs2iw","akt84ne10f21gvu1zo4a0tnky","crfi8mkht317b5t194gdx4f5y","e0byem1czlsmxycm97vuwkurs","1qc0kbf266t9we5xpxwyzrja6","2mu20s4gvb4upajd4k9v0p4lv"]} @ https://runtime-assets.adalo.com/static/js/main.79e9a9ca.js:1
[   78063ms] [WARNING] SKIPPING ERRONEOUS DEPENDENCY Error: Selector failed: {"type":"CURRENT_USER_SELECTOR"}
    at G (https://runtime-assets.adalo.com/static/js/main.79e9a9ca.js:2:468532)
    at t.getDependencies (https://runtime-assets.adalo.com/static/js/main.79e9a9ca.js:2:467260)
    at w.isManuallyPaginated (https://runtime-assets.adalo.com/static/js/main.79e9a9ca.js:2:348848)
    at w.getTableDataRowsForPage (https://runtime-assets.adalo.com/static/js/main.79e9a9ca.js:2:369833)
    at w.getTableDataRows (https://runtime-assets.adalo.com/static/js/main.79e9a9ca.js:2:370168)
    at w.render (https://runtime-assets.adalo.com/static/js/main.79e9a9ca.js:2:371443)
    at Ds (https://runtime-assets.adalo.com/static/js/main.79e9a9ca.js:2:4414574)
    at Ls (https://runtime-assets.adalo.com/static/js/main.79e9a9ca.js:2:4414370)
    at Ml (https://runtime-assets.adalo.com/static/js/main.79e9a9ca.js:2:4457902)
    at bu (https://runtime-assets.adalo.com/static/js/main.79e9a9ca.js:2:4446043)
    at vu (https://runtime-assets.adalo.com/static/js/main.79e9a9ca.js:2:4445971)
    at yu (https://runtime-assets.adalo.com/static/js/main.79e9a9ca.js:2:4445834)
    at uu (https://runtime-assets.adalo.com/static/js/main.79e9a9ca.js:2:4442950)
    at Wo (https://runtime-assets.adalo.com/static/js/main.79e9a9ca.js:2:4383545)
    at https://runtime-assets.adalo.com/static/js/main.79e9a9ca.js:2:4440547 {"id":"cbmpybstng5h4paecr60bbabe","type":"binding","label":"name","source":{"type":"field","source":{"type":"data","source":null,"tableId":"t_80c852bba70544a6a98079124dfc8e10","dataType":"object","selector":{"type":"CURRENT_USER_SELECTOR"},"datasourceId":"4dba133b22784a13b18b1a791cfdd211"},"fieldId":"name","dataType":"text"},"bindingType":"libraryProp","childBindings":[],"siblingBindings":["82jnplk3ef502gh5ra15iven5","alb6jx052np69houarjepkzxt","d4ccnilspvhusn5vln7fnumoq","e1u2k5uadbzmnwqydjuj41a8s","el4yprrbnqt3re35jo8dnbq8u","a523cf05i53tfa1bas0wgcebu","22a4gatllq388sgqrwk9hg2t6","a9kncdenpdwn86cruysxqr9b8","6mz0b5cugikqk54s5zozthbzy","br9652mqlrwn0h0cretf6p9zx","28us5z1bh4mkf4afr7o4k7rx7","18hbzwi2guish96ccpaonxxk4","1ggvf2r6q7go47x48nu91ucjq","42ksl48yfdoh4nqvc6timfr64","54a7sb35ft40ry0jfk4h0eyko","7h1o8zkry3k0wp4pv0b9wzr15","0ymorhi8eb1nrs3elbg40pr1z","7nbe807feozxlvbrxv7oj75u5","70hnqwp00hw0kge0jgrzr4qf7","9u8oqksftkn3agm4ipoxrsbjx","9ug8uo6o17gleq6ylnj6qavgv","dx862l5uvza6ics9aj30xud64","cgauy5zngx8hftafb99hggnr6","9bh37hevrfmh9j65ey3t5d3jo","0c5zgo2nqaryc6h436fzq1917","9p2sxifrpgjp9fcdjbogo7dpj","5byx6g0lyx65555o4o1mw38zy","0sy2fxg7c83fjpl4lvo6tfrca","7jvkthazbah1b1wn1dcq3mnyb","3x7z0ehqdtk40uxmkcuily2uh","bcd0wc7fh65tlses260mvipw8","8e2q1qbluecvdigvy8zv8paa3","4xchnrnt0ghb5js0a9hcrq4w4","7razvctmyk23l0rd9yiv57sb7","1ngsxv2y81cymdir3xvr6shvl","bak8qlbpq9rlper30e6e2kmbg","czpqup69r43tp8s7bbwzsdnh8","2yexwfwi4p5bmiwdnt7ihq5yl","bl7mk740xtdpww5ry0zu85njs","6hxt8v85e3b3e7ieyj1lyzzwz","e2nh4d93yibu4dlslg6bgmc4a","dtve1dk2jd447mh82v6otn2lz","33a6dundlksh174piduuamiho","18ga0zwqxp8u5efdlsdv82r8d","bwqw1eamimneq8zb7g2an5mid","e7yn04cnn5a3r9ni1gmanib8f","8rarref319wusbtpmj6ysddwn","85nsihg7i4vwig5xk4apauurc","83avks0gii65yn86ol2ykg9jn","77pmx827axqp70xpq5n2fs2iw","akt84ne10f21gvu1zo4a0tnky","crfi8mkht317b5t194gdx4f5y","e0byem1czlsmxycm97vuwkurs","1qc0kbf266t9we5xpxwyzrja6","2mu20s4gvb4upajd4k9v0p4lv"]} @ https://runtime-assets.adalo.com/static/js/main.79e9a9ca.js:1
[   78063ms] [WARNING] SKIPPING ERRONEOUS DEPENDENCY Error: Selector failed: {"type":"CURRENT_USER_SELECTOR"}
    at G (https://runtime-assets.adalo.com/static/js/main.79e9a9ca.js:2:468532)
    at t.getDependencies (https://runtime-assets.adalo.com/static/js/main.79e9a9ca.js:2:467260)
    at w.isManuallyPaginated (https://runtime-assets.adalo.com/static/js/main.79e9a9ca.js:2:348848)
    at w.getTableDataRowsForPage (https://runtime-assets.adalo.com/static/js/main.79e9a9ca.js:2:369833)
    at w.getTableDataRows (https://runtime-assets.adalo.com/static/js/main.79e9a9ca.js:2:370168)
    at w.render (https://runtime-assets.adalo.com/static/js/main.79e9a9ca.js:2:371443)
    at Ds (https://runtime-assets.adalo.com/static/js/main.79e9a9ca.js:2:4414574)
    at Ls (https://runtime-assets.adalo.com/static/js/main.79e9a9ca.js:2:4414370)
    at Ml (https://runtime-assets.adalo.com/static/js/main.79e9a9ca.js:2:4457902)
    at bu (https://runtime-assets.adalo.com/static/js/main.79e9a9ca.js:2:4446043)
    at vu (https://runtime-assets.adalo.com/static/js/main.79e9a9ca.js:2:4445971)
    at yu (https://runtime-assets.adalo.com/static/js/main.79e9a9ca.js:2:4445834)
    at uu (https://runtime-assets.adalo.com/static/js/main.79e9a9ca.js:2:4442950)
    at Wo (https://runtime-assets.adalo.com/static/js/main.79e9a9ca.js:2:4383545)
    at https://runtime-assets.adalo.com/static/js/main.79e9a9ca.js:2:4440547 {"id":"dx862l5uvza6ics9aj30xud64","type":"binding","label":"name","source":{"type":"field","source":{"type":"data","source":null,"tableId":"t_80c852bba70544a6a98079124dfc8e10","dataType":"object","selector":{"type":"CURRENT_USER_SELECTOR"},"datasourceId":"4dba133b22784a13b18b1a791cfdd211"},"fieldId":"name","dataType":"text"},"bindingType":"libraryProp","childBindings":[],"siblingBindings":["82jnplk3ef502gh5ra15iven5","alb6jx052np69houarjepkzxt","d4ccnilspvhusn5vln7fnumoq","e1u2k5uadbzmnwqydjuj41a8s","el4yprrbnqt3re35jo8dnbq8u","a523cf05i53tfa1bas0wgcebu","22a4gatllq388sgqrwk9hg2t6","a9kncdenpdwn86cruysxqr9b8","6mz0b5cugikqk54s5zozthbzy","br9652mqlrwn0h0cretf6p9zx","28us5z1bh4mkf4afr7o4k7rx7","18hbzwi2guish96ccpaonxxk4","1ggvf2r6q7go47x48nu91ucjq","42ksl48yfdoh4nqvc6timfr64","54a7sb35ft40ry0jfk4h0eyko","7h1o8zkry3k0wp4pv0b9wzr15","0ymorhi8eb1nrs3elbg40pr1z","7nbe807feozxlvbrxv7oj75u5","70hnqwp00hw0kge0jgrzr4qf7","9u8oqksftkn3agm4ipoxrsbjx","9ug8uo6o17gleq6ylnj6qavgv","cbmpybstng5h4paecr60bbabe","cgauy5zngx8hftafb99hggnr6","9bh37hevrfmh9j65ey3t5d3jo","0c5zgo2nqaryc6h436fzq1917","9p2sxifrpgjp9fcdjbogo7dpj","5byx6g0lyx65555o4o1mw38zy","0sy2fxg7c83fjpl4lvo6tfrca","7jvkthazbah1b1wn1dcq3mnyb","3x7z0ehqdtk40uxmkcuily2uh","bcd0wc7fh65tlses260mvipw8","8e2q1qbluecvdigvy8zv8paa3","4xchnrnt0ghb5js0a9hcrq4w4","7razvctmyk23l0rd9yiv57sb7","1ngsxv2y81cymdir3xvr6shvl","bak8qlbpq9rlper30e6e2kmbg","czpqup69r43tp8s7bbwzsdnh8","2yexwfwi4p5bmiwdnt7ihq5yl","bl7mk740xtdpww5ry0zu85njs","6hxt8v85e3b3e7ieyj1lyzzwz","e2nh4d93yibu4dlslg6bgmc4a","dtve1dk2jd447mh82v6otn2lz","33a6dundlksh174piduuamiho","18ga0zwqxp8u5efdlsdv82r8d","bwqw1eamimneq8zb7g2an5mid","e7yn04cnn5a3r9ni1gmanib8f","8rarref319wusbtpmj6ysddwn","85nsihg7i4vwig5xk4apauurc","83avks0gii65yn86ol2ykg9jn","77pmx827axqp70xpq5n2fs2iw","akt84ne10f21gvu1zo4a0tnky","crfi8mkht317b5t194gdx4f5y","e0byem1czlsmxycm97vuwkurs","1qc0kbf266t9we5xpxwyzrja6","2mu20s4gvb4upajd4k9v0p4lv"]} @ https://runtime-assets.adalo.com/static/js/main.79e9a9ca.js:1
[   78065ms] [WARNING] SKIPPING ERRONEOUS DEPENDENCY Error: Selector failed: {"type":"CURRENT_USER_SELECTOR"}
    at G (https://runtime-assets.adalo.com/static/js/main.79e9a9ca.js:2:468532)
    at t.getDependencies (https://runtime-assets.adalo.com/static/js/main.79e9a9ca.js:2:467260)
    at w.isManuallyPaginated (https://runtime-assets.adalo.com/static/js/main.79e9a9ca.js:2:348848)
    at w.renderPaginationControls (https://runtime-assets.adalo.com/static/js/main.79e9a9ca.js:2:370838)
    at w.render (https://runtime-assets.adalo.com/static/js/main.79e9a9ca.js:2:372453)
    at Ds (https://runtime-assets.adalo.com/static/js/main.79e9a9ca.js:2:4414574)
    at Ls (https://runtime-assets.adalo.com/static/js/main.79e9a9ca.js:2:4414370)
    at Ml (https://runtime-assets.adalo.com/static/js/main.79e9a9ca.js:2:4457902)
    at bu (https://runtime-assets.adalo.com/static/js/main.79e9a9ca.js:2:4446043)
    at vu (https://runtime-assets.adalo.com/static/js/main.79e9a9ca.js:2:4445971)
    at yu (https://runtime-assets.adalo.com/static/js/main.79e9a9ca.js:2:4445834)
    at uu (https://runtime-assets.adalo.com/static/js/main.79e9a9ca.js:2:4442950)
    at Wo (https://runtime-assets.adalo.com/static/js/main.79e9a9ca.js:2:4383545)
    at https://runtime-assets.adalo.com/static/js/main.79e9a9ca.js:2:4440547 {"id":"cbmpybstng5h4paecr60bbabe","type":"binding","label":"name","source":{"type":"field","source":{"type":"data","source":null,"tableId":"t_80c852bba70544a6a98079124dfc8e10","dataType":"object","selector":{"type":"CURRENT_USER_SELECTOR"},"datasourceId":"4dba133b22784a13b18b1a791cfdd211"},"fieldId":"name","dataType":"text"},"bindingType":"libraryProp","childBindings":[],"siblingBindings":["82jnplk3ef502gh5ra15iven5","alb6jx052np69houarjepkzxt","d4ccnilspvhusn5vln7fnumoq","e1u2k5uadbzmnwqydjuj41a8s","el4yprrbnqt3re35jo8dnbq8u","a523cf05i53tfa1bas0wgcebu","22a4gatllq388sgqrwk9hg2t6","a9kncdenpdwn86cruysxqr9b8","6mz0b5cugikqk54s5zozthbzy","br9652mqlrwn0h0cretf6p9zx","28us5z1bh4mkf4afr7o4k7rx7","18hbzwi2guish96ccpaonxxk4","1ggvf2r6q7go47x48nu91ucjq","42ksl48yfdoh4nqvc6timfr64","54a7sb35ft40ry0jfk4h0eyko","7h1o8zkry3k0wp4pv0b9wzr15","0ymorhi8eb1nrs3elbg40pr1z","7nbe807feozxlvbrxv7oj75u5","70hnqwp00hw0kge0jgrzr4qf7","9u8oqksftkn3agm4ipoxrsbjx","9ug8uo6o17gleq6ylnj6qavgv","dx862l5uvza6ics9aj30xud64","cgauy5zngx8hftafb99hggnr6","9bh37hevrfmh9j65ey3t5d3jo","0c5zgo2nqaryc6h436fzq1917","9p2sxifrpgjp9fcdjbogo7dpj","5byx6g0lyx65555o4o1mw38zy","0sy2fxg7c83fjpl4lvo6tfrca","7jvkthazbah1b1wn1dcq3mnyb","3x7z0ehqdtk40uxmkcuily2uh","bcd0wc7fh65tlses260mvipw8","8e2q1qbluecvdigvy8zv8paa3","4xchnrnt0ghb5js0a9hcrq4w4","7razvctmyk23l0rd9yiv57sb7","1ngsxv2y81cymdir3xvr6shvl","bak8qlbpq9rlper30e6e2kmbg","czpqup69r43tp8s7bbwzsdnh8","2yexwfwi4p5bmiwdnt7ihq5yl","bl7mk740xtdpww5ry0zu85njs","6hxt8v85e3b3e7ieyj1lyzzwz","e2nh4d93yibu4dlslg6bgmc4a","dtve1dk2jd447mh82v6otn2lz","33a6dundlksh174piduuamiho","18ga0zwqxp8u5efdlsdv82r8d","bwqw1eamimneq8zb7g2an5mid","e7yn04cnn5a3r9ni1gmanib8f","8rarref319wusbtpmj6ysddwn","85nsihg7i4vwig5xk4apauurc","83avks0gii65yn86ol2ykg9jn","77pmx827axqp70xpq5n2fs2iw","akt84ne10f21gvu1zo4a0tnky","crfi8mkht317b5t194gdx4f5y","e0byem1czlsmxycm97vuwkurs","1qc0kbf266t9we5xpxwyzrja6","2mu20s4gvb4upajd4k9v0p4lv"]} @ https://runtime-assets.adalo.com/static/js/main.79e9a9ca.js:1
[   78065ms] [WARNING] SKIPPING ERRONEOUS DEPENDENCY Error: Selector failed: {"type":"CURRENT_USER_SELECTOR"}
    at G (https://runtime-assets.adalo.com/static/js/main.79e9a9ca.js:2:468532)
    at t.getDependencies (https://runtime-assets.adalo.com/static/js/main.79e9a9ca.js:2:467260)
    at w.isManuallyPaginated (https://runtime-assets.adalo.com/static/js/main.79e9a9ca.js:2:348848)
    at w.renderPaginationControls (https://runtime-assets.adalo.com/static/js/main.79e9a9ca.js:2:370838)
    at w.render (https://runtime-assets.adalo.com/static/js/main.79e9a9ca.js:2:372453)
    at Ds (https://runtime-assets.adalo.com/static/js/main.79e9a9ca.js:2:4414574)
    at Ls (https://runtime-assets.adalo.com/static/js/main.79e9a9ca.js:2:4414370)
    at Ml (https://runtime-assets.adalo.com/static/js/main.79e9a9ca.js:2:4457902)
    at bu (https://runtime-assets.adalo.com/static/js/main.79e9a9ca.js:2:4446043)
    at vu (https://runtime-assets.adalo.com/static/js/main.79e9a9ca.js:2:4445971)
    at yu (https://runtime-assets.adalo.com/static/js/main.79e9a9ca.js:2:4445834)
    at uu (https://runtime-assets.adalo.com/static/js/main.79e9a9ca.js:2:4442950)
    at Wo (https://runtime-assets.adalo.com/static/js/main.79e9a9ca.js:2:4383545)
    at https://runtime-assets.adalo.com/static/js/main.79e9a9ca.js:2:4440547 {"id":"dx862l5uvza6ics9aj30xud64","type":"binding","label":"name","source":{"type":"field","source":{"type":"data","source":null,"tableId":"t_80c852bba70544a6a98079124dfc8e10","dataType":"object","selector":{"type":"CURRENT_USER_SELECTOR"},"datasourceId":"4dba133b22784a13b18b1a791cfdd211"},"fieldId":"name","dataType":"text"},"bindingType":"libraryProp","childBindings":[],"siblingBindings":["82jnplk3ef502gh5ra15iven5","alb6jx052np69houarjepkzxt","d4ccnilspvhusn5vln7fnumoq","e1u2k5uadbzmnwqydjuj41a8s","el4yprrbnqt3re35jo8dnbq8u","a523cf05i53tfa1bas0wgcebu","22a4gatllq388sgqrwk9hg2t6","a9kncdenpdwn86cruysxqr9b8","6mz0b5cugikqk54s5zozthbzy","br9652mqlrwn0h0cretf6p9zx","28us5z1bh4mkf4afr7o4k7rx7","18hbzwi2guish96ccpaonxxk4","1ggvf2r6q7go47x48nu91ucjq","42ksl48yfdoh4nqvc6timfr64","54a7sb35ft40ry0jfk4h0eyko","7h1o8zkry3k0wp4pv0b9wzr15","0ymorhi8eb1nrs3elbg40pr1z","7nbe807feozxlvbrxv7oj75u5","70hnqwp00hw0kge0jgrzr4qf7","9u8oqksftkn3agm4ipoxrsbjx","9ug8uo6o17gleq6ylnj6qavgv","cbmpybstng5h4paecr60bbabe","cgauy5zngx8hftafb99hggnr6","9bh37hevrfmh9j65ey3t5d3jo","0c5zgo2nqaryc6h436fzq1917","9p2sxifrpgjp9fcdjbogo7dpj","5byx6g0lyx65555o4o1mw38zy","0sy2fxg7c83fjpl4lvo6tfrca","7jvkthazbah1b1wn1dcq3mnyb","3x7z0ehqdtk40uxmkcuily2uh","bcd0wc7fh65tlses260mvipw8","8e2q1qbluecvdigvy8zv8paa3","4xchnrnt0ghb5js0a9hcrq4w4","7razvctmyk23l0rd9yiv57sb7","1ngsxv2y81cymdir3xvr6shvl","bak8qlbpq9rlper30e6e2kmbg","czpqup69r43tp8s7bbwzsdnh8","2yexwfwi4p5bmiwdnt7ihq5yl","bl7mk740xtdpww5ry0zu85njs","6hxt8v85e3b3e7ieyj1lyzzwz","e2nh4d93yibu4dlslg6bgmc4a","dtve1dk2jd447mh82v6otn2lz","33a6dundlksh174piduuamiho","18ga0zwqxp8u5efdlsdv82r8d","bwqw1eamimneq8zb7g2an5mid","e7yn04cnn5a3r9ni1gmanib8f","8rarref319wusbtpmj6ysddwn","85nsihg7i4vwig5xk4apauurc","83avks0gii65yn86ol2ykg9jn","77pmx827axqp70xpq5n2fs2iw","akt84ne10f21gvu1zo4a0tnky","crfi8mkht317b5t194gdx4f5y","e0byem1czlsmxycm97vuwkurs","1qc0kbf266t9we5xpxwyzrja6","2mu20s4gvb4upajd4k9v0p4lv"]} @ https://runtime-assets.adalo.com/static/js/main.79e9a9ca.js:1
[   78066ms] [WARNING] SKIPPING ERRONEOUS DEPENDENCY Error: Selector failed: {"type":"CURRENT_USER_SELECTOR"}
    at G (https://runtime-assets.adalo.com/static/js/main.79e9a9ca.js:2:468532)
    at t.getDependencies (https://runtime-assets.adalo.com/static/js/main.79e9a9ca.js:2:467260)
    at w.isManuallyPaginated (https://runtime-assets.adalo.com/static/js/main.79e9a9ca.js:2:348848)
    at w.getTableDataRowsForPage (https://runtime-assets.adalo.com/static/js/main.79e9a9ca.js:2:369833)
    at w.renderPaginationControls (https://runtime-assets.adalo.com/static/js/main.79e9a9ca.js:2:370943)
    at w.render (https://runtime-assets.adalo.com/static/js/main.79e9a9ca.js:2:372453)
    at Ds (https://runtime-assets.adalo.com/static/js/main.79e9a9ca.js:2:4414574)
    at Ls (https://runtime-assets.adalo.com/static/js/main.79e9a9ca.js:2:4414370)
    at Ml (https://runtime-assets.adalo.com/static/js/main.79e9a9ca.js:2:4457902)
    at bu (https://runtime-assets.adalo.com/static/js/main.79e9a9ca.js:2:4446043)
    at vu (https://runtime-assets.adalo.com/static/js/main.79e9a9ca.js:2:4445971)
    at yu (https://runtime-assets.adalo.com/static/js/main.79e9a9ca.js:2:4445834)
    at uu (https://runtime-assets.adalo.com/static/js/main.79e9a9ca.js:2:4442950)
    at Wo (https://runtime-assets.adalo.com/static/js/main.79e9a9ca.js:2:4383545)
    at https://runtime-assets.adalo.com/static/js/main.79e9a9ca.js:2:4440547 {"id":"cbmpybstng5h4paecr60bbabe","type":"binding","label":"name","source":{"type":"field","source":{"type":"data","source":null,"tableId":"t_80c852bba70544a6a98079124dfc8e10","dataType":"object","selector":{"type":"CURRENT_USER_SELECTOR"},"datasourceId":"4dba133b22784a13b18b1a791cfdd211"},"fieldId":"name","dataType":"text"},"bindingType":"libraryProp","childBindings":[],"siblingBindings":["82jnplk3ef502gh5ra15iven5","alb6jx052np69houarjepkzxt","d4ccnilspvhusn5vln7fnumoq","e1u2k5uadbzmnwqydjuj41a8s","el4yprrbnqt3re35jo8dnbq8u","a523cf05i53tfa1bas0wgcebu","22a4gatllq388sgqrwk9hg2t6","a9kncdenpdwn86cruysxqr9b8","6mz0b5cugikqk54s5zozthbzy","br9652mqlrwn0h0cretf6p9zx","28us5z1bh4mkf4afr7o4k7rx7","18hbzwi2guish96ccpaonxxk4","1ggvf2r6q7go47x48nu91ucjq","42ksl48yfdoh4nqvc6timfr64","54a7sb35ft40ry0jfk4h0eyko","7h1o8zkry3k0wp4pv0b9wzr15","0ymorhi8eb1nrs3elbg40pr1z","7nbe807feozxlvbrxv7oj75u5","70hnqwp00hw0kge0jgrzr4qf7","9u8oqksftkn3agm4ipoxrsbjx","9ug8uo6o17gleq6ylnj6qavgv","dx862l5uvza6ics9aj30xud64","cgauy5zngx8hftafb99hggnr6","9bh37hevrfmh9j65ey3t5d3jo","0c5zgo2nqaryc6h436fzq1917","9p2sxifrpgjp9fcdjbogo7dpj","5byx6g0lyx65555o4o1mw38zy","0sy2fxg7c83fjpl4lvo6tfrca","7jvkthazbah1b1wn1dcq3mnyb","3x7z0ehqdtk40uxmkcuily2uh","bcd0wc7fh65tlses260mvipw8","8e2q1qbluecvdigvy8zv8paa3","4xchnrnt0ghb5js0a9hcrq4w4","7razvctmyk23l0rd9yiv57sb7","1ngsxv2y81cymdir3xvr6shvl","bak8qlbpq9rlper30e6e2kmbg","czpqup69r43tp8s7bbwzsdnh8","2yexwfwi4p5bmiwdnt7ihq5yl","bl7mk740xtdpww5ry0zu85njs","6hxt8v85e3b3e7ieyj1lyzzwz","e2nh4d93yibu4dlslg6bgmc4a","dtve1dk2jd447mh82v6otn2lz","33a6dundlksh174piduuamiho","18ga0zwqxp8u5efdlsdv82r8d","bwqw1eamimneq8zb7g2an5mid","e7yn04cnn5a3r9ni1gmanib8f","8rarref319wusbtpmj6ysddwn","85nsihg7i4vwig5xk4apauurc","83avks0gii65yn86ol2ykg9jn","77pmx827axqp70xpq5n2fs2iw","akt84ne10f21gvu1zo4a0tnky","crfi8mkht317b5t194gdx4f5y","e0byem1czlsmxycm97vuwkurs","1qc0kbf266t9we5xpxwyzrja6","2mu20s4gvb4upajd4k9v0p4lv"]} @ https://runtime-assets.adalo.com/static/js/main.79e9a9ca.js:1
[   78067ms] [WARNING] SKIPPING ERRONEOUS DEPENDENCY Error: Selector failed: {"type":"CURRENT_USER_SELECTOR"}
    at G (https://runtime-assets.adalo.com/static/js/main.79e9a9ca.js:2:468532)
    at t.getDependencies (https://runtime-assets.adalo.com/static/js/main.79e9a9ca.js:2:467260)
    at w.isManuallyPaginated (https://runtime-assets.adalo.com/static/js/main.79e9a9ca.js:2:348848)
    at w.getTableDataRowsForPage (https://runtime-assets.adalo.com/static/js/main.79e9a9ca.js:2:369833)
    at w.renderPaginationControls (https://runtime-assets.adalo.com/static/js/main.79e9a9ca.js:2:370943)
    at w.render (https://runtime-assets.adalo.com/static/js/main.79e9a9ca.js:2:372453)
    at Ds (https://runtime-assets.adalo.com/static/js/main.79e9a9ca.js:2:4414574)
    at Ls (https://runtime-assets.adalo.com/static/js/main.79e9a9ca.js:2:4414370)
    at Ml (https://runtime-assets.adalo.com/static/js/main.79e9a9ca.js:2:4457902)
    at bu (https://runtime-assets.adalo.com/static/js/main.79e9a9ca.js:2:4446043)
    at vu (https://runtime-assets.adalo.com/static/js/main.79e9a9ca.js:2:4445971)
    at yu (https://runtime-assets.adalo.com/static/js/main.79e9a9ca.js:2:4445834)
    at uu (https://runtime-assets.adalo.com/static/js/main.79e9a9ca.js:2:4442950)
    at Wo (https://runtime-assets.adalo.com/static/js/main.79e9a9ca.js:2:4383545)
    at https://runtime-assets.adalo.com/static/js/main.79e9a9ca.js:2:4440547 {"id":"dx862l5uvza6ics9aj30xud64","type":"binding","label":"name","source":{"type":"field","source":{"type":"data","source":null,"tableId":"t_80c852bba70544a6a98079124dfc8e10","dataType":"object","selector":{"type":"CURRENT_USER_SELECTOR"},"datasourceId":"4dba133b22784a13b18b1a791cfdd211"},"fieldId":"name","dataType":"text"},"bindingType":"libraryProp","childBindings":[],"siblingBindings":["82jnplk3ef502gh5ra15iven5","alb6jx052np69houarjepkzxt","d4ccnilspvhusn5vln7fnumoq","e1u2k5uadbzmnwqydjuj41a8s","el4yprrbnqt3re35jo8dnbq8u","a523cf05i53tfa1bas0wgcebu","22a4gatllq388sgqrwk9hg2t6","a9kncdenpdwn86cruysxqr9b8","6mz0b5cugikqk54s5zozthbzy","br9652mqlrwn0h0cretf6p9zx","28us5z1bh4mkf4afr7o4k7rx7","18hbzwi2guish96ccpaonxxk4","1ggvf2r6q7go47x48nu91ucjq","42ksl48yfdoh4nqvc6timfr64","54a7sb35ft40ry0jfk4h0eyko","7h1o8zkry3k0wp4pv0b9wzr15","0ymorhi8eb1nrs3elbg40pr1z","7nbe807feozxlvbrxv7oj75u5","70hnqwp00hw0kge0jgrzr4qf7","9u8oqksftkn3agm4ipoxrsbjx","9ug8uo6o17gleq6ylnj6qavgv","cbmpybstng5h4paecr60bbabe","cgauy5zngx8hftafb99hggnr6","9bh37hevrfmh9j65ey3t5d3jo","0c5zgo2nqaryc6h436fzq1917","9p2sxifrpgjp9fcdjbogo7dpj","5byx6g0lyx65555o4o1mw38zy","0sy2fxg7c83fjpl4lvo6tfrca","7jvkthazbah1b1wn1dcq3mnyb","3x7z0ehqdtk40uxmkcuily2uh","bcd0wc7fh65tlses260mvipw8","8e2q1qbluecvdigvy8zv8paa3","4xchnrnt0ghb5js0a9hcrq4w4","7razvctmyk23l0rd9yiv57sb7","1ngsxv2y81cymdir3xvr6shvl","bak8qlbpq9rlper30e6e2kmbg","czpqup69r43tp8s7bbwzsdnh8","2yexwfwi4p5bmiwdnt7ihq5yl","bl7mk740xtdpww5ry0zu85njs","6hxt8v85e3b3e7ieyj1lyzzwz","e2nh4d93yibu4dlslg6bgmc4a","dtve1dk2jd447mh82v6otn2lz","33a6dundlksh174piduuamiho","18ga0zwqxp8u5efdlsdv82r8d","bwqw1eamimneq8zb7g2an5mid","e7yn04cnn5a3r9ni1gmanib8f","8rarref319wusbtpmj6ysddwn","85nsihg7i4vwig5xk4apauurc","83avks0gii65yn86ol2ykg9jn","77pmx827axqp70xpq5n2fs2iw","akt84ne10f21gvu1zo4a0tnky","crfi8mkht317b5t194gdx4f5y","e0byem1czlsmxycm97vuwkurs","1qc0kbf266t9we5xpxwyzrja6","2mu20s4gvb4upajd4k9v0p4lv"]} @ https://runtime-assets.adalo.com/static/js/main.79e9a9ca.js:1
